arch,model,model_tag,window,temp,pair,generation,hamming
causal,EleutherAI/pythia-160m,pythia-160m,,1.0,0,0,1.0
causal,EleutherAI/pythia-160m,pythia-160m,,1.0,0,1,13.0
causal,EleutherAI/pythia-160m,pythia-160m,,1.0,0,2,18.0
causal,EleutherAI/pythia-160m,pythia-160m,,1.0,0,3,27.0
causal,EleutherAI/pythia-160m,pythia-160m,,1.0,0,4,25.0
causal,EleutherAI/pythia-160m,pythia-160m,,1.0,0,5,28.0
causal,EleutherAI/pythia-160m,pythia-160m,,1.0,0,6,27.0
causal,EleutherAI/pythia-160m,pythia-160m,,1.0,0,7,23.0
causal,EleutherAI/pythia-160m,pythia-160m,,1.0,0,8,22.0
causal,EleutherAI/pythia-160m,pythia-160m,,1.0,0,9,21.0
causal,EleutherAI/pythia-160m,pythia-160m,,1.0,0,10,22.0
causal,EleutherAI/pythia-160m,pythia-160m,,1.0,0,11,18.0
causal,EleutherAI/pythia-160m,pythia-160m,,1.0,0,12,15.0
causal,EleutherAI/pythia-160m,pythia-160m,,1.0,0,13,14.0
causal,EleutherAI/pythia-160m,pythia-160m,,1.0,0,14,14.0
causal,EleutherAI/pythia-160m,pythia-160m,,1.0,0,15,15.0
causal,EleutherAI/pythia-160m,pythia-160m,,1.0,0,16,14.0
causal,EleutherAI/pythia-160m,pythia-160m,,1.0,0,17,14.0
causal,EleutherAI/pythia-160m,pythia-160m,,1.0,0,18,8.0
causal,EleutherAI/pythia-160m,pythia-160m,,1.0,0,19,13.0
causal,EleutherAI/pythia-160m,pythia-160m,,1.0,0,20,10.0
causal,EleutherAI/pythia-160m,pythia-160m,,1.0,0,21,10.0
causal,EleutherAI/pythia-160m,pythia-160m,,1.0,0,22,9.0
causal,EleutherAI/pythia-160m,pythia-160m,,1.0,0,23,10.0
causal,EleutherAI/pythia-160m,pythia-160m,,1.0,0,24,7.0
causal,EleutherAI/pythia-160m,pythia-160m,,1.0,0,25,5.0
causal,EleutherAI/pythia-160m,pythia-160m,,1.0,0,26,5.0
causal,EleutherAI/pythia-160m,pythia-160m,,1.0,0,27,4.0
causal,EleutherAI/pythia-160m,pythia-160m,,1.0,0,28,3.0
causal,EleutherAI/pythia-160m,pythia-160m,,1.0,0,29,1.0
causal,EleutherAI/pythia-160m,pythia-160m,,1.0,0,30,0.0
causal,EleutherAI/pythia-160m,pythia-160m,,1.0,0,31,0.0
causal,EleutherAI/pythia-160m,pythia-160m,,1.0,0,32,0.0
causal,EleutherAI/pythia-160m,pythia-160m,,1.0,0,33,0.0
causal,EleutherAI/pythia-160m,pythia-160m,,1.0,0,34,0.0
causal,EleutherAI/pythia-160m,pythia-160m,,1.0,0,35,0.0
causal,EleutherAI/pythia-160m,pythia-160m,,1.0,0,36,0.0
causal,EleutherAI/pythia-160m,pythia-160m,,1.0,0,37,0.0
causal,EleutherAI/pythia-160m,pythia-160m,,1.0,0,38,0.0
causal,EleutherAI/pythia-160m,pythia-160m,,1.0,0,39,0.0
causal,EleutherAI/pythia-160m,pythia-160m,,1.0,0,40,0.0
causal,EleutherAI/pythia-160m,pythia-160m,,1.0,0,41,0.0
causal,EleutherAI/pythia-160m,pythia-160m,,1.0,0,42,0.0
causal,EleutherAI/pythia-160m,pythia-160m,,1.0,0,43,0.0
causal,EleutherAI/pythia-160m,pythia-160m,,1.0,0,44,0.0
causal,EleutherAI/pythia-160m,pythia-160m,,1.0,0,45,0.0
causal,EleutherAI/pythia-160m,pythia-160m,,1.0,0,46,0.0
causal,EleutherAI/pythia-160m,pythia-160m,,1.0,0,47,0.0
causal,EleutherAI/pythia-160m,pythia-160m,,1.0,0,48,0.0
causal,EleutherAI/pythia-160m,pythia-160m,,1.0,0,49,0.0
causal,EleutherAI/pythia-160m,pythia-160m,,1.0,0,50,0.0
causal,EleutherAI/pythia-160m,pythia-160m,,1.0,0,51,0.0
causal,EleutherAI/pythia-160m,pythia-160m,,1.0,0,52,0.0
causal,EleutherAI/pythia-160m,pythia-160m,,1.0,0,53,0.0
causal,EleutherAI/pythia-160m,pythia-160m,,1.0,0,54,0.0
causal,EleutherAI/pythia-160m,pythia-160m,,1.0,0,55,0.0
causal,EleutherAI/pythia-160m,pythia-160m,,1.0,0,56,0.0
causal,EleutherAI/pythia-160m,pythia-160m,,1.0,0,57,0.0
causal,EleutherAI/pythia-160m,pythia-160m,,1.0,0,58,0.0
causal,EleutherAI/pythia-160m,pythia-160m,,1.0,0,59,0.0
causal,EleutherAI/pythia-160m,pythia-160m,,1.0,0,60,0.0
causal,EleutherAI/pythia-160m,pythia-160m,,1.0,0,61,0.0
causal,EleutherAI/pythia-160m,pythia-160m,,1.0,0,62,0.0
causal,EleutherAI/pythia-160m,pythia-160m,,1.0,0,63,0.0
causal,EleutherAI/pythia-160m,pythia-160m,,1.0,0,64,0.0
causal,EleutherAI/pythia-160m,pythia-160m,,1.0,0,65,0.0
causal,EleutherAI/pythia-160m,pythia-160m,,1.0,0,66,0.0
causal,EleutherAI/pythia-160m,pythia-160m,,1.0,0,67,0.0
causal,EleutherAI/pythia-160m,pythia-160m,,1.0,0,68,0.0
causal,EleutherAI/pythia-160m,pythia-160m,,1.0,0,69,0.0
causal,EleutherAI/pythia-160m,pythia-160m,,1.0,0,70,0.0
causal,EleutherAI/pythia-160m,pythia-160m,,1.0,0,71,0.0
causal,EleutherAI/pythia-160m,pythia-160m,,1.0,0,72,0.0
causal,EleutherAI/pythia-160m,pythia-160m,,1.0,0,73,0.0
causal,EleutherAI/pythia-160m,pythia-160m,,1.0,0,74,0.0
causal,EleutherAI/pythia-160m,pythia-160m,,1.0,0,75,0.0
causal,EleutherAI/pythia-160m,pythia-160m,,1.0,0,76,0.0
causal,EleutherAI/pythia-160m,pythia-160m,,1.0,0,77,0.0
causal,EleutherAI/pythia-160m,pythia-160m,,1.0,0,78,0.0
causal,EleutherAI/pythia-160m,pythia-160m,,1.0,0,79,0.0
causal,EleutherAI/pythia-160m,pythia-160m,,1.0,0,80,0.0
causal,EleutherAI/pythia-160m,pythia-160m,,1.0,1,0,1.0
causal,EleutherAI/pythia-160m,pythia-160m,,1.0,1,1,3.0
causal,EleutherAI/pythia-160m,pythia-160m,,1.0,1,2,7.0
causal,EleutherAI/pythia-160m,pythia-160m,,1.0,1,3,11.0
causal,EleutherAI/pythia-160m,pythia-160m,,1.0,1,4,9.0
causal,EleutherAI/pythia-160m,pythia-160m,,1.0,1,5,12.0
causal,EleutherAI/pythia-160m,pythia-160m,,1.0,1,6,13.0
causal,EleutherAI/pythia-160m,pythia-160m,,1.0,1,7,14.0
causal,EleutherAI/pythia-160m,pythia-160m,,1.0,1,8,14.0
causal,EleutherAI/pythia-160m,pythia-160m,,1.0,1,9,15.0
causal,EleutherAI/pythia-160m,pythia-160m,,1.0,1,10,11.0
causal,EleutherAI/pythia-160m,pythia-160m,,1.0,1,11,11.0
causal,EleutherAI/pythia-160m,pythia-160m,,1.0,1,12,13.0
causal,EleutherAI/pythia-160m,pythia-160m,,1.0,1,13,12.0
causal,EleutherAI/pythia-160m,pythia-160m,,1.0,1,14,7.0
causal,EleutherAI/pythia-160m,pythia-160m,,1.0,1,15,8.0
causal,EleutherAI/pythia-160m,pythia-160m,,1.0,1,16,7.0
causal,EleutherAI/pythia-160m,pythia-160m,,1.0,1,17,5.0
causal,EleutherAI/pythia-160m,pythia-160m,,1.0,1,18,5.0
causal,EleutherAI/pythia-160m,pythia-160m,,1.0,1,19,3.0
causal,EleutherAI/pythia-160m,pythia-160m,,1.0,1,20,2.0
causal,EleutherAI/pythia-160m,pythia-160m,,1.0,1,21,1.0
causal,EleutherAI/pythia-160m,pythia-160m,,1.0,1,22,2.0
causal,EleutherAI/pythia-160m,pythia-160m,,1.0,1,23,1.0
causal,EleutherAI/pythia-160m,pythia-160m,,1.0,1,24,0.0
causal,EleutherAI/pythia-160m,pythia-160m,,1.0,1,25,0.0
causal,EleutherAI/pythia-160m,pythia-160m,,1.0,1,26,0.0
causal,EleutherAI/pythia-160m,pythia-160m,,1.0,1,27,0.0
causal,EleutherAI/pythia-160m,pythia-160m,,1.0,1,28,0.0
causal,EleutherAI/pythia-160m,pythia-160m,,1.0,1,29,0.0
causal,EleutherAI/pythia-160m,pythia-160m,,1.0,1,30,0.0
causal,EleutherAI/pythia-160m,pythia-160m,,1.0,1,31,0.0
causal,EleutherAI/pythia-160m,pythia-160m,,1.0,1,32,0.0
causal,EleutherAI/pythia-160m,pythia-160m,,1.0,1,33,0.0
causal,EleutherAI/pythia-160m,pythia-160m,,1.0,1,34,0.0
causal,EleutherAI/pythia-160m,pythia-160m,,1.0,1,35,0.0
causal,EleutherAI/pythia-160m,pythia-160m,,1.0,1,36,0.0
causal,EleutherAI/pythia-160m,pythia-160m,,1.0,1,37,0.0
causal,EleutherAI/pythia-160m,pythia-160m,,1.0,1,38,0.0
causal,EleutherAI/pythia-160m,pythia-160m,,1.0,1,39,0.0
causal,EleutherAI/pythia-160m,pythia-160m,,1.0,1,40,0.0
causal,EleutherAI/pythia-160m,pythia-160m,,1.0,1,41,0.0
causal,EleutherAI/pythia-160m,pythia-160m,,1.0,1,42,0.0
causal,EleutherAI/pythia-160m,pythia-160m,,1.0,1,43,0.0
causal,EleutherAI/pythia-160m,pythia-160m,,1.0,1,44,0.0
causal,EleutherAI/pythia-160m,pythia-160m,,1.0,1,45,0.0
causal,EleutherAI/pythia-160m,pythia-160m,,1.0,1,46,0.0
causal,EleutherAI/pythia-160m,pythia-160m,,1.0,1,47,0.0
causal,EleutherAI/pythia-160m,pythia-160m,,1.0,1,48,0.0
causal,EleutherAI/pythia-160m,pythia-160m,,1.0,1,49,0.0
causal,EleutherAI/pythia-160m,pythia-160m,,1.0,1,50,0.0
causal,EleutherAI/pythia-160m,pythia-160m,,1.0,1,51,0.0
causal,EleutherAI/pythia-160m,pythia-160m,,1.0,1,52,0.0
causal,EleutherAI/pythia-160m,pythia-160m,,1.0,1,53,0.0
causal,EleutherAI/pythia-160m,pythia-160m,,1.0,1,54,0.0
causal,EleutherAI/pythia-160m,pythia-160m,,1.0,1,55,0.0
causal,EleutherAI/pythia-160m,pythia-160m,,1.0,1,56,0.0
causal,EleutherAI/pythia-160m,pythia-160m,,1.0,1,57,0.0
causal,EleutherAI/pythia-160m,pythia-160m,,1.0,1,58,0.0
causal,EleutherAI/pythia-160m,pythia-160m,,1.0,1,59,0.0
causal,EleutherAI/pythia-160m,pythia-160m,,1.0,1,60,0.0
causal,EleutherAI/pythia-160m,pythia-160m,,1.0,1,61,0.0
causal,EleutherAI/pythia-160m,pythia-160m,,1.0,1,62,0.0
causal,EleutherAI/pythia-160m,pythia-160m,,1.0,1,63,0.0
causal,EleutherAI/pythia-160m,pythia-160m,,1.0,1,64,0.0
causal,EleutherAI/pythia-160m,pythia-160m,,1.0,1,65,0.0
causal,EleutherAI/pythia-160m,pythia-160m,,1.0,1,66,0.0
causal,EleutherAI/pythia-160m,pythia-160m,,1.0,1,67,0.0
causal,EleutherAI/pythia-160m,pythia-160m,,1.0,1,68,0.0
causal,EleutherAI/pythia-160m,pythia-160m,,1.0,1,69,0.0
causal,EleutherAI/pythia-160m,pythia-160m,,1.0,1,70,0.0
causal,EleutherAI/pythia-160m,pythia-160m,,1.0,1,71,0.0
causal,EleutherAI/pythia-160m,pythia-160m,,1.0,1,72,0.0
causal,EleutherAI/pythia-160m,pythia-160m,,1.0,1,73,0.0
causal,EleutherAI/pythia-160m,pythia-160m,,1.0,1,74,0.0
causal,EleutherAI/pythia-160m,pythia-160m,,1.0,1,75,0.0
causal,EleutherAI/pythia-160m,pythia-160m,,1.0,1,76,0.0
causal,EleutherAI/pythia-160m,pythia-160m,,1.0,1,77,0.0
causal,EleutherAI/pythia-160m,pythia-160m,,1.0,1,78,0.0
causal,EleutherAI/pythia-160m,pythia-160m,,1.0,1,79,0.0
causal,EleutherAI/pythia-160m,pythia-160m,,1.0,1,80,0.0
causal,EleutherAI/pythia-160m,pythia-160m,,1.0,2,0,1.0
causal,EleutherAI/pythia-160m,pythia-160m,,1.0,2,1,9.0
causal,EleutherAI/pythia-160m,pythia-160m,,1.0,2,2,11.0
causal,EleutherAI/pythia-160m,pythia-160m,,1.0,2,3,15.0
causal,EleutherAI/pythia-160m,pythia-160m,,1.0,2,4,21.0
causal,EleutherAI/pythia-160m,pythia-160m,,1.0,2,5,19.0
causal,EleutherAI/pythia-160m,pythia-160m,,1.0,2,6,18.0
causal,EleutherAI/pythia-160m,pythia-160m,,1.0,2,7,14.0
causal,EleutherAI/pythia-160m,pythia-160m,,1.0,2,8,16.0
causal,EleutherAI/pythia-160m,pythia-160m,,1.0,2,9,12.0
causal,EleutherAI/pythia-160m,pythia-160m,,1.0,2,10,8.0
causal,EleutherAI/pythia-160m,pythia-160m,,1.0,2,11,5.0
causal,EleutherAI/pythia-160m,pythia-160m,,1.0,2,12,9.0
causal,EleutherAI/pythia-160m,pythia-160m,,1.0,2,13,7.0
causal,EleutherAI/pythia-160m,pythia-160m,,1.0,2,14,7.0
causal,EleutherAI/pythia-160m,pythia-160m,,1.0,2,15,3.0
causal,EleutherAI/pythia-160m,pythia-160m,,1.0,2,16,4.0
causal,EleutherAI/pythia-160m,pythia-160m,,1.0,2,17,2.0
causal,EleutherAI/pythia-160m,pythia-160m,,1.0,2,18,1.0
causal,EleutherAI/pythia-160m,pythia-160m,,1.0,2,19,0.0
causal,EleutherAI/pythia-160m,pythia-160m,,1.0,2,20,0.0
causal,EleutherAI/pythia-160m,pythia-160m,,1.0,2,21,0.0
causal,EleutherAI/pythia-160m,pythia-160m,,1.0,2,22,0.0
causal,EleutherAI/pythia-160m,pythia-160m,,1.0,2,23,0.0
causal,EleutherAI/pythia-160m,pythia-160m,,1.0,2,24,0.0
causal,EleutherAI/pythia-160m,pythia-160m,,1.0,2,25,0.0
causal,EleutherAI/pythia-160m,pythia-160m,,1.0,2,26,0.0
causal,EleutherAI/pythia-160m,pythia-160m,,1.0,2,27,0.0
causal,EleutherAI/pythia-160m,pythia-160m,,1.0,2,28,0.0
causal,EleutherAI/pythia-160m,pythia-160m,,1.0,2,29,0.0
causal,EleutherAI/pythia-160m,pythia-160m,,1.0,2,30,0.0
causal,EleutherAI/pythia-160m,pythia-160m,,1.0,2,31,0.0
causal,EleutherAI/pythia-160m,pythia-160m,,1.0,2,32,0.0
causal,EleutherAI/pythia-160m,pythia-160m,,1.0,2,33,0.0
causal,EleutherAI/pythia-160m,pythia-160m,,1.0,2,34,0.0
causal,EleutherAI/pythia-160m,pythia-160m,,1.0,2,35,0.0
causal,EleutherAI/pythia-160m,pythia-160m,,1.0,2,36,0.0
causal,EleutherAI/pythia-160m,pythia-160m,,1.0,2,37,0.0
causal,EleutherAI/pythia-160m,pythia-160m,,1.0,2,38,0.0
causal,EleutherAI/pythia-160m,pythia-160m,,1.0,2,39,0.0
causal,EleutherAI/pythia-160m,pythia-160m,,1.0,2,40,0.0
causal,EleutherAI/pythia-160m,pythia-160m,,1.0,2,41,0.0
causal,EleutherAI/pythia-160m,pythia-160m,,1.0,2,42,0.0
causal,EleutherAI/pythia-160m,pythia-160m,,1.0,2,43,0.0
causal,EleutherAI/pythia-160m,pythia-160m,,1.0,2,44,0.0
causal,EleutherAI/pythia-160m,pythia-160m,,1.0,2,45,0.0
causal,EleutherAI/pythia-160m,pythia-160m,,1.0,2,46,0.0
causal,EleutherAI/pythia-160m,pythia-160m,,1.0,2,47,0.0
causal,EleutherAI/pythia-160m,pythia-160m,,1.0,2,48,0.0
causal,EleutherAI/pythia-160m,pythia-160m,,1.0,2,49,0.0
causal,EleutherAI/pythia-160m,pythia-160m,,1.0,2,50,0.0
causal,EleutherAI/pythia-160m,pythia-160m,,1.0,2,51,0.0
causal,EleutherAI/pythia-160m,pythia-160m,,1.0,2,52,0.0
causal,EleutherAI/pythia-160m,pythia-160m,,1.0,2,53,0.0
causal,EleutherAI/pythia-160m,pythia-160m,,1.0,2,54,0.0
causal,EleutherAI/pythia-160m,pythia-160m,,1.0,2,55,0.0
causal,EleutherAI/pythia-160m,pythia-160m,,1.0,2,56,0.0
causal,EleutherAI/pythia-160m,pythia-160m,,1.0,2,57,0.0
causal,EleutherAI/pythia-160m,pythia-160m,,1.0,2,58,0.0
causal,EleutherAI/pythia-160m,pythia-160m,,1.0,2,59,0.0
causal,EleutherAI/pythia-160m,pythia-160m,,1.0,2,60,0.0
causal,EleutherAI/pythia-160m,pythia-160m,,1.0,2,61,0.0
causal,EleutherAI/pythia-160m,pythia-160m,,1.0,2,62,0.0
causal,EleutherAI/pythia-160m,pythia-160m,,1.0,2,63,0.0
causal,EleutherAI/pythia-160m,pythia-160m,,1.0,2,64,0.0
causal,EleutherAI/pythia-160m,pythia-160m,,1.0,2,65,0.0
causal,EleutherAI/pythia-160m,pythia-160m,,1.0,2,66,0.0
causal,EleutherAI/pythia-160m,pythia-160m,,1.0,2,67,0.0
causal,EleutherAI/pythia-160m,pythia-160m,,1.0,2,68,0.0
causal,EleutherAI/pythia-160m,pythia-160m,,1.0,2,69,0.0
causal,EleutherAI/pythia-160m,pythia-160m,,1.0,2,70,0.0
causal,EleutherAI/pythia-160m,pythia-160m,,1.0,2,71,0.0
causal,EleutherAI/pythia-160m,pythia-160m,,1.0,2,72,0.0
causal,EleutherAI/pythia-160m,pythia-160m,,1.0,2,73,0.0
causal,EleutherAI/pythia-160m,pythia-160m,,1.0,2,74,0.0
causal,EleutherAI/pythia-160m,pythia-160m,,1.0,2,75,0.0
causal,EleutherAI/pythia-160m,pythia-160m,,1.0,2,76,0.0
causal,EleutherAI/pythia-160m,pythia-160m,,1.0,2,77,0.0
causal,EleutherAI/pythia-160m,pythia-160m,,1.0,2,78,0.0
causal,EleutherAI/pythia-160m,pythia-160m,,1.0,2,79,0.0
causal,EleutherAI/pythia-160m,pythia-160m,,1.0,2,80,0.0
causal,EleutherAI/pythia-160m,pythia-160m,,1.0,3,0,1.0
causal,EleutherAI/pythia-160m,pythia-160m,,1.0,3,1,5.0
causal,EleutherAI/pythia-160m,pythia-160m,,1.0,3,2,9.0
causal,EleutherAI/pythia-160m,pythia-160m,,1.0,3,3,9.0
causal,EleutherAI/pythia-160m,pythia-160m,,1.0,3,4,7.0
causal,EleutherAI/pythia-160m,pythia-160m,,1.0,3,5,9.0
causal,EleutherAI/pythia-160m,pythia-160m,,1.0,3,6,6.0
causal,EleutherAI/pythia-160m,pythia-160m,,1.0,3,7,6.0
causal,EleutherAI/pythia-160m,pythia-160m,,1.0,3,8,6.0
causal,EleutherAI/pythia-160m,pythia-160m,,1.0,3,9,6.0
causal,EleutherAI/pythia-160m,pythia-160m,,1.0,3,10,7.0
causal,EleutherAI/pythia-160m,pythia-160m,,1.0,3,11,7.0
causal,EleutherAI/pythia-160m,pythia-160m,,1.0,3,12,8.0
causal,EleutherAI/pythia-160m,pythia-160m,,1.0,3,13,9.0
causal,EleutherAI/pythia-160m,pythia-160m,,1.0,3,14,5.0
causal,EleutherAI/pythia-160m,pythia-160m,,1.0,3,15,5.0
causal,EleutherAI/pythia-160m,pythia-160m,,1.0,3,16,2.0
causal,EleutherAI/pythia-160m,pythia-160m,,1.0,3,17,1.0
causal,EleutherAI/pythia-160m,pythia-160m,,1.0,3,18,0.0
causal,EleutherAI/pythia-160m,pythia-160m,,1.0,3,19,0.0
causal,EleutherAI/pythia-160m,pythia-160m,,1.0,3,20,0.0
causal,EleutherAI/pythia-160m,pythia-160m,,1.0,3,21,0.0
causal,EleutherAI/pythia-160m,pythia-160m,,1.0,3,22,0.0
causal,EleutherAI/pythia-160m,pythia-160m,,1.0,3,23,0.0
causal,EleutherAI/pythia-160m,pythia-160m,,1.0,3,24,0.0
causal,EleutherAI/pythia-160m,pythia-160m,,1.0,3,25,0.0
causal,EleutherAI/pythia-160m,pythia-160m,,1.0,3,26,0.0
causal,EleutherAI/pythia-160m,pythia-160m,,1.0,3,27,0.0
causal,EleutherAI/pythia-160m,pythia-160m,,1.0,3,28,0.0
causal,EleutherAI/pythia-160m,pythia-160m,,1.0,3,29,0.0
causal,EleutherAI/pythia-160m,pythia-160m,,1.0,3,30,0.0
causal,EleutherAI/pythia-160m,pythia-160m,,1.0,3,31,0.0
causal,EleutherAI/pythia-160m,pythia-160m,,1.0,3,32,0.0
causal,EleutherAI/pythia-160m,pythia-160m,,1.0,3,33,0.0
causal,EleutherAI/pythia-160m,pythia-160m,,1.0,3,34,0.0
causal,EleutherAI/pythia-160m,pythia-160m,,1.0,3,35,0.0
causal,EleutherAI/pythia-160m,pythia-160m,,1.0,3,36,0.0
causal,EleutherAI/pythia-160m,pythia-160m,,1.0,3,37,0.0
causal,EleutherAI/pythia-160m,pythia-160m,,1.0,3,38,0.0
causal,EleutherAI/pythia-160m,pythia-160m,,1.0,3,39,0.0
causal,EleutherAI/pythia-160m,pythia-160m,,1.0,3,40,0.0
causal,EleutherAI/pythia-160m,pythia-160m,,1.0,3,41,0.0
causal,EleutherAI/pythia-160m,pythia-160m,,1.0,3,42,0.0
causal,EleutherAI/pythia-160m,pythia-160m,,1.0,3,43,0.0
causal,EleutherAI/pythia-160m,pythia-160m,,1.0,3,44,0.0
causal,EleutherAI/pythia-160m,pythia-160m,,1.0,3,45,0.0
causal,EleutherAI/pythia-160m,pythia-160m,,1.0,3,46,0.0
causal,EleutherAI/pythia-160m,pythia-160m,,1.0,3,47,0.0
causal,EleutherAI/pythia-160m,pythia-160m,,1.0,3,48,0.0
causal,EleutherAI/pythia-160m,pythia-160m,,1.0,3,49,0.0
causal,EleutherAI/pythia-160m,pythia-160m,,1.0,3,50,0.0
causal,EleutherAI/pythia-160m,pythia-160m,,1.0,3,51,0.0
causal,EleutherAI/pythia-160m,pythia-160m,,1.0,3,52,0.0
causal,EleutherAI/pythia-160m,pythia-160m,,1.0,3,53,0.0
causal,EleutherAI/pythia-160m,pythia-160m,,1.0,3,54,0.0
causal,EleutherAI/pythia-160m,pythia-160m,,1.0,3,55,0.0
causal,EleutherAI/pythia-160m,pythia-160m,,1.0,3,56,0.0
causal,EleutherAI/pythia-160m,pythia-160m,,1.0,3,57,0.0
causal,EleutherAI/pythia-160m,pythia-160m,,1.0,3,58,0.0
causal,EleutherAI/pythia-160m,pythia-160m,,1.0,3,59,0.0
causal,EleutherAI/pythia-160m,pythia-160m,,1.0,3,60,0.0
causal,EleutherAI/pythia-160m,pythia-160m,,1.0,3,61,0.0
causal,EleutherAI/pythia-160m,pythia-160m,,1.0,3,62,0.0
causal,EleutherAI/pythia-160m,pythia-160m,,1.0,3,63,0.0
causal,EleutherAI/pythia-160m,pythia-160m,,1.0,3,64,0.0
causal,EleutherAI/pythia-160m,pythia-160m,,1.0,3,65,0.0
causal,EleutherAI/pythia-160m,pythia-160m,,1.0,3,66,0.0
causal,EleutherAI/pythia-160m,pythia-160m,,1.0,3,67,0.0
causal,EleutherAI/pythia-160m,pythia-160m,,1.0,3,68,0.0
causal,EleutherAI/pythia-160m,pythia-160m,,1.0,3,69,0.0
causal,EleutherAI/pythia-160m,pythia-160m,,1.0,3,70,0.0
causal,EleutherAI/pythia-160m,pythia-160m,,1.0,3,71,0.0
causal,EleutherAI/pythia-160m,pythia-160m,,1.0,3,72,0.0
causal,EleutherAI/pythia-160m,pythia-160m,,1.0,3,73,0.0
causal,EleutherAI/pythia-160m,pythia-160m,,1.0,3,74,0.0
causal,EleutherAI/pythia-160m,pythia-160m,,1.0,3,75,0.0
causal,EleutherAI/pythia-160m,pythia-160m,,1.0,3,76,0.0
causal,EleutherAI/pythia-160m,pythia-160m,,1.0,3,77,0.0
causal,EleutherAI/pythia-160m,pythia-160m,,1.0,3,78,0.0
causal,EleutherAI/pythia-160m,pythia-160m,,1.0,3,79,0.0
causal,EleutherAI/pythia-160m,pythia-160m,,1.0,3,80,0.0
causal,EleutherAI/pythia-160m,pythia-160m,,1.0,4,0,1.0
causal,EleutherAI/pythia-160m,pythia-160m,,1.0,4,1,1.0
causal,EleutherAI/pythia-160m,pythia-160m,,1.0,4,2,0.0
causal,EleutherAI/pythia-160m,pythia-160m,,1.0,4,3,0.0
causal,EleutherAI/pythia-160m,pythia-160m,,1.0,4,4,0.0
causal,EleutherAI/pythia-160m,pythia-160m,,1.0,4,5,0.0
causal,EleutherAI/pythia-160m,pythia-160m,,1.0,4,6,0.0
causal,EleutherAI/pythia-160m,pythia-160m,,1.0,4,7,0.0
causal,EleutherAI/pythia-160m,pythia-160m,,1.0,4,8,0.0
causal,EleutherAI/pythia-160m,pythia-160m,,1.0,4,9,0.0
causal,EleutherAI/pythia-160m,pythia-160m,,1.0,4,10,0.0
causal,EleutherAI/pythia-160m,pythia-160m,,1.0,4,11,0.0
causal,EleutherAI/pythia-160m,pythia-160m,,1.0,4,12,0.0
causal,EleutherAI/pythia-160m,pythia-160m,,1.0,4,13,0.0
causal,EleutherAI/pythia-160m,pythia-160m,,1.0,4,14,0.0
causal,EleutherAI/pythia-160m,pythia-160m,,1.0,4,15,0.0
causal,EleutherAI/pythia-160m,pythia-160m,,1.0,4,16,0.0
causal,EleutherAI/pythia-160m,pythia-160m,,1.0,4,17,0.0
causal,EleutherAI/pythia-160m,pythia-160m,,1.0,4,18,0.0
causal,EleutherAI/pythia-160m,pythia-160m,,1.0,4,19,0.0
causal,EleutherAI/pythia-160m,pythia-160m,,1.0,4,20,0.0
causal,EleutherAI/pythia-160m,pythia-160m,,1.0,4,21,0.0
causal,EleutherAI/pythia-160m,pythia-160m,,1.0,4,22,0.0
causal,EleutherAI/pythia-160m,pythia-160m,,1.0,4,23,0.0
causal,EleutherAI/pythia-160m,pythia-160m,,1.0,4,24,0.0
causal,EleutherAI/pythia-160m,pythia-160m,,1.0,4,25,0.0
causal,EleutherAI/pythia-160m,pythia-160m,,1.0,4,26,0.0
causal,EleutherAI/pythia-160m,pythia-160m,,1.0,4,27,0.0
causal,EleutherAI/pythia-160m,pythia-160m,,1.0,4,28,0.0
causal,EleutherAI/pythia-160m,pythia-160m,,1.0,4,29,0.0
causal,EleutherAI/pythia-160m,pythia-160m,,1.0,4,30,0.0
causal,EleutherAI/pythia-160m,pythia-160m,,1.0,4,31,0.0
causal,EleutherAI/pythia-160m,pythia-160m,,1.0,4,32,0.0
causal,EleutherAI/pythia-160m,pythia-160m,,1.0,4,33,0.0
causal,EleutherAI/pythia-160m,pythia-160m,,1.0,4,34,0.0
causal,EleutherAI/pythia-160m,pythia-160m,,1.0,4,35,0.0
causal,EleutherAI/pythia-160m,pythia-160m,,1.0,4,36,0.0
causal,EleutherAI/pythia-160m,pythia-160m,,1.0,4,37,0.0
causal,EleutherAI/pythia-160m,pythia-160m,,1.0,4,38,0.0
causal,EleutherAI/pythia-160m,pythia-160m,,1.0,4,39,0.0
causal,EleutherAI/pythia-160m,pythia-160m,,1.0,4,40,0.0
causal,EleutherAI/pythia-160m,pythia-160m,,1.0,4,41,0.0
causal,EleutherAI/pythia-160m,pythia-160m,,1.0,4,42,0.0
causal,EleutherAI/pythia-160m,pythia-160m,,1.0,4,43,0.0
causal,EleutherAI/pythia-160m,pythia-160m,,1.0,4,44,0.0
causal,EleutherAI/pythia-160m,pythia-160m,,1.0,4,45,0.0
causal,EleutherAI/pythia-160m,pythia-160m,,1.0,4,46,0.0
causal,EleutherAI/pythia-160m,pythia-160m,,1.0,4,47,0.0
causal,EleutherAI/pythia-160m,pythia-160m,,1.0,4,48,0.0
causal,EleutherAI/pythia-160m,pythia-160m,,1.0,4,49,0.0
causal,EleutherAI/pythia-160m,pythia-160m,,1.0,4,50,0.0
causal,EleutherAI/pythia-160m,pythia-160m,,1.0,4,51,0.0
causal,EleutherAI/pythia-160m,pythia-160m,,1.0,4,52,0.0
causal,EleutherAI/pythia-160m,pythia-160m,,1.0,4,53,0.0
causal,EleutherAI/pythia-160m,pythia-160m,,1.0,4,54,0.0
causal,EleutherAI/pythia-160m,pythia-160m,,1.0,4,55,0.0
causal,EleutherAI/pythia-160m,pythia-160m,,1.0,4,56,0.0
causal,EleutherAI/pythia-160m,pythia-160m,,1.0,4,57,0.0
causal,EleutherAI/pythia-160m,pythia-160m,,1.0,4,58,0.0
causal,EleutherAI/pythia-160m,pythia-160m,,1.0,4,59,0.0
causal,EleutherAI/pythia-160m,pythia-160m,,1.0,4,60,0.0
causal,EleutherAI/pythia-160m,pythia-160m,,1.0,4,61,0.0
causal,EleutherAI/pythia-160m,pythia-160m,,1.0,4,62,0.0
causal,EleutherAI/pythia-160m,pythia-160m,,1.0,4,63,0.0
causal,EleutherAI/pythia-160m,pythia-160m,,1.0,4,64,0.0
causal,EleutherAI/pythia-160m,pythia-160m,,1.0,4,65,0.0
causal,EleutherAI/pythia-160m,pythia-160m,,1.0,4,66,0.0
causal,EleutherAI/pythia-160m,pythia-160m,,1.0,4,67,0.0
causal,EleutherAI/pythia-160m,pythia-160m,,1.0,4,68,0.0
causal,EleutherAI/pythia-160m,pythia-160m,,1.0,4,69,0.0
causal,EleutherAI/pythia-160m,pythia-160m,,1.0,4,70,0.0
causal,EleutherAI/pythia-160m,pythia-160m,,1.0,4,71,0.0
causal,EleutherAI/pythia-160m,pythia-160m,,1.0,4,72,0.0
causal,EleutherAI/pythia-160m,pythia-160m,,1.0,4,73,0.0
causal,EleutherAI/pythia-160m,pythia-160m,,1.0,4,74,0.0
causal,EleutherAI/pythia-160m,pythia-160m,,1.0,4,75,0.0
causal,EleutherAI/pythia-160m,pythia-160m,,1.0,4,76,0.0
causal,EleutherAI/pythia-160m,pythia-160m,,1.0,4,77,0.0
causal,EleutherAI/pythia-160m,pythia-160m,,1.0,4,78,0.0
causal,EleutherAI/pythia-160m,pythia-160m,,1.0,4,79,0.0
causal,EleutherAI/pythia-160m,pythia-160m,,1.0,4,80,0.0
causal,EleutherAI/pythia-160m,pythia-160m,,1.0,5,0,1.0
causal,EleutherAI/pythia-160m,pythia-160m,,1.0,5,1,4.0
causal,EleutherAI/pythia-160m,pythia-160m,,1.0,5,2,2.0
causal,EleutherAI/pythia-160m,pythia-160m,,1.0,5,3,3.0
causal,EleutherAI/pythia-160m,pythia-160m,,1.0,5,4,3.0
causal,EleutherAI/pythia-160m,pythia-160m,,1.0,5,5,2.0
causal,EleutherAI/pythia-160m,pythia-160m,,1.0,5,6,1.0
causal,EleutherAI/pythia-160m,pythia-160m,,1.0,5,7,0.0
causal,EleutherAI/pythia-160m,pythia-160m,,1.0,5,8,0.0
causal,EleutherAI/pythia-160m,pythia-160m,,1.0,5,9,0.0
causal,EleutherAI/pythia-160m,pythia-160m,,1.0,5,10,0.0
causal,EleutherAI/pythia-160m,pythia-160m,,1.0,5,11,0.0
causal,EleutherAI/pythia-160m,pythia-160m,,1.0,5,12,0.0
causal,EleutherAI/pythia-160m,pythia-160m,,1.0,5,13,0.0
causal,EleutherAI/pythia-160m,pythia-160m,,1.0,5,14,0.0
causal,EleutherAI/pythia-160m,pythia-160m,,1.0,5,15,0.0
causal,EleutherAI/pythia-160m,pythia-160m,,1.0,5,16,0.0
causal,EleutherAI/pythia-160m,pythia-160m,,1.0,5,17,0.0
causal,EleutherAI/pythia-160m,pythia-160m,,1.0,5,18,0.0
causal,EleutherAI/pythia-160m,pythia-160m,,1.0,5,19,0.0
causal,EleutherAI/pythia-160m,pythia-160m,,1.0,5,20,0.0
causal,EleutherAI/pythia-160m,pythia-160m,,1.0,5,21,0.0
causal,EleutherAI/pythia-160m,pythia-160m,,1.0,5,22,0.0
causal,EleutherAI/pythia-160m,pythia-160m,,1.0,5,23,0.0
causal,EleutherAI/pythia-160m,pythia-160m,,1.0,5,24,0.0
causal,EleutherAI/pythia-160m,pythia-160m,,1.0,5,25,0.0
causal,EleutherAI/pythia-160m,pythia-160m,,1.0,5,26,0.0
causal,EleutherAI/pythia-160m,pythia-160m,,1.0,5,27,0.0
causal,EleutherAI/pythia-160m,pythia-160m,,1.0,5,28,0.0
causal,EleutherAI/pythia-160m,pythia-160m,,1.0,5,29,0.0
causal,EleutherAI/pythia-160m,pythia-160m,,1.0,5,30,0.0
causal,EleutherAI/pythia-160m,pythia-160m,,1.0,5,31,0.0
causal,EleutherAI/pythia-160m,pythia-160m,,1.0,5,32,0.0
causal,EleutherAI/pythia-160m,pythia-160m,,1.0,5,33,0.0
causal,EleutherAI/pythia-160m,pythia-160m,,1.0,5,34,0.0
causal,EleutherAI/pythia-160m,pythia-160m,,1.0,5,35,0.0
causal,EleutherAI/pythia-160m,pythia-160m,,1.0,5,36,0.0
causal,EleutherAI/pythia-160m,pythia-160m,,1.0,5,37,0.0
causal,EleutherAI/pythia-160m,pythia-160m,,1.0,5,38,0.0
causal,EleutherAI/pythia-160m,pythia-160m,,1.0,5,39,0.0
causal,EleutherAI/pythia-160m,pythia-160m,,1.0,5,40,0.0
causal,EleutherAI/pythia-160m,pythia-160m,,1.0,5,41,0.0
causal,EleutherAI/pythia-160m,pythia-160m,,1.0,5,42,0.0
causal,EleutherAI/pythia-160m,pythia-160m,,1.0,5,43,0.0
causal,EleutherAI/pythia-160m,pythia-160m,,1.0,5,44,0.0
causal,EleutherAI/pythia-160m,pythia-160m,,1.0,5,45,0.0
causal,EleutherAI/pythia-160m,pythia-160m,,1.0,5,46,0.0
causal,EleutherAI/pythia-160m,pythia-160m,,1.0,5,47,0.0
causal,EleutherAI/pythia-160m,pythia-160m,,1.0,5,48,0.0
causal,EleutherAI/pythia-160m,pythia-160m,,1.0,5,49,0.0
causal,EleutherAI/pythia-160m,pythia-160m,,1.0,5,50,0.0
causal,EleutherAI/pythia-160m,pythia-160m,,1.0,5,51,0.0
causal,EleutherAI/pythia-160m,pythia-160m,,1.0,5,52,0.0
causal,EleutherAI/pythia-160m,pythia-160m,,1.0,5,53,0.0
causal,EleutherAI/pythia-160m,pythia-160m,,1.0,5,54,0.0
causal,EleutherAI/pythia-160m,pythia-160m,,1.0,5,55,0.0
causal,EleutherAI/pythia-160m,pythia-160m,,1.0,5,56,0.0
causal,EleutherAI/pythia-160m,pythia-160m,,1.0,5,57,0.0
causal,EleutherAI/pythia-160m,pythia-160m,,1.0,5,58,0.0
causal,EleutherAI/pythia-160m,pythia-160m,,1.0,5,59,0.0
causal,EleutherAI/pythia-160m,pythia-160m,,1.0,5,60,0.0
causal,EleutherAI/pythia-160m,pythia-160m,,1.0,5,61,0.0
causal,EleutherAI/pythia-160m,pythia-160m,,1.0,5,62,0.0
causal,EleutherAI/pythia-160m,pythia-160m,,1.0,5,63,0.0
causal,EleutherAI/pythia-160m,pythia-160m,,1.0,5,64,0.0
causal,EleutherAI/pythia-160m,pythia-160m,,1.0,5,65,0.0
causal,EleutherAI/pythia-160m,pythia-160m,,1.0,5,66,0.0
causal,EleutherAI/pythia-160m,pythia-160m,,1.0,5,67,0.0
causal,EleutherAI/pythia-160m,pythia-160m,,1.0,5,68,0.0
causal,EleutherAI/pythia-160m,pythia-160m,,1.0,5,69,0.0
causal,EleutherAI/pythia-160m,pythia-160m,,1.0,5,70,0.0
causal,EleutherAI/pythia-160m,pythia-160m,,1.0,5,71,0.0
causal,EleutherAI/pythia-160m,pythia-160m,,1.0,5,72,0.0
causal,EleutherAI/pythia-160m,pythia-160m,,1.0,5,73,0.0
causal,EleutherAI/pythia-160m,pythia-160m,,1.0,5,74,0.0
causal,EleutherAI/pythia-160m,pythia-160m,,1.0,5,75,0.0
causal,EleutherAI/pythia-160m,pythia-160m,,1.0,5,76,0.0
causal,EleutherAI/pythia-160m,pythia-160m,,1.0,5,77,0.0
causal,EleutherAI/pythia-160m,pythia-160m,,1.0,5,78,0.0
causal,EleutherAI/pythia-160m,pythia-160m,,1.0,5,79,0.0
causal,EleutherAI/pythia-160m,pythia-160m,,1.0,5,80,0.0
causal,EleutherAI/pythia-160m,pythia-160m,,1.0,6,0,1.0
causal,EleutherAI/pythia-160m,pythia-160m,,1.0,6,1,0.0
causal,EleutherAI/pythia-160m,pythia-160m,,1.0,6,2,0.0
causal,EleutherAI/pythia-160m,pythia-160m,,1.0,6,3,0.0
causal,EleutherAI/pythia-160m,pythia-160m,,1.0,6,4,0.0
causal,EleutherAI/pythia-160m,pythia-160m,,1.0,6,5,0.0
causal,EleutherAI/pythia-160m,pythia-160m,,1.0,6,6,0.0
causal,EleutherAI/pythia-160m,pythia-160m,,1.0,6,7,0.0
causal,EleutherAI/pythia-160m,pythia-160m,,1.0,6,8,0.0
causal,EleutherAI/pythia-160m,pythia-160m,,1.0,6,9,0.0
causal,EleutherAI/pythia-160m,pythia-160m,,1.0,6,10,0.0
causal,EleutherAI/pythia-160m,pythia-160m,,1.0,6,11,0.0
causal,EleutherAI/pythia-160m,pythia-160m,,1.0,6,12,0.0
causal,EleutherAI/pythia-160m,pythia-160m,,1.0,6,13,0.0
causal,EleutherAI/pythia-160m,pythia-160m,,1.0,6,14,0.0
causal,EleutherAI/pythia-160m,pythia-160m,,1.0,6,15,0.0
causal,EleutherAI/pythia-160m,pythia-160m,,1.0,6,16,0.0
causal,EleutherAI/pythia-160m,pythia-160m,,1.0,6,17,0.0
causal,EleutherAI/pythia-160m,pythia-160m,,1.0,6,18,0.0
causal,EleutherAI/pythia-160m,pythia-160m,,1.0,6,19,0.0
causal,EleutherAI/pythia-160m,pythia-160m,,1.0,6,20,0.0
causal,EleutherAI/pythia-160m,pythia-160m,,1.0,6,21,0.0
causal,EleutherAI/pythia-160m,pythia-160m,,1.0,6,22,0.0
causal,EleutherAI/pythia-160m,pythia-160m,,1.0,6,23,0.0
causal,EleutherAI/pythia-160m,pythia-160m,,1.0,6,24,0.0
causal,EleutherAI/pythia-160m,pythia-160m,,1.0,6,25,0.0
causal,EleutherAI/pythia-160m,pythia-160m,,1.0,6,26,0.0
causal,EleutherAI/pythia-160m,pythia-160m,,1.0,6,27,0.0
causal,EleutherAI/pythia-160m,pythia-160m,,1.0,6,28,0.0
causal,EleutherAI/pythia-160m,pythia-160m,,1.0,6,29,0.0
causal,EleutherAI/pythia-160m,pythia-160m,,1.0,6,30,0.0
causal,EleutherAI/pythia-160m,pythia-160m,,1.0,6,31,0.0
causal,EleutherAI/pythia-160m,pythia-160m,,1.0,6,32,0.0
causal,EleutherAI/pythia-160m,pythia-160m,,1.0,6,33,0.0
causal,EleutherAI/pythia-160m,pythia-160m,,1.0,6,34,0.0
causal,EleutherAI/pythia-160m,pythia-160m,,1.0,6,35,0.0
causal,EleutherAI/pythia-160m,pythia-160m,,1.0,6,36,0.0
causal,EleutherAI/pythia-160m,pythia-160m,,1.0,6,37,0.0
causal,EleutherAI/pythia-160m,pythia-160m,,1.0,6,38,0.0
causal,EleutherAI/pythia-160m,pythia-160m,,1.0,6,39,0.0
causal,EleutherAI/pythia-160m,pythia-160m,,1.0,6,40,0.0
causal,EleutherAI/pythia-160m,pythia-160m,,1.0,6,41,0.0
causal,EleutherAI/pythia-160m,pythia-160m,,1.0,6,42,0.0
causal,EleutherAI/pythia-160m,pythia-160m,,1.0,6,43,0.0
causal,EleutherAI/pythia-160m,pythia-160m,,1.0,6,44,0.0
causal,EleutherAI/pythia-160m,pythia-160m,,1.0,6,45,0.0
causal,EleutherAI/pythia-160m,pythia-160m,,1.0,6,46,0.0
causal,EleutherAI/pythia-160m,pythia-160m,,1.0,6,47,0.0
causal,EleutherAI/pythia-160m,pythia-160m,,1.0,6,48,0.0
causal,EleutherAI/pythia-160m,pythia-160m,,1.0,6,49,0.0
causal,EleutherAI/pythia-160m,pythia-160m,,1.0,6,50,0.0
causal,EleutherAI/pythia-160m,pythia-160m,,1.0,6,51,0.0
causal,EleutherAI/pythia-160m,pythia-160m,,1.0,6,52,0.0
causal,EleutherAI/pythia-160m,pythia-160m,,1.0,6,53,0.0
causal,EleutherAI/pythia-160m,pythia-160m,,1.0,6,54,0.0
causal,EleutherAI/pythia-160m,pythia-160m,,1.0,6,55,0.0
causal,EleutherAI/pythia-160m,pythia-160m,,1.0,6,56,0.0
causal,EleutherAI/pythia-160m,pythia-160m,,1.0,6,57,0.0
causal,EleutherAI/pythia-160m,pythia-160m,,1.0,6,58,0.0
causal,EleutherAI/pythia-160m,pythia-160m,,1.0,6,59,0.0
causal,EleutherAI/pythia-160m,pythia-160m,,1.0,6,60,0.0
causal,EleutherAI/pythia-160m,pythia-160m,,1.0,6,61,0.0
causal,EleutherAI/pythia-160m,pythia-160m,,1.0,6,62,0.0
causal,EleutherAI/pythia-160m,pythia-160m,,1.0,6,63,0.0
causal,EleutherAI/pythia-160m,pythia-160m,,1.0,6,64,0.0
causal,EleutherAI/pythia-160m,pythia-160m,,1.0,6,65,0.0
causal,EleutherAI/pythia-160m,pythia-160m,,1.0,6,66,0.0
causal,EleutherAI/pythia-160m,pythia-160m,,1.0,6,67,0.0
causal,EleutherAI/pythia-160m,pythia-160m,,1.0,6,68,0.0
causal,EleutherAI/pythia-160m,pythia-160m,,1.0,6,69,0.0
causal,EleutherAI/pythia-160m,pythia-160m,,1.0,6,70,0.0
causal,EleutherAI/pythia-160m,pythia-160m,,1.0,6,71,0.0
causal,EleutherAI/pythia-160m,pythia-160m,,1.0,6,72,0.0
causal,EleutherAI/pythia-160m,pythia-160m,,1.0,6,73,0.0
causal,EleutherAI/pythia-160m,pythia-160m,,1.0,6,74,0.0
causal,EleutherAI/pythia-160m,pythia-160m,,1.0,6,75,0.0
causal,EleutherAI/pythia-160m,pythia-160m,,1.0,6,76,0.0
causal,EleutherAI/pythia-160m,pythia-160m,,1.0,6,77,0.0
causal,EleutherAI/pythia-160m,pythia-160m,,1.0,6,78,0.0
causal,EleutherAI/pythia-160m,pythia-160m,,1.0,6,79,0.0
causal,EleutherAI/pythia-160m,pythia-160m,,1.0,6,80,0.0
causal,EleutherAI/pythia-160m,pythia-160m,,1.0,7,0,1.0
causal,EleutherAI/pythia-160m,pythia-160m,,1.0,7,1,17.0
causal,EleutherAI/pythia-160m,pythia-160m,,1.0,7,2,21.0
causal,EleutherAI/pythia-160m,pythia-160m,,1.0,7,3,27.0
causal,EleutherAI/pythia-160m,pythia-160m,,1.0,7,4,26.0
causal,EleutherAI/pythia-160m,pythia-160m,,1.0,7,5,28.0
causal,EleutherAI/pythia-160m,pythia-160m,,1.0,7,6,24.0
causal,EleutherAI/pythia-160m,pythia-160m,,1.0,7,7,27.0
causal,EleutherAI/pythia-160m,pythia-160m,,1.0,7,8,24.0
causal,EleutherAI/pythia-160m,pythia-160m,,1.0,7,9,24.0
causal,EleutherAI/pythia-160m,pythia-160m,,1.0,7,10,21.0
causal,EleutherAI/pythia-160m,pythia-160m,,1.0,7,11,27.0
causal,EleutherAI/pythia-160m,pythia-160m,,1.0,7,12,22.0
causal,EleutherAI/pythia-160m,pythia-160m,,1.0,7,13,18.0
causal,EleutherAI/pythia-160m,pythia-160m,,1.0,7,14,17.0
causal,EleutherAI/pythia-160m,pythia-160m,,1.0,7,15,18.0
causal,EleutherAI/pythia-160m,pythia-160m,,1.0,7,16,15.0
causal,EleutherAI/pythia-160m,pythia-160m,,1.0,7,17,14.0
causal,EleutherAI/pythia-160m,pythia-160m,,1.0,7,18,13.0
causal,EleutherAI/pythia-160m,pythia-160m,,1.0,7,19,14.0
causal,EleutherAI/pythia-160m,pythia-160m,,1.0,7,20,10.0
causal,EleutherAI/pythia-160m,pythia-160m,,1.0,7,21,12.0
causal,EleutherAI/pythia-160m,pythia-160m,,1.0,7,22,11.0
causal,EleutherAI/pythia-160m,pythia-160m,,1.0,7,23,8.0
causal,EleutherAI/pythia-160m,pythia-160m,,1.0,7,24,5.0
causal,EleutherAI/pythia-160m,pythia-160m,,1.0,7,25,4.0
causal,EleutherAI/pythia-160m,pythia-160m,,1.0,7,26,3.0
causal,EleutherAI/pythia-160m,pythia-160m,,1.0,7,27,2.0
causal,EleutherAI/pythia-160m,pythia-160m,,1.0,7,28,0.0
causal,EleutherAI/pythia-160m,pythia-160m,,1.0,7,29,0.0
causal,EleutherAI/pythia-160m,pythia-160m,,1.0,7,30,0.0
causal,EleutherAI/pythia-160m,pythia-160m,,1.0,7,31,0.0
causal,EleutherAI/pythia-160m,pythia-160m,,1.0,7,32,0.0
causal,EleutherAI/pythia-160m,pythia-160m,,1.0,7,33,0.0
causal,EleutherAI/pythia-160m,pythia-160m,,1.0,7,34,0.0
causal,EleutherAI/pythia-160m,pythia-160m,,1.0,7,35,0.0
causal,EleutherAI/pythia-160m,pythia-160m,,1.0,7,36,0.0
causal,EleutherAI/pythia-160m,pythia-160m,,1.0,7,37,0.0
causal,EleutherAI/pythia-160m,pythia-160m,,1.0,7,38,0.0
causal,EleutherAI/pythia-160m,pythia-160m,,1.0,7,39,0.0
causal,EleutherAI/pythia-160m,pythia-160m,,1.0,7,40,0.0
causal,EleutherAI/pythia-160m,pythia-160m,,1.0,7,41,0.0
causal,EleutherAI/pythia-160m,pythia-160m,,1.0,7,42,0.0
causal,EleutherAI/pythia-160m,pythia-160m,,1.0,7,43,0.0
causal,EleutherAI/pythia-160m,pythia-160m,,1.0,7,44,0.0
causal,EleutherAI/pythia-160m,pythia-160m,,1.0,7,45,0.0
causal,EleutherAI/pythia-160m,pythia-160m,,1.0,7,46,0.0
causal,EleutherAI/pythia-160m,pythia-160m,,1.0,7,47,0.0
causal,EleutherAI/pythia-160m,pythia-160m,,1.0,7,48,0.0
causal,EleutherAI/pythia-160m,pythia-160m,,1.0,7,49,0.0
causal,EleutherAI/pythia-160m,pythia-160m,,1.0,7,50,0.0
causal,EleutherAI/pythia-160m,pythia-160m,,1.0,7,51,0.0
causal,EleutherAI/pythia-160m,pythia-160m,,1.0,7,52,0.0
causal,EleutherAI/pythia-160m,pythia-160m,,1.0,7,53,0.0
causal,EleutherAI/pythia-160m,pythia-160m,,1.0,7,54,0.0
causal,EleutherAI/pythia-160m,pythia-160m,,1.0,7,55,0.0
causal,EleutherAI/pythia-160m,pythia-160m,,1.0,7,56,0.0
causal,EleutherAI/pythia-160m,pythia-160m,,1.0,7,57,0.0
causal,EleutherAI/pythia-160m,pythia-160m,,1.0,7,58,0.0
causal,EleutherAI/pythia-160m,pythia-160m,,1.0,7,59,0.0
causal,EleutherAI/pythia-160m,pythia-160m,,1.0,7,60,0.0
causal,EleutherAI/pythia-160m,pythia-160m,,1.0,7,61,0.0
causal,EleutherAI/pythia-160m,pythia-160m,,1.0,7,62,0.0
causal,EleutherAI/pythia-160m,pythia-160m,,1.0,7,63,0.0
causal,EleutherAI/pythia-160m,pythia-160m,,1.0,7,64,0.0
causal,EleutherAI/pythia-160m,pythia-160m,,1.0,7,65,0.0
causal,EleutherAI/pythia-160m,pythia-160m,,1.0,7,66,0.0
causal,EleutherAI/pythia-160m,pythia-160m,,1.0,7,67,0.0
causal,EleutherAI/pythia-160m,pythia-160m,,1.0,7,68,0.0
causal,EleutherAI/pythia-160m,pythia-160m,,1.0,7,69,0.0
causal,EleutherAI/pythia-160m,pythia-160m,,1.0,7,70,0.0
causal,EleutherAI/pythia-160m,pythia-160m,,1.0,7,71,0.0
causal,EleutherAI/pythia-160m,pythia-160m,,1.0,7,72,0.0
causal,EleutherAI/pythia-160m,pythia-160m,,1.0,7,73,0.0
causal,EleutherAI/pythia-160m,pythia-160m,,1.0,7,74,0.0
causal,EleutherAI/pythia-160m,pythia-160m,,1.0,7,75,0.0
causal,EleutherAI/pythia-160m,pythia-160m,,1.0,7,76,0.0
causal,EleutherAI/pythia-160m,pythia-160m,,1.0,7,77,0.0
causal,EleutherAI/pythia-160m,pythia-160m,,1.0,7,78,0.0
causal,EleutherAI/pythia-160m,pythia-160m,,1.0,7,79,0.0
causal,EleutherAI/pythia-160m,pythia-160m,,1.0,7,80,0.0
masked,distilroberta-base,distilroberta-base,,1.0,0,0,1.0
masked,distilroberta-base,distilroberta-base,,1.0,0,1,6.0
masked,distilroberta-base,distilroberta-base,,1.0,0,2,23.0
masked,distilroberta-base,distilroberta-base,,1.0,0,3,31.0
masked,distilroberta-base,distilroberta-base,,1.0,0,4,36.0
masked,distilroberta-base,distilroberta-base,,1.0,0,5,37.0
masked,distilroberta-base,distilroberta-base,,1.0,0,6,41.0
masked,distilroberta-base,distilroberta-base,,1.0,0,7,44.0
masked,distilroberta-base,distilroberta-base,,1.0,0,8,47.0
masked,distilroberta-base,distilroberta-base,,1.0,0,9,48.0
masked,distilroberta-base,distilroberta-base,,1.0,0,10,48.0
masked,distilroberta-base,distilroberta-base,,1.0,0,11,48.0
masked,distilroberta-base,distilroberta-base,,1.0,0,12,48.0
masked,distilroberta-base,distilroberta-base,,1.0,0,13,48.0
masked,distilroberta-base,distilroberta-base,,1.0,0,14,48.0
masked,distilroberta-base,distilroberta-base,,1.0,0,15,48.0
masked,distilroberta-base,distilroberta-base,,1.0,0,16,48.0
masked,distilroberta-base,distilroberta-base,,1.0,0,17,48.0
masked,distilroberta-base,distilroberta-base,,1.0,0,18,48.0
masked,distilroberta-base,distilroberta-base,,1.0,0,19,48.0
masked,distilroberta-base,distilroberta-base,,1.0,0,20,48.0
masked,distilroberta-base,distilroberta-base,,1.0,0,21,48.0
masked,distilroberta-base,distilroberta-base,,1.0,0,22,48.0
masked,distilroberta-base,distilroberta-base,,1.0,0,23,48.0
masked,distilroberta-base,distilroberta-base,,1.0,0,24,48.0
masked,distilroberta-base,distilroberta-base,,1.0,0,25,48.0
masked,distilroberta-base,distilroberta-base,,1.0,0,26,48.0
masked,distilroberta-base,distilroberta-base,,1.0,0,27,48.0
masked,distilroberta-base,distilroberta-base,,1.0,0,28,48.0
masked,distilroberta-base,distilroberta-base,,1.0,0,29,48.0
masked,distilroberta-base,distilroberta-base,,1.0,0,30,48.0
masked,distilroberta-base,distilroberta-base,,1.0,0,31,48.0
masked,distilroberta-base,distilroberta-base,,1.0,0,32,48.0
masked,distilroberta-base,distilroberta-base,,1.0,0,33,48.0
masked,distilroberta-base,distilroberta-base,,1.0,0,34,48.0
masked,distilroberta-base,distilroberta-base,,1.0,0,35,48.0
masked,distilroberta-base,distilroberta-base,,1.0,0,36,48.0
masked,distilroberta-base,distilroberta-base,,1.0,0,37,48.0
masked,distilroberta-base,distilroberta-base,,1.0,0,38,48.0
masked,distilroberta-base,distilroberta-base,,1.0,0,39,48.0
masked,distilroberta-base,distilroberta-base,,1.0,0,40,48.0
masked,distilroberta-base,distilroberta-base,,1.0,0,41,48.0
masked,distilroberta-base,distilroberta-base,,1.0,0,42,48.0
masked,distilroberta-base,distilroberta-base,,1.0,0,43,48.0
masked,distilroberta-base,distilroberta-base,,1.0,0,44,48.0
masked,distilroberta-base,distilroberta-base,,1.0,0,45,48.0
masked,distilroberta-base,distilroberta-base,,1.0,0,46,48.0
masked,distilroberta-base,distilroberta-base,,1.0,0,47,48.0
masked,distilroberta-base,distilroberta-base,,1.0,0,48,48.0
masked,distilroberta-base,distilroberta-base,,1.0,0,49,48.0
masked,distilroberta-base,distilroberta-base,,1.0,0,50,48.0
masked,distilroberta-base,distilroberta-base,,1.0,0,51,48.0
masked,distilroberta-base,distilroberta-base,,1.0,0,52,48.0
masked,distilroberta-base,distilroberta-base,,1.0,0,53,48.0
masked,distilroberta-base,distilroberta-base,,1.0,0,54,48.0
masked,distilroberta-base,distilroberta-base,,1.0,0,55,48.0
masked,distilroberta-base,distilroberta-base,,1.0,0,56,48.0
masked,distilroberta-base,distilroberta-base,,1.0,0,57,48.0
masked,distilroberta-base,distilroberta-base,,1.0,0,58,48.0
masked,distilroberta-base,distilroberta-base,,1.0,0,59,48.0
masked,distilroberta-base,distilroberta-base,,1.0,0,60,48.0
masked,distilroberta-base,distilroberta-base,,1.0,0,61,48.0
masked,distilroberta-base,distilroberta-base,,1.0,0,62,48.0
masked,distilroberta-base,distilroberta-base,,1.0,0,63,48.0
masked,distilroberta-base,distilroberta-base,,1.0,0,64,48.0
masked,distilroberta-base,distilroberta-base,,1.0,0,65,48.0
masked,distilroberta-base,distilroberta-base,,1.0,0,66,48.0
masked,distilroberta-base,distilroberta-base,,1.0,0,67,48.0
masked,distilroberta-base,distilroberta-base,,1.0,0,68,48.0
masked,distilroberta-base,distilroberta-base,,1.0,0,69,48.0
masked,distilroberta-base,distilroberta-base,,1.0,0,70,48.0
masked,distilroberta-base,distilroberta-base,,1.0,0,71,48.0
masked,distilroberta-base,distilroberta-base,,1.0,0,72,48.0
masked,distilroberta-base,distilroberta-base,,1.0,0,73,48.0
masked,distilroberta-base,distilroberta-base,,1.0,0,74,48.0
masked,distilroberta-base,distilroberta-base,,1.0,0,75,48.0
masked,distilroberta-base,distilroberta-base,,1.0,0,76,48.0
masked,distilroberta-base,distilroberta-base,,1.0,0,77,48.0
masked,distilroberta-base,distilroberta-base,,1.0,0,78,48.0
masked,distilroberta-base,distilroberta-base,,1.0,0,79,48.0
masked,distilroberta-base,distilroberta-base,,1.0,0,80,48.0
masked,distilroberta-base,distilroberta-base,,1.0,1,0,1.0
masked,distilroberta-base,distilroberta-base,,1.0,1,1,8.0
masked,distilroberta-base,distilroberta-base,,1.0,1,2,23.0
masked,distilroberta-base,distilroberta-base,,1.0,1,3,29.0
masked,distilroberta-base,distilroberta-base,,1.0,1,4,33.0
masked,distilroberta-base,distilroberta-base,,1.0,1,5,32.0
masked,distilroberta-base,distilroberta-base,,1.0,1,6,37.0
masked,distilroberta-base,distilroberta-base,,1.0,1,7,37.0
masked,distilroberta-base,distilroberta-base,,1.0,1,8,41.0
masked,distilroberta-base,distilroberta-base,,1.0,1,9,43.0
masked,distilroberta-base,distilroberta-base,,1.0,1,10,43.0
masked,distilroberta-base,distilroberta-base,,1.0,1,11,46.0
masked,distilroberta-base,distilroberta-base,,1.0,1,12,47.0
masked,distilroberta-base,distilroberta-base,,1.0,1,13,43.0
masked,distilroberta-base,distilroberta-base,,1.0,1,14,46.0
masked,distilroberta-base,distilroberta-base,,1.0,1,15,43.0
masked,distilroberta-base,distilroberta-base,,1.0,1,16,45.0
masked,distilroberta-base,distilroberta-base,,1.0,1,17,47.0
masked,distilroberta-base,distilroberta-base,,1.0,1,18,46.0
masked,distilroberta-base,distilroberta-base,,1.0,1,19,48.0
masked,distilroberta-base,distilroberta-base,,1.0,1,20,48.0
masked,distilroberta-base,distilroberta-base,,1.0,1,21,48.0
masked,distilroberta-base,distilroberta-base,,1.0,1,22,46.0
masked,distilroberta-base,distilroberta-base,,1.0,1,23,48.0
masked,distilroberta-base,distilroberta-base,,1.0,1,24,47.0
masked,distilroberta-base,distilroberta-base,,1.0,1,25,47.0
masked,distilroberta-base,distilroberta-base,,1.0,1,26,48.0
masked,distilroberta-base,distilroberta-base,,1.0,1,27,48.0
masked,distilroberta-base,distilroberta-base,,1.0,1,28,48.0
masked,distilroberta-base,distilroberta-base,,1.0,1,29,48.0
masked,distilroberta-base,distilroberta-base,,1.0,1,30,48.0
masked,distilroberta-base,distilroberta-base,,1.0,1,31,47.0
masked,distilroberta-base,distilroberta-base,,1.0,1,32,48.0
masked,distilroberta-base,distilroberta-base,,1.0,1,33,47.0
masked,distilroberta-base,distilroberta-base,,1.0,1,34,47.0
masked,distilroberta-base,distilroberta-base,,1.0,1,35,48.0
masked,distilroberta-base,distilroberta-base,,1.0,1,36,48.0
masked,distilroberta-base,distilroberta-base,,1.0,1,37,48.0
masked,distilroberta-base,distilroberta-base,,1.0,1,38,48.0
masked,distilroberta-base,distilroberta-base,,1.0,1,39,47.0
masked,distilroberta-base,distilroberta-base,,1.0,1,40,48.0
masked,distilroberta-base,distilroberta-base,,1.0,1,41,46.0
masked,distilroberta-base,distilroberta-base,,1.0,1,42,47.0
masked,distilroberta-base,distilroberta-base,,1.0,1,43,48.0
masked,distilroberta-base,distilroberta-base,,1.0,1,44,46.0
masked,distilroberta-base,distilroberta-base,,1.0,1,45,47.0
masked,distilroberta-base,distilroberta-base,,1.0,1,46,48.0
masked,distilroberta-base,distilroberta-base,,1.0,1,47,47.0
masked,distilroberta-base,distilroberta-base,,1.0,1,48,46.0
masked,distilroberta-base,distilroberta-base,,1.0,1,49,47.0
masked,distilroberta-base,distilroberta-base,,1.0,1,50,45.0
masked,distilroberta-base,distilroberta-base,,1.0,1,51,44.0
masked,distilroberta-base,distilroberta-base,,1.0,1,52,44.0
masked,distilroberta-base,distilroberta-base,,1.0,1,53,47.0
masked,distilroberta-base,distilroberta-base,,1.0,1,54,47.0
masked,distilroberta-base,distilroberta-base,,1.0,1,55,48.0
masked,distilroberta-base,distilroberta-base,,1.0,1,56,46.0
masked,distilroberta-base,distilroberta-base,,1.0,1,57,44.0
masked,distilroberta-base,distilroberta-base,,1.0,1,58,45.0
masked,distilroberta-base,distilroberta-base,,1.0,1,59,43.0
masked,distilroberta-base,distilroberta-base,,1.0,1,60,46.0
masked,distilroberta-base,distilroberta-base,,1.0,1,61,47.0
masked,distilroberta-base,distilroberta-base,,1.0,1,62,48.0
masked,distilroberta-base,distilroberta-base,,1.0,1,63,46.0
masked,distilroberta-base,distilroberta-base,,1.0,1,64,46.0
masked,distilroberta-base,distilroberta-base,,1.0,1,65,43.0
masked,distilroberta-base,distilroberta-base,,1.0,1,66,45.0
masked,distilroberta-base,distilroberta-base,,1.0,1,67,45.0
masked,distilroberta-base,distilroberta-base,,1.0,1,68,46.0
masked,distilroberta-base,distilroberta-base,,1.0,1,69,41.0
masked,distilroberta-base,distilroberta-base,,1.0,1,70,45.0
masked,distilroberta-base,distilroberta-base,,1.0,1,71,42.0
masked,distilroberta-base,distilroberta-base,,1.0,1,72,44.0
masked,distilroberta-base,distilroberta-base,,1.0,1,73,40.0
masked,distilroberta-base,distilroberta-base,,1.0,1,74,42.0
masked,distilroberta-base,distilroberta-base,,1.0,1,75,40.0
masked,distilroberta-base,distilroberta-base,,1.0,1,76,43.0
masked,distilroberta-base,distilroberta-base,,1.0,1,77,42.0
masked,distilroberta-base,distilroberta-base,,1.0,1,78,44.0
masked,distilroberta-base,distilroberta-base,,1.0,1,79,41.0
masked,distilroberta-base,distilroberta-base,,1.0,1,80,45.0
masked,distilroberta-base,distilroberta-base,,1.0,2,0,1.0
masked,distilroberta-base,distilroberta-base,,1.0,2,1,4.0
masked,distilroberta-base,distilroberta-base,,1.0,2,2,15.0
masked,distilroberta-base,distilroberta-base,,1.0,2,3,30.0
masked,distilroberta-base,distilroberta-base,,1.0,2,4,30.0
masked,distilroberta-base,distilroberta-base,,1.0,2,5,41.0
masked,distilroberta-base,distilroberta-base,,1.0,2,6,44.0
masked,distilroberta-base,distilroberta-base,,1.0,2,7,43.0
masked,distilroberta-base,distilroberta-base,,1.0,2,8,47.0
masked,distilroberta-base,distilroberta-base,,1.0,2,9,48.0
masked,distilroberta-base,distilroberta-base,,1.0,2,10,48.0
masked,distilroberta-base,distilroberta-base,,1.0,2,11,48.0
masked,distilroberta-base,distilroberta-base,,1.0,2,12,48.0
masked,distilroberta-base,distilroberta-base,,1.0,2,13,48.0
masked,distilroberta-base,distilroberta-base,,1.0,2,14,48.0
masked,distilroberta-base,distilroberta-base,,1.0,2,15,48.0
masked,distilroberta-base,distilroberta-base,,1.0,2,16,48.0
masked,distilroberta-base,distilroberta-base,,1.0,2,17,48.0
masked,distilroberta-base,distilroberta-base,,1.0,2,18,48.0
masked,distilroberta-base,distilroberta-base,,1.0,2,19,48.0
masked,distilroberta-base,distilroberta-base,,1.0,2,20,48.0
masked,distilroberta-base,distilroberta-base,,1.0,2,21,48.0
masked,distilroberta-base,distilroberta-base,,1.0,2,22,48.0
masked,distilroberta-base,distilroberta-base,,1.0,2,23,48.0
masked,distilroberta-base,distilroberta-base,,1.0,2,24,48.0
masked,distilroberta-base,distilroberta-base,,1.0,2,25,48.0
masked,distilroberta-base,distilroberta-base,,1.0,2,26,48.0
masked,distilroberta-base,distilroberta-base,,1.0,2,27,48.0
masked,distilroberta-base,distilroberta-base,,1.0,2,28,48.0
masked,distilroberta-base,distilroberta-base,,1.0,2,29,48.0
masked,distilroberta-base,distilroberta-base,,1.0,2,30,48.0
masked,distilroberta-base,distilroberta-base,,1.0,2,31,48.0
masked,distilroberta-base,distilroberta-base,,1.0,2,32,48.0
masked,distilroberta-base,distilroberta-base,,1.0,2,33,48.0
masked,distilroberta-base,distilroberta-base,,1.0,2,34,48.0
masked,distilroberta-base,distilroberta-base,,1.0,2,35,48.0
masked,distilroberta-base,distilroberta-base,,1.0,2,36,48.0
masked,distilroberta-base,distilroberta-base,,1.0,2,37,48.0
masked,distilroberta-base,distilroberta-base,,1.0,2,38,48.0
masked,distilroberta-base,distilroberta-base,,1.0,2,39,48.0
masked,distilroberta-base,distilroberta-base,,1.0,2,40,48.0
masked,distilroberta-base,distilroberta-base,,1.0,2,41,48.0
masked,distilroberta-base,distilroberta-base,,1.0,2,42,48.0
masked,distilroberta-base,distilroberta-base,,1.0,2,43,48.0
masked,distilroberta-base,distilroberta-base,,1.0,2,44,48.0
masked,distilroberta-base,distilroberta-base,,1.0,2,45,48.0
masked,distilroberta-base,distilroberta-base,,1.0,2,46,48.0
masked,distilroberta-base,distilroberta-base,,1.0,2,47,48.0
masked,distilroberta-base,distilroberta-base,,1.0,2,48,48.0
masked,distilroberta-base,distilroberta-base,,1.0,2,49,48.0
masked,distilroberta-base,distilroberta-base,,1.0,2,50,48.0
masked,distilroberta-base,distilroberta-base,,1.0,2,51,48.0
masked,distilroberta-base,distilroberta-base,,1.0,2,52,48.0
masked,distilroberta-base,distilroberta-base,,1.0,2,53,48.0
masked,distilroberta-base,distilroberta-base,,1.0,2,54,48.0
masked,distilroberta-base,distilroberta-base,,1.0,2,55,48.0
masked,distilroberta-base,distilroberta-base,,1.0,2,56,48.0
masked,distilroberta-base,distilroberta-base,,1.0,2,57,48.0
masked,distilroberta-base,distilroberta-base,,1.0,2,58,48.0
masked,distilroberta-base,distilroberta-base,,1.0,2,59,48.0
masked,distilroberta-base,distilroberta-base,,1.0,2,60,48.0
masked,distilroberta-base,distilroberta-base,,1.0,2,61,48.0
masked,distilroberta-base,distilroberta-base,,1.0,2,62,48.0
masked,distilroberta-base,distilroberta-base,,1.0,2,63,48.0
masked,distilroberta-base,distilroberta-base,,1.0,2,64,48.0
masked,distilroberta-base,distilroberta-base,,1.0,2,65,48.0
masked,distilroberta-base,distilroberta-base,,1.0,2,66,48.0
masked,distilroberta-base,distilroberta-base,,1.0,2,67,48.0
masked,distilroberta-base,distilroberta-base,,1.0,2,68,48.0
masked,distilroberta-base,distilroberta-base,,1.0,2,69,48.0
masked,distilroberta-base,distilroberta-base,,1.0,2,70,48.0
masked,distilroberta-base,distilroberta-base,,1.0,2,71,48.0
masked,distilroberta-base,distilroberta-base,,1.0,2,72,48.0
masked,distilroberta-base,distilroberta-base,,1.0,2,73,48.0
masked,distilroberta-base,distilroberta-base,,1.0,2,74,48.0
masked,distilroberta-base,distilroberta-base,,1.0,2,75,48.0
masked,distilroberta-base,distilroberta-base,,1.0,2,76,48.0
masked,distilroberta-base,distilroberta-base,,1.0,2,77,48.0
masked,distilroberta-base,distilroberta-base,,1.0,2,78,48.0
masked,distilroberta-base,distilroberta-base,,1.0,2,79,48.0
masked,distilroberta-base,distilroberta-base,,1.0,2,80,48.0
masked,distilroberta-base,distilroberta-base,,1.0,3,0,1.0
masked,distilroberta-base,distilroberta-base,,1.0,3,1,5.0
masked,distilroberta-base,distilroberta-base,,1.0,3,2,14.0
masked,distilroberta-base,distilroberta-base,,1.0,3,3,33.0
masked,distilroberta-base,distilroberta-base,,1.0,3,4,36.0
masked,distilroberta-base,distilroberta-base,,1.0,3,5,39.0
masked,distilroberta-base,distilroberta-base,,1.0,3,6,42.0
masked,distilroberta-base,distilroberta-base,,1.0,3,7,43.0
masked,distilroberta-base,distilroberta-base,,1.0,3,8,44.0
masked,distilroberta-base,distilroberta-base,,1.0,3,9,45.0
masked,distilroberta-base,distilroberta-base,,1.0,3,10,48.0
masked,distilroberta-base,distilroberta-base,,1.0,3,11,45.0
masked,distilroberta-base,distilroberta-base,,1.0,3,12,46.0
masked,distilroberta-base,distilroberta-base,,1.0,3,13,47.0
masked,distilroberta-base,distilroberta-base,,1.0,3,14,47.0
masked,distilroberta-base,distilroberta-base,,1.0,3,15,47.0
masked,distilroberta-base,distilroberta-base,,1.0,3,16,47.0
masked,distilroberta-base,distilroberta-base,,1.0,3,17,47.0
masked,distilroberta-base,distilroberta-base,,1.0,3,18,47.0
masked,distilroberta-base,distilroberta-base,,1.0,3,19,48.0
masked,distilroberta-base,distilroberta-base,,1.0,3,20,48.0
masked,distilroberta-base,distilroberta-base,,1.0,3,21,48.0
masked,distilroberta-base,distilroberta-base,,1.0,3,22,48.0
masked,distilroberta-base,distilroberta-base,,1.0,3,23,48.0
masked,distilroberta-base,distilroberta-base,,1.0,3,24,48.0
masked,distilroberta-base,distilroberta-base,,1.0,3,25,48.0
masked,distilroberta-base,distilroberta-base,,1.0,3,26,48.0
masked,distilroberta-base,distilroberta-base,,1.0,3,27,48.0
masked,distilroberta-base,distilroberta-base,,1.0,3,28,48.0
masked,distilroberta-base,distilroberta-base,,1.0,3,29,48.0
masked,distilroberta-base,distilroberta-base,,1.0,3,30,48.0
masked,distilroberta-base,distilroberta-base,,1.0,3,31,48.0
masked,distilroberta-base,distilroberta-base,,1.0,3,32,48.0
masked,distilroberta-base,distilroberta-base,,1.0,3,33,48.0
masked,distilroberta-base,distilroberta-base,,1.0,3,34,48.0
masked,distilroberta-base,distilroberta-base,,1.0,3,35,48.0
masked,distilroberta-base,distilroberta-base,,1.0,3,36,48.0
masked,distilroberta-base,distilroberta-base,,1.0,3,37,48.0
masked,distilroberta-base,distilroberta-base,,1.0,3,38,48.0
masked,distilroberta-base,distilroberta-base,,1.0,3,39,48.0
masked,distilroberta-base,distilroberta-base,,1.0,3,40,48.0
masked,distilroberta-base,distilroberta-base,,1.0,3,41,48.0
masked,distilroberta-base,distilroberta-base,,1.0,3,42,48.0
masked,distilroberta-base,distilroberta-base,,1.0,3,43,48.0
masked,distilroberta-base,distilroberta-base,,1.0,3,44,48.0
masked,distilroberta-base,distilroberta-base,,1.0,3,45,48.0
masked,distilroberta-base,distilroberta-base,,1.0,3,46,48.0
masked,distilroberta-base,distilroberta-base,,1.0,3,47,48.0
masked,distilroberta-base,distilroberta-base,,1.0,3,48,48.0
masked,distilroberta-base,distilroberta-base,,1.0,3,49,48.0
masked,distilroberta-base,distilroberta-base,,1.0,3,50,48.0
masked,distilroberta-base,distilroberta-base,,1.0,3,51,48.0
masked,distilroberta-base,distilroberta-base,,1.0,3,52,48.0
masked,distilroberta-base,distilroberta-base,,1.0,3,53,48.0
masked,distilroberta-base,distilroberta-base,,1.0,3,54,48.0
masked,distilroberta-base,distilroberta-base,,1.0,3,55,48.0
masked,distilroberta-base,distilroberta-base,,1.0,3,56,48.0
masked,distilroberta-base,distilroberta-base,,1.0,3,57,48.0
masked,distilroberta-base,distilroberta-base,,1.0,3,58,48.0
masked,distilroberta-base,distilroberta-base,,1.0,3,59,48.0
masked,distilroberta-base,distilroberta-base,,1.0,3,60,48.0
masked,distilroberta-base,distilroberta-base,,1.0,3,61,48.0
masked,distilroberta-base,distilroberta-base,,1.0,3,62,48.0
masked,distilroberta-base,distilroberta-base,,1.0,3,63,48.0
masked,distilroberta-base,distilroberta-base,,1.0,3,64,48.0
masked,distilroberta-base,distilroberta-base,,1.0,3,65,48.0
masked,distilroberta-base,distilroberta-base,,1.0,3,66,48.0
masked,distilroberta-base,distilroberta-base,,1.0,3,67,48.0
masked,distilroberta-base,distilroberta-base,,1.0,3,68,48.0
masked,distilroberta-base,distilroberta-base,,1.0,3,69,48.0
masked,distilroberta-base,distilroberta-base,,1.0,3,70,48.0
masked,distilroberta-base,distilroberta-base,,1.0,3,71,48.0
masked,distilroberta-base,distilroberta-base,,1.0,3,72,48.0
masked,distilroberta-base,distilroberta-base,,1.0,3,73,48.0
masked,distilroberta-base,distilroberta-base,,1.0,3,74,48.0
masked,distilroberta-base,distilroberta-base,,1.0,3,75,48.0
masked,distilroberta-base,distilroberta-base,,1.0,3,76,48.0
masked,distilroberta-base,distilroberta-base,,1.0,3,77,48.0
masked,distilroberta-base,distilroberta-base,,1.0,3,78,48.0
masked,distilroberta-base,distilroberta-base,,1.0,3,79,48.0
masked,distilroberta-base,distilroberta-base,,1.0,3,80,48.0
masked,distilroberta-base,distilroberta-base,,1.0,4,0,1.0
masked,distilroberta-base,distilroberta-base,,1.0,4,1,8.0
masked,distilroberta-base,distilroberta-base,,1.0,4,2,17.0
masked,distilroberta-base,distilroberta-base,,1.0,4,3,29.0
masked,distilroberta-base,distilroberta-base,,1.0,4,4,34.0
masked,distilroberta-base,distilroberta-base,,1.0,4,5,36.0
masked,distilroberta-base,distilroberta-base,,1.0,4,6,37.0
masked,distilroberta-base,distilroberta-base,,1.0,4,7,41.0
masked,distilroberta-base,distilroberta-base,,1.0,4,8,45.0
masked,distilroberta-base,distilroberta-base,,1.0,4,9,48.0
masked,distilroberta-base,distilroberta-base,,1.0,4,10,48.0
masked,distilroberta-base,distilroberta-base,,1.0,4,11,48.0
masked,distilroberta-base,distilroberta-base,,1.0,4,12,48.0
masked,distilroberta-base,distilroberta-base,,1.0,4,13,48.0
masked,distilroberta-base,distilroberta-base,,1.0,4,14,48.0
masked,distilroberta-base,distilroberta-base,,1.0,4,15,48.0
masked,distilroberta-base,distilroberta-base,,1.0,4,16,48.0
masked,distilroberta-base,distilroberta-base,,1.0,4,17,48.0
masked,distilroberta-base,distilroberta-base,,1.0,4,18,48.0
masked,distilroberta-base,distilroberta-base,,1.0,4,19,48.0
masked,distilroberta-base,distilroberta-base,,1.0,4,20,48.0
masked,distilroberta-base,distilroberta-base,,1.0,4,21,48.0
masked,distilroberta-base,distilroberta-base,,1.0,4,22,48.0
masked,distilroberta-base,distilroberta-base,,1.0,4,23,48.0
masked,distilroberta-base,distilroberta-base,,1.0,4,24,48.0
masked,distilroberta-base,distilroberta-base,,1.0,4,25,48.0
masked,distilroberta-base,distilroberta-base,,1.0,4,26,48.0
masked,distilroberta-base,distilroberta-base,,1.0,4,27,48.0
masked,distilroberta-base,distilroberta-base,,1.0,4,28,48.0
masked,distilroberta-base,distilroberta-base,,1.0,4,29,48.0
masked,distilroberta-base,distilroberta-base,,1.0,4,30,48.0
masked,distilroberta-base,distilroberta-base,,1.0,4,31,48.0
masked,distilroberta-base,distilroberta-base,,1.0,4,32,48.0
masked,distilroberta-base,distilroberta-base,,1.0,4,33,48.0
masked,distilroberta-base,distilroberta-base,,1.0,4,34,48.0
masked,distilroberta-base,distilroberta-base,,1.0,4,35,48.0
masked,distilroberta-base,distilroberta-base,,1.0,4,36,48.0
masked,distilroberta-base,distilroberta-base,,1.0,4,37,48.0
masked,distilroberta-base,distilroberta-base,,1.0,4,38,48.0
masked,distilroberta-base,distilroberta-base,,1.0,4,39,48.0
masked,distilroberta-base,distilroberta-base,,1.0,4,40,48.0
masked,distilroberta-base,distilroberta-base,,1.0,4,41,48.0
masked,distilroberta-base,distilroberta-base,,1.0,4,42,48.0
masked,distilroberta-base,distilroberta-base,,1.0,4,43,48.0
masked,distilroberta-base,distilroberta-base,,1.0,4,44,48.0
masked,distilroberta-base,distilroberta-base,,1.0,4,45,48.0
masked,distilroberta-base,distilroberta-base,,1.0,4,46,48.0
masked,distilroberta-base,distilroberta-base,,1.0,4,47,48.0
masked,distilroberta-base,distilroberta-base,,1.0,4,48,48.0
masked,distilroberta-base,distilroberta-base,,1.0,4,49,48.0
masked,distilroberta-base,distilroberta-base,,1.0,4,50,48.0
masked,distilroberta-base,distilroberta-base,,1.0,4,51,48.0
masked,distilroberta-base,distilroberta-base,,1.0,4,52,48.0
masked,distilroberta-base,distilroberta-base,,1.0,4,53,48.0
masked,distilroberta-base,distilroberta-base,,1.0,4,54,48.0
masked,distilroberta-base,distilroberta-base,,1.0,4,55,48.0
masked,distilroberta-base,distilroberta-base,,1.0,4,56,48.0
masked,distilroberta-base,distilroberta-base,,1.0,4,57,48.0
masked,distilroberta-base,distilroberta-base,,1.0,4,58,48.0
masked,distilroberta-base,distilroberta-base,,1.0,4,59,48.0
masked,distilroberta-base,distilroberta-base,,1.0,4,60,48.0
masked,distilroberta-base,distilroberta-base,,1.0,4,61,48.0
masked,distilroberta-base,distilroberta-base,,1.0,4,62,48.0
masked,distilroberta-base,distilroberta-base,,1.0,4,63,48.0
masked,distilroberta-base,distilroberta-base,,1.0,4,64,48.0
masked,distilroberta-base,distilroberta-base,,1.0,4,65,48.0
masked,distilroberta-base,distilroberta-base,,1.0,4,66,48.0
masked,distilroberta-base,distilroberta-base,,1.0,4,67,48.0
masked,distilroberta-base,distilroberta-base,,1.0,4,68,48.0
masked,distilroberta-base,distilroberta-base,,1.0,4,69,48.0
masked,distilroberta-base,distilroberta-base,,1.0,4,70,48.0
masked,distilroberta-base,distilroberta-base,,1.0,4,71,48.0
masked,distilroberta-base,distilroberta-base,,1.0,4,72,48.0
masked,distilroberta-base,distilroberta-base,,1.0,4,73,48.0
masked,distilroberta-base,distilroberta-base,,1.0,4,74,48.0
masked,distilroberta-base,distilroberta-base,,1.0,4,75,48.0
masked,distilroberta-base,distilroberta-base,,1.0,4,76,48.0
masked,distilroberta-base,distilroberta-base,,1.0,4,77,48.0
masked,distilroberta-base,distilroberta-base,,1.0,4,78,48.0
masked,distilroberta-base,distilroberta-base,,1.0,4,79,48.0
masked,distilroberta-base,distilroberta-base,,1.0,4,80,48.0
masked,distilroberta-base,distilroberta-base,,1.0,5,0,1.0
masked,distilroberta-base,distilroberta-base,,1.0,5,1,3.0
masked,distilroberta-base,distilroberta-base,,1.0,5,2,9.0
masked,distilroberta-base,distilroberta-base,,1.0,5,3,14.0
masked,distilroberta-base,distilroberta-base,,1.0,5,4,22.0
masked,distilroberta-base,distilroberta-base,,1.0,5,5,26.0
masked,distilroberta-base,distilroberta-base,,1.0,5,6,26.0
masked,distilroberta-base,distilroberta-base,,1.0,5,7,39.0
masked,distilroberta-base,distilroberta-base,,1.0,5,8,37.0
masked,distilroberta-base,distilroberta-base,,1.0,5,9,44.0
masked,distilroberta-base,distilroberta-base,,1.0,5,10,48.0
masked,distilroberta-base,distilroberta-base,,1.0,5,11,48.0
masked,distilroberta-base,distilroberta-base,,1.0,5,12,48.0
masked,distilroberta-base,distilroberta-base,,1.0,5,13,48.0
masked,distilroberta-base,distilroberta-base,,1.0,5,14,48.0
masked,distilroberta-base,distilroberta-base,,1.0,5,15,48.0
masked,distilroberta-base,distilroberta-base,,1.0,5,16,48.0
masked,distilroberta-base,distilroberta-base,,1.0,5,17,48.0
masked,distilroberta-base,distilroberta-base,,1.0,5,18,48.0
masked,distilroberta-base,distilroberta-base,,1.0,5,19,48.0
masked,distilroberta-base,distilroberta-base,,1.0,5,20,48.0
masked,distilroberta-base,distilroberta-base,,1.0,5,21,48.0
masked,distilroberta-base,distilroberta-base,,1.0,5,22,48.0
masked,distilroberta-base,distilroberta-base,,1.0,5,23,48.0
masked,distilroberta-base,distilroberta-base,,1.0,5,24,48.0
masked,distilroberta-base,distilroberta-base,,1.0,5,25,48.0
masked,distilroberta-base,distilroberta-base,,1.0,5,26,48.0
masked,distilroberta-base,distilroberta-base,,1.0,5,27,48.0
masked,distilroberta-base,distilroberta-base,,1.0,5,28,48.0
masked,distilroberta-base,distilroberta-base,,1.0,5,29,48.0
masked,distilroberta-base,distilroberta-base,,1.0,5,30,48.0
masked,distilroberta-base,distilroberta-base,,1.0,5,31,48.0
masked,distilroberta-base,distilroberta-base,,1.0,5,32,48.0
masked,distilroberta-base,distilroberta-base,,1.0,5,33,48.0
masked,distilroberta-base,distilroberta-base,,1.0,5,34,48.0
masked,distilroberta-base,distilroberta-base,,1.0,5,35,48.0
masked,distilroberta-base,distilroberta-base,,1.0,5,36,48.0
masked,distilroberta-base,distilroberta-base,,1.0,5,37,48.0
masked,distilroberta-base,distilroberta-base,,1.0,5,38,48.0
masked,distilroberta-base,distilroberta-base,,1.0,5,39,48.0
masked,distilroberta-base,distilroberta-base,,1.0,5,40,48.0
masked,distilroberta-base,distilroberta-base,,1.0,5,41,48.0
masked,distilroberta-base,distilroberta-base,,1.0,5,42,48.0
masked,distilroberta-base,distilroberta-base,,1.0,5,43,48.0
masked,distilroberta-base,distilroberta-base,,1.0,5,44,48.0
masked,distilroberta-base,distilroberta-base,,1.0,5,45,48.0
masked,distilroberta-base,distilroberta-base,,1.0,5,46,48.0
masked,distilroberta-base,distilroberta-base,,1.0,5,47,48.0
masked,distilroberta-base,distilroberta-base,,1.0,5,48,48.0
masked,distilroberta-base,distilroberta-base,,1.0,5,49,48.0
masked,distilroberta-base,distilroberta-base,,1.0,5,50,48.0
masked,distilroberta-base,distilroberta-base,,1.0,5,51,48.0
masked,distilroberta-base,distilroberta-base,,1.0,5,52,48.0
masked,distilroberta-base,distilroberta-base,,1.0,5,53,48.0
masked,distilroberta-base,distilroberta-base,,1.0,5,54,48.0
masked,distilroberta-base,distilroberta-base,,1.0,5,55,48.0
masked,distilroberta-base,distilroberta-base,,1.0,5,56,48.0
masked,distilroberta-base,distilroberta-base,,1.0,5,57,48.0
masked,distilroberta-base,distilroberta-base,,1.0,5,58,48.0
masked,distilroberta-base,distilroberta-base,,1.0,5,59,48.0
masked,distilroberta-base,distilroberta-base,,1.0,5,60,48.0
masked,distilroberta-base,distilroberta-base,,1.0,5,61,48.0
masked,distilroberta-base,distilroberta-base,,1.0,5,62,48.0
masked,distilroberta-base,distilroberta-base,,1.0,5,63,48.0
masked,distilroberta-base,distilroberta-base,,1.0,5,64,48.0
masked,distilroberta-base,distilroberta-base,,1.0,5,65,48.0
masked,distilroberta-base,distilroberta-base,,1.0,5,66,48.0
masked,distilroberta-base,distilroberta-base,,1.0,5,67,48.0
masked,distilroberta-base,distilroberta-base,,1.0,5,68,48.0
masked,distilroberta-base,distilroberta-base,,1.0,5,69,48.0
masked,distilroberta-base,distilroberta-base,,1.0,5,70,48.0
masked,distilroberta-base,distilroberta-base,,1.0,5,71,48.0
masked,distilroberta-base,distilroberta-base,,1.0,5,72,48.0
masked,distilroberta-base,distilroberta-base,,1.0,5,73,48.0
masked,distilroberta-base,distilroberta-base,,1.0,5,74,48.0
masked,distilroberta-base,distilroberta-base,,1.0,5,75,48.0
masked,distilroberta-base,distilroberta-base,,1.0,5,76,48.0
masked,distilroberta-base,distilroberta-base,,1.0,5,77,48.0
masked,distilroberta-base,distilroberta-base,,1.0,5,78,48.0
masked,distilroberta-base,distilroberta-base,,1.0,5,79,48.0
masked,distilroberta-base,distilroberta-base,,1.0,5,80,48.0
masked,distilroberta-base,distilroberta-base,,1.0,6,0,1.0
masked,distilroberta-base,distilroberta-base,,1.0,6,1,7.0
masked,distilroberta-base,distilroberta-base,,1.0,6,2,16.0
masked,distilroberta-base,distilroberta-base,,1.0,6,3,31.0
masked,distilroberta-base,distilroberta-base,,1.0,6,4,40.0
masked,distilroberta-base,distilroberta-base,,1.0,6,5,45.0
masked,distilroberta-base,distilroberta-base,,1.0,6,6,45.0
masked,distilroberta-base,distilroberta-base,,1.0,6,7,45.0
masked,distilroberta-base,distilroberta-base,,1.0,6,8,47.0
masked,distilroberta-base,distilroberta-base,,1.0,6,9,48.0
masked,distilroberta-base,distilroberta-base,,1.0,6,10,48.0
masked,distilroberta-base,distilroberta-base,,1.0,6,11,47.0
masked,distilroberta-base,distilroberta-base,,1.0,6,12,47.0
masked,distilroberta-base,distilroberta-base,,1.0,6,13,48.0
masked,distilroberta-base,distilroberta-base,,1.0,6,14,48.0
masked,distilroberta-base,distilroberta-base,,1.0,6,15,47.0
masked,distilroberta-base,distilroberta-base,,1.0,6,16,48.0
masked,distilroberta-base,distilroberta-base,,1.0,6,17,48.0
masked,distilroberta-base,distilroberta-base,,1.0,6,18,48.0
masked,distilroberta-base,distilroberta-base,,1.0,6,19,48.0
masked,distilroberta-base,distilroberta-base,,1.0,6,20,48.0
masked,distilroberta-base,distilroberta-base,,1.0,6,21,48.0
masked,distilroberta-base,distilroberta-base,,1.0,6,22,48.0
masked,distilroberta-base,distilroberta-base,,1.0,6,23,48.0
masked,distilroberta-base,distilroberta-base,,1.0,6,24,48.0
masked,distilroberta-base,distilroberta-base,,1.0,6,25,48.0
masked,distilroberta-base,distilroberta-base,,1.0,6,26,48.0
masked,distilroberta-base,distilroberta-base,,1.0,6,27,48.0
masked,distilroberta-base,distilroberta-base,,1.0,6,28,48.0
masked,distilroberta-base,distilroberta-base,,1.0,6,29,48.0
masked,distilroberta-base,distilroberta-base,,1.0,6,30,48.0
masked,distilroberta-base,distilroberta-base,,1.0,6,31,48.0
masked,distilroberta-base,distilroberta-base,,1.0,6,32,48.0
masked,distilroberta-base,distilroberta-base,,1.0,6,33,48.0
masked,distilroberta-base,distilroberta-base,,1.0,6,34,48.0
masked,distilroberta-base,distilroberta-base,,1.0,6,35,48.0
masked,distilroberta-base,distilroberta-base,,1.0,6,36,48.0
masked,distilroberta-base,distilroberta-base,,1.0,6,37,48.0
masked,distilroberta-base,distilroberta-base,,1.0,6,38,48.0
masked,distilroberta-base,distilroberta-base,,1.0,6,39,48.0
masked,distilroberta-base,distilroberta-base,,1.0,6,40,48.0
masked,distilroberta-base,distilroberta-base,,1.0,6,41,48.0
masked,distilroberta-base,distilroberta-base,,1.0,6,42,48.0
masked,distilroberta-base,distilroberta-base,,1.0,6,43,48.0
masked,distilroberta-base,distilroberta-base,,1.0,6,44,48.0
masked,distilroberta-base,distilroberta-base,,1.0,6,45,48.0
masked,distilroberta-base,distilroberta-base,,1.0,6,46,48.0
masked,distilroberta-base,distilroberta-base,,1.0,6,47,48.0
masked,distilroberta-base,distilroberta-base,,1.0,6,48,48.0
masked,distilroberta-base,distilroberta-base,,1.0,6,49,48.0
masked,distilroberta-base,distilroberta-base,,1.0,6,50,48.0
masked,distilroberta-base,distilroberta-base,,1.0,6,51,48.0
masked,distilroberta-base,distilroberta-base,,1.0,6,52,48.0
masked,distilroberta-base,distilroberta-base,,1.0,6,53,48.0
masked,distilroberta-base,distilroberta-base,,1.0,6,54,48.0
masked,distilroberta-base,distilroberta-base,,1.0,6,55,48.0
masked,distilroberta-base,distilroberta-base,,1.0,6,56,48.0
masked,distilroberta-base,distilroberta-base,,1.0,6,57,48.0
masked,distilroberta-base,distilroberta-base,,1.0,6,58,48.0
masked,distilroberta-base,distilroberta-base,,1.0,6,59,48.0
masked,distilroberta-base,distilroberta-base,,1.0,6,60,48.0
masked,distilroberta-base,distilroberta-base,,1.0,6,61,48.0
masked,distilroberta-base,distilroberta-base,,1.0,6,62,48.0
masked,distilroberta-base,distilroberta-base,,1.0,6,63,48.0
masked,distilroberta-base,distilroberta-base,,1.0,6,64,48.0
masked,distilroberta-base,distilroberta-base,,1.0,6,65,48.0
masked,distilroberta-base,distilroberta-base,,1.0,6,66,48.0
masked,distilroberta-base,distilroberta-base,,1.0,6,67,48.0
masked,distilroberta-base,distilroberta-base,,1.0,6,68,48.0
masked,distilroberta-base,distilroberta-base,,1.0,6,69,48.0
masked,distilroberta-base,distilroberta-base,,1.0,6,70,48.0
masked,distilroberta-base,distilroberta-base,,1.0,6,71,48.0
masked,distilroberta-base,distilroberta-base,,1.0,6,72,48.0
masked,distilroberta-base,distilroberta-base,,1.0,6,73,48.0
masked,distilroberta-base,distilroberta-base,,1.0,6,74,48.0
masked,distilroberta-base,distilroberta-base,,1.0,6,75,48.0
masked,distilroberta-base,distilroberta-base,,1.0,6,76,48.0
masked,distilroberta-base,distilroberta-base,,1.0,6,77,48.0
masked,distilroberta-base,distilroberta-base,,1.0,6,78,48.0
masked,distilroberta-base,distilroberta-base,,1.0,6,79,48.0
masked,distilroberta-base,distilroberta-base,,1.0,6,80,48.0
masked,distilroberta-base,distilroberta-base,,1.0,7,0,1.0
masked,distilroberta-base,distilroberta-base,,1.0,7,1,8.0
masked,distilroberta-base,distilroberta-base,,1.0,7,2,22.0
masked,distilroberta-base,distilroberta-base,,1.0,7,3,29.0
masked,distilroberta-base,distilroberta-base,,1.0,7,4,38.0
masked,distilroberta-base,distilroberta-base,,1.0,7,5,34.0
masked,distilroberta-base,distilroberta-base,,1.0,7,6,39.0
masked,distilroberta-base,distilroberta-base,,1.0,7,7,41.0
masked,distilroberta-base,distilroberta-base,,1.0,7,8,43.0
masked,distilroberta-base,distilroberta-base,,1.0,7,9,36.0
masked,distilroberta-base,distilroberta-base,,1.0,7,10,39.0
masked,distilroberta-base,distilroberta-base,,1.0,7,11,39.0
masked,distilroberta-base,distilroberta-base,,1.0,7,12,36.0
masked,distilroberta-base,distilroberta-base,,1.0,7,13,43.0
masked,distilroberta-base,distilroberta-base,,1.0,7,14,45.0
masked,distilroberta-base,distilroberta-base,,1.0,7,15,45.0
masked,distilroberta-base,distilroberta-base,,1.0,7,16,46.0
masked,distilroberta-base,distilroberta-base,,1.0,7,17,45.0
masked,distilroberta-base,distilroberta-base,,1.0,7,18,45.0
masked,distilroberta-base,distilroberta-base,,1.0,7,19,45.0
masked,distilroberta-base,distilroberta-base,,1.0,7,20,46.0
masked,distilroberta-base,distilroberta-base,,1.0,7,21,47.0
masked,distilroberta-base,distilroberta-base,,1.0,7,22,48.0
masked,distilroberta-base,distilroberta-base,,1.0,7,23,48.0
masked,distilroberta-base,distilroberta-base,,1.0,7,24,48.0
masked,distilroberta-base,distilroberta-base,,1.0,7,25,48.0
masked,distilroberta-base,distilroberta-base,,1.0,7,26,48.0
masked,distilroberta-base,distilroberta-base,,1.0,7,27,48.0
masked,distilroberta-base,distilroberta-base,,1.0,7,28,48.0
masked,distilroberta-base,distilroberta-base,,1.0,7,29,48.0
masked,distilroberta-base,distilroberta-base,,1.0,7,30,48.0
masked,distilroberta-base,distilroberta-base,,1.0,7,31,48.0
masked,distilroberta-base,distilroberta-base,,1.0,7,32,48.0
masked,distilroberta-base,distilroberta-base,,1.0,7,33,48.0
masked,distilroberta-base,distilroberta-base,,1.0,7,34,48.0
masked,distilroberta-base,distilroberta-base,,1.0,7,35,48.0
masked,distilroberta-base,distilroberta-base,,1.0,7,36,48.0
masked,distilroberta-base,distilroberta-base,,1.0,7,37,48.0
masked,distilroberta-base,distilroberta-base,,1.0,7,38,48.0
masked,distilroberta-base,distilroberta-base,,1.0,7,39,48.0
masked,distilroberta-base,distilroberta-base,,1.0,7,40,48.0
masked,distilroberta-base,distilroberta-base,,1.0,7,41,48.0
masked,distilroberta-base,distilroberta-base,,1.0,7,42,48.0
masked,distilroberta-base,distilroberta-base,,1.0,7,43,48.0
masked,distilroberta-base,distilroberta-base,,1.0,7,44,48.0
masked,distilroberta-base,distilroberta-base,,1.0,7,45,48.0
masked,distilroberta-base,distilroberta-base,,1.0,7,46,48.0
masked,distilroberta-base,distilroberta-base,,1.0,7,47,48.0
masked,distilroberta-base,distilroberta-base,,1.0,7,48,48.0
masked,distilroberta-base,distilroberta-base,,1.0,7,49,48.0
masked,distilroberta-base,distilroberta-base,,1.0,7,50,48.0
masked,distilroberta-base,distilroberta-base,,1.0,7,51,48.0
masked,distilroberta-base,distilroberta-base,,1.0,7,52,48.0
masked,distilroberta-base,distilroberta-base,,1.0,7,53,48.0
masked,distilroberta-base,distilroberta-base,,1.0,7,54,48.0
masked,distilroberta-base,distilroberta-base,,1.0,7,55,48.0
masked,distilroberta-base,distilroberta-base,,1.0,7,56,48.0
masked,distilroberta-base,distilroberta-base,,1.0,7,57,48.0
masked,distilroberta-base,distilroberta-base,,1.0,7,58,48.0
masked,distilroberta-base,distilroberta-base,,1.0,7,59,48.0
masked,distilroberta-base,distilroberta-base,,1.0,7,60,48.0
masked,distilroberta-base,distilroberta-base,,1.0,7,61,48.0
masked,distilroberta-base,distilroberta-base,,1.0,7,62,48.0
masked,distilroberta-base,distilroberta-base,,1.0,7,63,48.0
masked,distilroberta-base,distilroberta-base,,1.0,7,64,48.0
masked,distilroberta-base,distilroberta-base,,1.0,7,65,48.0
masked,distilroberta-base,distilroberta-base,,1.0,7,66,48.0
masked,distilroberta-base,distilroberta-base,,1.0,7,67,48.0
masked,distilroberta-base,distilroberta-base,,1.0,7,68,48.0
masked,distilroberta-base,distilroberta-base,,1.0,7,69,48.0
masked,distilroberta-base,distilroberta-base,,1.0,7,70,48.0
masked,distilroberta-base,distilroberta-base,,1.0,7,71,48.0
masked,distilroberta-base,distilroberta-base,,1.0,7,72,48.0
masked,distilroberta-base,distilroberta-base,,1.0,7,73,48.0
masked,distilroberta-base,distilroberta-base,,1.0,7,74,48.0
masked,distilroberta-base,distilroberta-base,,1.0,7,75,48.0
masked,distilroberta-base,distilroberta-base,,1.0,7,76,48.0
masked,distilroberta-base,distilroberta-base,,1.0,7,77,48.0
masked,distilroberta-base,distilroberta-base,,1.0,7,78,48.0
masked,distilroberta-base,distilroberta-base,,1.0,7,79,48.0
masked,distilroberta-base,distilroberta-base,,1.0,7,80,48.0
masked,bert-base-uncased,bert-base-uncased,,1.0,0,0,1.0
masked,bert-base-uncased,bert-base-uncased,,1.0,0,1,6.0
masked,bert-base-uncased,bert-base-uncased,,1.0,0,2,16.0
masked,bert-base-uncased,bert-base-uncased,,1.0,0,3,27.0
masked,bert-base-uncased,bert-base-uncased,,1.0,0,4,34.0
masked,bert-base-uncased,bert-base-uncased,,1.0,0,5,33.0
masked,bert-base-uncased,bert-base-uncased,,1.0,0,6,35.0
masked,bert-base-uncased,bert-base-uncased,,1.0,0,7,35.0
masked,bert-base-uncased,bert-base-uncased,,1.0,0,8,38.0
masked,bert-base-uncased,bert-base-uncased,,1.0,0,9,40.0
masked,bert-base-uncased,bert-base-uncased,,1.0,0,10,38.0
masked,bert-base-uncased,bert-base-uncased,,1.0,0,11,39.0
masked,bert-base-uncased,bert-base-uncased,,1.0,0,12,43.0
masked,bert-base-uncased,bert-base-uncased,,1.0,0,13,41.0
masked,bert-base-uncased,bert-base-uncased,,1.0,0,14,42.0
masked,bert-base-uncased,bert-base-uncased,,1.0,0,15,42.0
masked,bert-base-uncased,bert-base-uncased,,1.0,0,16,40.0
masked,bert-base-uncased,bert-base-uncased,,1.0,0,17,44.0
masked,bert-base-uncased,bert-base-uncased,,1.0,0,18,43.0
masked,bert-base-uncased,bert-base-uncased,,1.0,0,19,41.0
masked,bert-base-uncased,bert-base-uncased,,1.0,0,20,40.0
masked,bert-base-uncased,bert-base-uncased,,1.0,0,21,41.0
masked,bert-base-uncased,bert-base-uncased,,1.0,0,22,39.0
masked,bert-base-uncased,bert-base-uncased,,1.0,0,23,38.0
masked,bert-base-uncased,bert-base-uncased,,1.0,0,24,38.0
masked,bert-base-uncased,bert-base-uncased,,1.0,0,25,36.0
masked,bert-base-uncased,bert-base-uncased,,1.0,0,26,38.0
masked,bert-base-uncased,bert-base-uncased,,1.0,0,27,34.0
masked,bert-base-uncased,bert-base-uncased,,1.0,0,28,32.0
masked,bert-base-uncased,bert-base-uncased,,1.0,0,29,33.0
masked,bert-base-uncased,bert-base-uncased,,1.0,0,30,26.0
masked,bert-base-uncased,bert-base-uncased,,1.0,0,31,10.0
masked,bert-base-uncased,bert-base-uncased,,1.0,0,32,19.0
masked,bert-base-uncased,bert-base-uncased,,1.0,0,33,11.0
masked,bert-base-uncased,bert-base-uncased,,1.0,0,34,14.0
masked,bert-base-uncased,bert-base-uncased,,1.0,0,35,12.0
masked,bert-base-uncased,bert-base-uncased,,1.0,0,36,11.0
masked,bert-base-uncased,bert-base-uncased,,1.0,0,37,6.0
masked,bert-base-uncased,bert-base-uncased,,1.0,0,38,3.0
masked,bert-base-uncased,bert-base-uncased,,1.0,0,39,5.0
masked,bert-base-uncased,bert-base-uncased,,1.0,0,40,5.0
masked,bert-base-uncased,bert-base-uncased,,1.0,0,41,6.0
masked,bert-base-uncased,bert-base-uncased,,1.0,0,42,4.0
masked,bert-base-uncased,bert-base-uncased,,1.0,0,43,1.0
masked,bert-base-uncased,bert-base-uncased,,1.0,0,44,11.0
masked,bert-base-uncased,bert-base-uncased,,1.0,0,45,8.0
masked,bert-base-uncased,bert-base-uncased,,1.0,0,46,8.0
masked,bert-base-uncased,bert-base-uncased,,1.0,0,47,5.0
masked,bert-base-uncased,bert-base-uncased,,1.0,0,48,10.0
masked,bert-base-uncased,bert-base-uncased,,1.0,0,49,2.0
masked,bert-base-uncased,bert-base-uncased,,1.0,0,50,6.0
masked,bert-base-uncased,bert-base-uncased,,1.0,0,51,4.0
masked,bert-base-uncased,bert-base-uncased,,1.0,0,52,9.0
masked,bert-base-uncased,bert-base-uncased,,1.0,0,53,8.0
masked,bert-base-uncased,bert-base-uncased,,1.0,0,54,11.0
masked,bert-base-uncased,bert-base-uncased,,1.0,0,55,6.0
masked,bert-base-uncased,bert-base-uncased,,1.0,0,56,15.0
masked,bert-base-uncased,bert-base-uncased,,1.0,0,57,5.0
masked,bert-base-uncased,bert-base-uncased,,1.0,0,58,10.0
masked,bert-base-uncased,bert-base-uncased,,1.0,0,59,8.0
masked,bert-base-uncased,bert-base-uncased,,1.0,0,60,20.0
masked,bert-base-uncased,bert-base-uncased,,1.0,0,61,16.0
masked,bert-base-uncased,bert-base-uncased,,1.0,0,62,21.0
masked,bert-base-uncased,bert-base-uncased,,1.0,0,63,25.0
masked,bert-base-uncased,bert-base-uncased,,1.0,0,64,29.0
masked,bert-base-uncased,bert-base-uncased,,1.0,0,65,22.0
masked,bert-base-uncased,bert-base-uncased,,1.0,0,66,23.0
masked,bert-base-uncased,bert-base-uncased,,1.0,0,67,15.0
masked,bert-base-uncased,bert-base-uncased,,1.0,0,68,23.0
masked,bert-base-uncased,bert-base-uncased,,1.0,0,69,12.0
masked,bert-base-uncased,bert-base-uncased,,1.0,0,70,23.0
masked,bert-base-uncased,bert-base-uncased,,1.0,0,71,8.0
masked,bert-base-uncased,bert-base-uncased,,1.0,0,72,11.0
masked,bert-base-uncased,bert-base-uncased,,1.0,0,73,6.0
masked,bert-base-uncased,bert-base-uncased,,1.0,0,74,13.0
masked,bert-base-uncased,bert-base-uncased,,1.0,0,75,6.0
masked,bert-base-uncased,bert-base-uncased,,1.0,0,76,10.0
masked,bert-base-uncased,bert-base-uncased,,1.0,0,77,9.0
masked,bert-base-uncased,bert-base-uncased,,1.0,0,78,21.0
masked,bert-base-uncased,bert-base-uncased,,1.0,0,79,15.0
masked,bert-base-uncased,bert-base-uncased,,1.0,0,80,12.0
masked,bert-base-uncased,bert-base-uncased,,1.0,1,0,1.0
masked,bert-base-uncased,bert-base-uncased,,1.0,1,1,5.0
masked,bert-base-uncased,bert-base-uncased,,1.0,1,2,14.0
masked,bert-base-uncased,bert-base-uncased,,1.0,1,3,22.0
masked,bert-base-uncased,bert-base-uncased,,1.0,1,4,31.0
masked,bert-base-uncased,bert-base-uncased,,1.0,1,5,42.0
masked,bert-base-uncased,bert-base-uncased,,1.0,1,6,38.0
masked,bert-base-uncased,bert-base-uncased,,1.0,1,7,33.0
masked,bert-base-uncased,bert-base-uncased,,1.0,1,8,37.0
masked,bert-base-uncased,bert-base-uncased,,1.0,1,9,40.0
masked,bert-base-uncased,bert-base-uncased,,1.0,1,10,38.0
masked,bert-base-uncased,bert-base-uncased,,1.0,1,11,39.0
masked,bert-base-uncased,bert-base-uncased,,1.0,1,12,36.0
masked,bert-base-uncased,bert-base-uncased,,1.0,1,13,38.0
masked,bert-base-uncased,bert-base-uncased,,1.0,1,14,34.0
masked,bert-base-uncased,bert-base-uncased,,1.0,1,15,30.0
masked,bert-base-uncased,bert-base-uncased,,1.0,1,16,28.0
masked,bert-base-uncased,bert-base-uncased,,1.0,1,17,28.0
masked,bert-base-uncased,bert-base-uncased,,1.0,1,18,12.0
masked,bert-base-uncased,bert-base-uncased,,1.0,1,19,17.0
masked,bert-base-uncased,bert-base-uncased,,1.0,1,20,15.0
masked,bert-base-uncased,bert-base-uncased,,1.0,1,21,7.0
masked,bert-base-uncased,bert-base-uncased,,1.0,1,22,9.0
masked,bert-base-uncased,bert-base-uncased,,1.0,1,23,10.0
masked,bert-base-uncased,bert-base-uncased,,1.0,1,24,6.0
masked,bert-base-uncased,bert-base-uncased,,1.0,1,25,11.0
masked,bert-base-uncased,bert-base-uncased,,1.0,1,26,12.0
masked,bert-base-uncased,bert-base-uncased,,1.0,1,27,20.0
masked,bert-base-uncased,bert-base-uncased,,1.0,1,28,16.0
masked,bert-base-uncased,bert-base-uncased,,1.0,1,29,17.0
masked,bert-base-uncased,bert-base-uncased,,1.0,1,30,34.0
masked,bert-base-uncased,bert-base-uncased,,1.0,1,31,28.0
masked,bert-base-uncased,bert-base-uncased,,1.0,1,32,23.0
masked,bert-base-uncased,bert-base-uncased,,1.0,1,33,30.0
masked,bert-base-uncased,bert-base-uncased,,1.0,1,34,42.0
masked,bert-base-uncased,bert-base-uncased,,1.0,1,35,44.0
masked,bert-base-uncased,bert-base-uncased,,1.0,1,36,38.0
masked,bert-base-uncased,bert-base-uncased,,1.0,1,37,37.0
masked,bert-base-uncased,bert-base-uncased,,1.0,1,38,43.0
masked,bert-base-uncased,bert-base-uncased,,1.0,1,39,35.0
masked,bert-base-uncased,bert-base-uncased,,1.0,1,40,43.0
masked,bert-base-uncased,bert-base-uncased,,1.0,1,41,35.0
masked,bert-base-uncased,bert-base-uncased,,1.0,1,42,46.0
masked,bert-base-uncased,bert-base-uncased,,1.0,1,43,34.0
masked,bert-base-uncased,bert-base-uncased,,1.0,1,44,43.0
masked,bert-base-uncased,bert-base-uncased,,1.0,1,45,37.0
masked,bert-base-uncased,bert-base-uncased,,1.0,1,46,45.0
masked,bert-base-uncased,bert-base-uncased,,1.0,1,47,41.0
masked,bert-base-uncased,bert-base-uncased,,1.0,1,48,43.0
masked,bert-base-uncased,bert-base-uncased,,1.0,1,49,40.0
masked,bert-base-uncased,bert-base-uncased,,1.0,1,50,43.0
masked,bert-base-uncased,bert-base-uncased,,1.0,1,51,46.0
masked,bert-base-uncased,bert-base-uncased,,1.0,1,52,40.0
masked,bert-base-uncased,bert-base-uncased,,1.0,1,53,44.0
masked,bert-base-uncased,bert-base-uncased,,1.0,1,54,45.0
masked,bert-base-uncased,bert-base-uncased,,1.0,1,55,40.0
masked,bert-base-uncased,bert-base-uncased,,1.0,1,56,45.0
masked,bert-base-uncased,bert-base-uncased,,1.0,1,57,41.0
masked,bert-base-uncased,bert-base-uncased,,1.0,1,58,44.0
masked,bert-base-uncased,bert-base-uncased,,1.0,1,59,42.0
masked,bert-base-uncased,bert-base-uncased,,1.0,1,60,38.0
masked,bert-base-uncased,bert-base-uncased,,1.0,1,61,41.0
masked,bert-base-uncased,bert-base-uncased,,1.0,1,62,38.0
masked,bert-base-uncased,bert-base-uncased,,1.0,1,63,42.0
masked,bert-base-uncased,bert-base-uncased,,1.0,1,64,32.0
masked,bert-base-uncased,bert-base-uncased,,1.0,1,65,41.0
masked,bert-base-uncased,bert-base-uncased,,1.0,1,66,43.0
masked,bert-base-uncased,bert-base-uncased,,1.0,1,67,47.0
masked,bert-base-uncased,bert-base-uncased,,1.0,1,68,44.0
masked,bert-base-uncased,bert-base-uncased,,1.0,1,69,43.0
masked,bert-base-uncased,bert-base-uncased,,1.0,1,70,44.0
masked,bert-base-uncased,bert-base-uncased,,1.0,1,71,37.0
masked,bert-base-uncased,bert-base-uncased,,1.0,1,72,44.0
masked,bert-base-uncased,bert-base-uncased,,1.0,1,73,39.0
masked,bert-base-uncased,bert-base-uncased,,1.0,1,74,40.0
masked,bert-base-uncased,bert-base-uncased,,1.0,1,75,43.0
masked,bert-base-uncased,bert-base-uncased,,1.0,1,76,42.0
masked,bert-base-uncased,bert-base-uncased,,1.0,1,77,45.0
masked,bert-base-uncased,bert-base-uncased,,1.0,1,78,40.0
masked,bert-base-uncased,bert-base-uncased,,1.0,1,79,40.0
masked,bert-base-uncased,bert-base-uncased,,1.0,1,80,43.0
masked,bert-base-uncased,bert-base-uncased,,1.0,2,0,1.0
masked,bert-base-uncased,bert-base-uncased,,1.0,2,1,6.0
masked,bert-base-uncased,bert-base-uncased,,1.0,2,2,17.0
masked,bert-base-uncased,bert-base-uncased,,1.0,2,3,33.0
masked,bert-base-uncased,bert-base-uncased,,1.0,2,4,40.0
masked,bert-base-uncased,bert-base-uncased,,1.0,2,5,39.0
masked,bert-base-uncased,bert-base-uncased,,1.0,2,6,33.0
masked,bert-base-uncased,bert-base-uncased,,1.0,2,7,30.0
masked,bert-base-uncased,bert-base-uncased,,1.0,2,8,34.0
masked,bert-base-uncased,bert-base-uncased,,1.0,2,9,39.0
masked,bert-base-uncased,bert-base-uncased,,1.0,2,10,41.0
masked,bert-base-uncased,bert-base-uncased,,1.0,2,11,40.0
masked,bert-base-uncased,bert-base-uncased,,1.0,2,12,38.0
masked,bert-base-uncased,bert-base-uncased,,1.0,2,13,47.0
masked,bert-base-uncased,bert-base-uncased,,1.0,2,14,44.0
masked,bert-base-uncased,bert-base-uncased,,1.0,2,15,43.0
masked,bert-base-uncased,bert-base-uncased,,1.0,2,16,41.0
masked,bert-base-uncased,bert-base-uncased,,1.0,2,17,46.0
masked,bert-base-uncased,bert-base-uncased,,1.0,2,18,48.0
masked,bert-base-uncased,bert-base-uncased,,1.0,2,19,42.0
masked,bert-base-uncased,bert-base-uncased,,1.0,2,20,45.0
masked,bert-base-uncased,bert-base-uncased,,1.0,2,21,43.0
masked,bert-base-uncased,bert-base-uncased,,1.0,2,22,43.0
masked,bert-base-uncased,bert-base-uncased,,1.0,2,23,39.0
masked,bert-base-uncased,bert-base-uncased,,1.0,2,24,43.0
masked,bert-base-uncased,bert-base-uncased,,1.0,2,25,40.0
masked,bert-base-uncased,bert-base-uncased,,1.0,2,26,35.0
masked,bert-base-uncased,bert-base-uncased,,1.0,2,27,28.0
masked,bert-base-uncased,bert-base-uncased,,1.0,2,28,36.0
masked,bert-base-uncased,bert-base-uncased,,1.0,2,29,24.0
masked,bert-base-uncased,bert-base-uncased,,1.0,2,30,22.0
masked,bert-base-uncased,bert-base-uncased,,1.0,2,31,7.0
masked,bert-base-uncased,bert-base-uncased,,1.0,2,32,6.0
masked,bert-base-uncased,bert-base-uncased,,1.0,2,33,2.0
masked,bert-base-uncased,bert-base-uncased,,1.0,2,34,5.0
masked,bert-base-uncased,bert-base-uncased,,1.0,2,35,1.0
masked,bert-base-uncased,bert-base-uncased,,1.0,2,36,5.0
masked,bert-base-uncased,bert-base-uncased,,1.0,2,37,1.0
masked,bert-base-uncased,bert-base-uncased,,1.0,2,38,2.0
masked,bert-base-uncased,bert-base-uncased,,1.0,2,39,1.0
masked,bert-base-uncased,bert-base-uncased,,1.0,2,40,5.0
masked,bert-base-uncased,bert-base-uncased,,1.0,2,41,3.0
masked,bert-base-uncased,bert-base-uncased,,1.0,2,42,5.0
masked,bert-base-uncased,bert-base-uncased,,1.0,2,43,2.0
masked,bert-base-uncased,bert-base-uncased,,1.0,2,44,2.0
masked,bert-base-uncased,bert-base-uncased,,1.0,2,45,3.0
masked,bert-base-uncased,bert-base-uncased,,1.0,2,46,1.0
masked,bert-base-uncased,bert-base-uncased,,1.0,2,47,1.0
masked,bert-base-uncased,bert-base-uncased,,1.0,2,48,5.0
masked,bert-base-uncased,bert-base-uncased,,1.0,2,49,1.0
masked,bert-base-uncased,bert-base-uncased,,1.0,2,50,8.0
masked,bert-base-uncased,bert-base-uncased,,1.0,2,51,16.0
masked,bert-base-uncased,bert-base-uncased,,1.0,2,52,13.0
masked,bert-base-uncased,bert-base-uncased,,1.0,2,53,4.0
masked,bert-base-uncased,bert-base-uncased,,1.0,2,54,6.0
masked,bert-base-uncased,bert-base-uncased,,1.0,2,55,6.0
masked,bert-base-uncased,bert-base-uncased,,1.0,2,56,6.0
masked,bert-base-uncased,bert-base-uncased,,1.0,2,57,4.0
masked,bert-base-uncased,bert-base-uncased,,1.0,2,58,8.0
masked,bert-base-uncased,bert-base-uncased,,1.0,2,59,1.0
masked,bert-base-uncased,bert-base-uncased,,1.0,2,60,4.0
masked,bert-base-uncased,bert-base-uncased,,1.0,2,61,2.0
masked,bert-base-uncased,bert-base-uncased,,1.0,2,62,8.0
masked,bert-base-uncased,bert-base-uncased,,1.0,2,63,4.0
masked,bert-base-uncased,bert-base-uncased,,1.0,2,64,5.0
masked,bert-base-uncased,bert-base-uncased,,1.0,2,65,3.0
masked,bert-base-uncased,bert-base-uncased,,1.0,2,66,10.0
masked,bert-base-uncased,bert-base-uncased,,1.0,2,67,5.0
masked,bert-base-uncased,bert-base-uncased,,1.0,2,68,12.0
masked,bert-base-uncased,bert-base-uncased,,1.0,2,69,6.0
masked,bert-base-uncased,bert-base-uncased,,1.0,2,70,18.0
masked,bert-base-uncased,bert-base-uncased,,1.0,2,71,7.0
masked,bert-base-uncased,bert-base-uncased,,1.0,2,72,15.0
masked,bert-base-uncased,bert-base-uncased,,1.0,2,73,5.0
masked,bert-base-uncased,bert-base-uncased,,1.0,2,74,7.0
masked,bert-base-uncased,bert-base-uncased,,1.0,2,75,1.0
masked,bert-base-uncased,bert-base-uncased,,1.0,2,76,3.0
masked,bert-base-uncased,bert-base-uncased,,1.0,2,77,4.0
masked,bert-base-uncased,bert-base-uncased,,1.0,2,78,5.0
masked,bert-base-uncased,bert-base-uncased,,1.0,2,79,1.0
masked,bert-base-uncased,bert-base-uncased,,1.0,2,80,4.0
masked,bert-base-uncased,bert-base-uncased,,1.0,3,0,1.0
masked,bert-base-uncased,bert-base-uncased,,1.0,3,1,5.0
masked,bert-base-uncased,bert-base-uncased,,1.0,3,2,7.0
masked,bert-base-uncased,bert-base-uncased,,1.0,3,3,24.0
masked,bert-base-uncased,bert-base-uncased,,1.0,3,4,27.0
masked,bert-base-uncased,bert-base-uncased,,1.0,3,5,38.0
masked,bert-base-uncased,bert-base-uncased,,1.0,3,6,41.0
masked,bert-base-uncased,bert-base-uncased,,1.0,3,7,37.0
masked,bert-base-uncased,bert-base-uncased,,1.0,3,8,43.0
masked,bert-base-uncased,bert-base-uncased,,1.0,3,9,36.0
masked,bert-base-uncased,bert-base-uncased,,1.0,3,10,37.0
masked,bert-base-uncased,bert-base-uncased,,1.0,3,11,34.0
masked,bert-base-uncased,bert-base-uncased,,1.0,3,12,35.0
masked,bert-base-uncased,bert-base-uncased,,1.0,3,13,36.0
masked,bert-base-uncased,bert-base-uncased,,1.0,3,14,31.0
masked,bert-base-uncased,bert-base-uncased,,1.0,3,15,29.0
masked,bert-base-uncased,bert-base-uncased,,1.0,3,16,30.0
masked,bert-base-uncased,bert-base-uncased,,1.0,3,17,41.0
masked,bert-base-uncased,bert-base-uncased,,1.0,3,18,47.0
masked,bert-base-uncased,bert-base-uncased,,1.0,3,19,43.0
masked,bert-base-uncased,bert-base-uncased,,1.0,3,20,39.0
masked,bert-base-uncased,bert-base-uncased,,1.0,3,21,42.0
masked,bert-base-uncased,bert-base-uncased,,1.0,3,22,46.0
masked,bert-base-uncased,bert-base-uncased,,1.0,3,23,33.0
masked,bert-base-uncased,bert-base-uncased,,1.0,3,24,43.0
masked,bert-base-uncased,bert-base-uncased,,1.0,3,25,40.0
masked,bert-base-uncased,bert-base-uncased,,1.0,3,26,42.0
masked,bert-base-uncased,bert-base-uncased,,1.0,3,27,44.0
masked,bert-base-uncased,bert-base-uncased,,1.0,3,28,39.0
masked,bert-base-uncased,bert-base-uncased,,1.0,3,29,43.0
masked,bert-base-uncased,bert-base-uncased,,1.0,3,30,44.0
masked,bert-base-uncased,bert-base-uncased,,1.0,3,31,41.0
masked,bert-base-uncased,bert-base-uncased,,1.0,3,32,38.0
masked,bert-base-uncased,bert-base-uncased,,1.0,3,33,43.0
masked,bert-base-uncased,bert-base-uncased,,1.0,3,34,33.0
masked,bert-base-uncased,bert-base-uncased,,1.0,3,35,41.0
masked,bert-base-uncased,bert-base-uncased,,1.0,3,36,46.0
masked,bert-base-uncased,bert-base-uncased,,1.0,3,37,41.0
masked,bert-base-uncased,bert-base-uncased,,1.0,3,38,44.0
masked,bert-base-uncased,bert-base-uncased,,1.0,3,39,46.0
masked,bert-base-uncased,bert-base-uncased,,1.0,3,40,43.0
masked,bert-base-uncased,bert-base-uncased,,1.0,3,41,45.0
masked,bert-base-uncased,bert-base-uncased,,1.0,3,42,44.0
masked,bert-base-uncased,bert-base-uncased,,1.0,3,43,46.0
masked,bert-base-uncased,bert-base-uncased,,1.0,3,44,42.0
masked,bert-base-uncased,bert-base-uncased,,1.0,3,45,38.0
masked,bert-base-uncased,bert-base-uncased,,1.0,3,46,46.0
masked,bert-base-uncased,bert-base-uncased,,1.0,3,47,34.0
masked,bert-base-uncased,bert-base-uncased,,1.0,3,48,42.0
masked,bert-base-uncased,bert-base-uncased,,1.0,3,49,43.0
masked,bert-base-uncased,bert-base-uncased,,1.0,3,50,41.0
masked,bert-base-uncased,bert-base-uncased,,1.0,3,51,43.0
masked,bert-base-uncased,bert-base-uncased,,1.0,3,52,35.0
masked,bert-base-uncased,bert-base-uncased,,1.0,3,53,34.0
masked,bert-base-uncased,bert-base-uncased,,1.0,3,54,39.0
masked,bert-base-uncased,bert-base-uncased,,1.0,3,55,44.0
masked,bert-base-uncased,bert-base-uncased,,1.0,3,56,41.0
masked,bert-base-uncased,bert-base-uncased,,1.0,3,57,45.0
masked,bert-base-uncased,bert-base-uncased,,1.0,3,58,38.0
masked,bert-base-uncased,bert-base-uncased,,1.0,3,59,38.0
masked,bert-base-uncased,bert-base-uncased,,1.0,3,60,44.0
masked,bert-base-uncased,bert-base-uncased,,1.0,3,61,39.0
masked,bert-base-uncased,bert-base-uncased,,1.0,3,62,45.0
masked,bert-base-uncased,bert-base-uncased,,1.0,3,63,42.0
masked,bert-base-uncased,bert-base-uncased,,1.0,3,64,45.0
masked,bert-base-uncased,bert-base-uncased,,1.0,3,65,39.0
masked,bert-base-uncased,bert-base-uncased,,1.0,3,66,43.0
masked,bert-base-uncased,bert-base-uncased,,1.0,3,67,42.0
masked,bert-base-uncased,bert-base-uncased,,1.0,3,68,41.0
masked,bert-base-uncased,bert-base-uncased,,1.0,3,69,33.0
masked,bert-base-uncased,bert-base-uncased,,1.0,3,70,35.0
masked,bert-base-uncased,bert-base-uncased,,1.0,3,71,39.0
masked,bert-base-uncased,bert-base-uncased,,1.0,3,72,40.0
masked,bert-base-uncased,bert-base-uncased,,1.0,3,73,43.0
masked,bert-base-uncased,bert-base-uncased,,1.0,3,74,39.0
masked,bert-base-uncased,bert-base-uncased,,1.0,3,75,44.0
masked,bert-base-uncased,bert-base-uncased,,1.0,3,76,35.0
masked,bert-base-uncased,bert-base-uncased,,1.0,3,77,37.0
masked,bert-base-uncased,bert-base-uncased,,1.0,3,78,44.0
masked,bert-base-uncased,bert-base-uncased,,1.0,3,79,44.0
masked,bert-base-uncased,bert-base-uncased,,1.0,3,80,36.0
masked,bert-base-uncased,bert-base-uncased,,1.0,4,0,1.0
masked,bert-base-uncased,bert-base-uncased,,1.0,4,1,2.0
masked,bert-base-uncased,bert-base-uncased,,1.0,4,2,7.0
masked,bert-base-uncased,bert-base-uncased,,1.0,4,3,17.0
masked,bert-base-uncased,bert-base-uncased,,1.0,4,4,26.0
masked,bert-base-uncased,bert-base-uncased,,1.0,4,5,26.0
masked,bert-base-uncased,bert-base-uncased,,1.0,4,6,33.0
masked,bert-base-uncased,bert-base-uncased,,1.0,4,7,31.0
masked,bert-base-uncased,bert-base-uncased,,1.0,4,8,33.0
masked,bert-base-uncased,bert-base-uncased,,1.0,4,9,32.0
masked,bert-base-uncased,bert-base-uncased,,1.0,4,10,30.0
masked,bert-base-uncased,bert-base-uncased,,1.0,4,11,22.0
masked,bert-base-uncased,bert-base-uncased,,1.0,4,12,24.0
masked,bert-base-uncased,bert-base-uncased,,1.0,4,13,16.0
masked,bert-base-uncased,bert-base-uncased,,1.0,4,14,8.0
masked,bert-base-uncased,bert-base-uncased,,1.0,4,15,1.0
masked,bert-base-uncased,bert-base-uncased,,1.0,4,16,5.0
masked,bert-base-uncased,bert-base-uncased,,1.0,4,17,1.0
masked,bert-base-uncased,bert-base-uncased,,1.0,4,18,7.0
masked,bert-base-uncased,bert-base-uncased,,1.0,4,19,1.0
masked,bert-base-uncased,bert-base-uncased,,1.0,4,20,6.0
masked,bert-base-uncased,bert-base-uncased,,1.0,4,21,2.0
masked,bert-base-uncased,bert-base-uncased,,1.0,4,22,10.0
masked,bert-base-uncased,bert-base-uncased,,1.0,4,23,6.0
masked,bert-base-uncased,bert-base-uncased,,1.0,4,24,10.0
masked,bert-base-uncased,bert-base-uncased,,1.0,4,25,4.0
masked,bert-base-uncased,bert-base-uncased,,1.0,4,26,8.0
masked,bert-base-uncased,bert-base-uncased,,1.0,4,27,2.0
masked,bert-base-uncased,bert-base-uncased,,1.0,4,28,0.0
masked,bert-base-uncased,bert-base-uncased,,1.0,4,29,0.0
masked,bert-base-uncased,bert-base-uncased,,1.0,4,30,0.0
masked,bert-base-uncased,bert-base-uncased,,1.0,4,31,0.0
masked,bert-base-uncased,bert-base-uncased,,1.0,4,32,0.0
masked,bert-base-uncased,bert-base-uncased,,1.0,4,33,0.0
masked,bert-base-uncased,bert-base-uncased,,1.0,4,34,0.0
masked,bert-base-uncased,bert-base-uncased,,1.0,4,35,0.0
masked,bert-base-uncased,bert-base-uncased,,1.0,4,36,0.0
masked,bert-base-uncased,bert-base-uncased,,1.0,4,37,0.0
masked,bert-base-uncased,bert-base-uncased,,1.0,4,38,0.0
masked,bert-base-uncased,bert-base-uncased,,1.0,4,39,0.0
masked,bert-base-uncased,bert-base-uncased,,1.0,4,40,0.0
masked,bert-base-uncased,bert-base-uncased,,1.0,4,41,0.0
masked,bert-base-uncased,bert-base-uncased,,1.0,4,42,0.0
masked,bert-base-uncased,bert-base-uncased,,1.0,4,43,0.0
masked,bert-base-uncased,bert-base-uncased,,1.0,4,44,0.0
masked,bert-base-uncased,bert-base-uncased,,1.0,4,45,0.0
masked,bert-base-uncased,bert-base-uncased,,1.0,4,46,0.0
masked,bert-base-uncased,bert-base-uncased,,1.0,4,47,0.0
masked,bert-base-uncased,bert-base-uncased,,1.0,4,48,0.0
masked,bert-base-uncased,bert-base-uncased,,1.0,4,49,0.0
masked,bert-base-uncased,bert-base-uncased,,1.0,4,50,0.0
masked,bert-base-uncased,bert-base-uncased,,1.0,4,51,0.0
masked,bert-base-uncased,bert-base-uncased,,1.0,4,52,0.0
masked,bert-base-uncased,bert-base-uncased,,1.0,4,53,0.0
masked,bert-base-uncased,bert-base-uncased,,1.0,4,54,0.0
masked,bert-base-uncased,bert-base-uncased,,1.0,4,55,0.0
masked,bert-base-uncased,bert-base-uncased,,1.0,4,56,0.0
masked,bert-base-uncased,bert-base-uncased,,1.0,4,57,0.0
masked,bert-base-uncased,bert-base-uncased,,1.0,4,58,0.0
masked,bert-base-uncased,bert-base-uncased,,1.0,4,59,0.0
masked,bert-base-uncased,bert-base-uncased,,1.0,4,60,0.0
masked,bert-base-uncased,bert-base-uncased,,1.0,4,61,0.0
masked,bert-base-uncased,bert-base-uncased,,1.0,4,62,0.0
masked,bert-base-uncased,bert-base-uncased,,1.0,4,63,0.0
masked,bert-base-uncased,bert-base-uncased,,1.0,4,64,0.0
masked,bert-base-uncased,bert-base-uncased,,1.0,4,65,0.0
masked,bert-base-uncased,bert-base-uncased,,1.0,4,66,0.0
masked,bert-base-uncased,bert-base-uncased,,1.0,4,67,0.0
masked,bert-base-uncased,bert-base-uncased,,1.0,4,68,0.0
masked,bert-base-uncased,bert-base-uncased,,1.0,4,69,0.0
masked,bert-base-uncased,bert-base-uncased,,1.0,4,70,0.0
masked,bert-base-uncased,bert-base-uncased,,1.0,4,71,0.0
masked,bert-base-uncased,bert-base-uncased,,1.0,4,72,0.0
masked,bert-base-uncased,bert-base-uncased,,1.0,4,73,0.0
masked,bert-base-uncased,bert-base-uncased,,1.0,4,74,0.0
masked,bert-base-uncased,bert-base-uncased,,1.0,4,75,0.0
masked,bert-base-uncased,bert-base-uncased,,1.0,4,76,0.0
masked,bert-base-uncased,bert-base-uncased,,1.0,4,77,0.0
masked,bert-base-uncased,bert-base-uncased,,1.0,4,78,0.0
masked,bert-base-uncased,bert-base-uncased,,1.0,4,79,0.0
masked,bert-base-uncased,bert-base-uncased,,1.0,4,80,0.0
masked,bert-base-uncased,bert-base-uncased,,1.0,5,0,1.0
masked,bert-base-uncased,bert-base-uncased,,1.0,5,1,7.0
masked,bert-base-uncased,bert-base-uncased,,1.0,5,2,14.0
masked,bert-base-uncased,bert-base-uncased,,1.0,5,3,23.0
masked,bert-base-uncased,bert-base-uncased,,1.0,5,4,33.0
masked,bert-base-uncased,bert-base-uncased,,1.0,5,5,38.0
masked,bert-base-uncased,bert-base-uncased,,1.0,5,6,36.0
masked,bert-base-uncased,bert-base-uncased,,1.0,5,7,37.0
masked,bert-base-uncased,bert-base-uncased,,1.0,5,8,40.0
masked,bert-base-uncased,bert-base-uncased,,1.0,5,9,34.0
masked,bert-base-uncased,bert-base-uncased,,1.0,5,10,32.0
masked,bert-base-uncased,bert-base-uncased,,1.0,5,11,35.0
masked,bert-base-uncased,bert-base-uncased,,1.0,5,12,37.0
masked,bert-base-uncased,bert-base-uncased,,1.0,5,13,38.0
masked,bert-base-uncased,bert-base-uncased,,1.0,5,14,43.0
masked,bert-base-uncased,bert-base-uncased,,1.0,5,15,42.0
masked,bert-base-uncased,bert-base-uncased,,1.0,5,16,44.0
masked,bert-base-uncased,bert-base-uncased,,1.0,5,17,44.0
masked,bert-base-uncased,bert-base-uncased,,1.0,5,18,39.0
masked,bert-base-uncased,bert-base-uncased,,1.0,5,19,39.0
masked,bert-base-uncased,bert-base-uncased,,1.0,5,20,33.0
masked,bert-base-uncased,bert-base-uncased,,1.0,5,21,36.0
masked,bert-base-uncased,bert-base-uncased,,1.0,5,22,34.0
masked,bert-base-uncased,bert-base-uncased,,1.0,5,23,38.0
masked,bert-base-uncased,bert-base-uncased,,1.0,5,24,23.0
masked,bert-base-uncased,bert-base-uncased,,1.0,5,25,14.0
masked,bert-base-uncased,bert-base-uncased,,1.0,5,26,13.0
masked,bert-base-uncased,bert-base-uncased,,1.0,5,27,12.0
masked,bert-base-uncased,bert-base-uncased,,1.0,5,28,6.0
masked,bert-base-uncased,bert-base-uncased,,1.0,5,29,8.0
masked,bert-base-uncased,bert-base-uncased,,1.0,5,30,10.0
masked,bert-base-uncased,bert-base-uncased,,1.0,5,31,9.0
masked,bert-base-uncased,bert-base-uncased,,1.0,5,32,2.0
masked,bert-base-uncased,bert-base-uncased,,1.0,5,33,5.0
masked,bert-base-uncased,bert-base-uncased,,1.0,5,34,2.0
masked,bert-base-uncased,bert-base-uncased,,1.0,5,35,6.0
masked,bert-base-uncased,bert-base-uncased,,1.0,5,36,8.0
masked,bert-base-uncased,bert-base-uncased,,1.0,5,37,15.0
masked,bert-base-uncased,bert-base-uncased,,1.0,5,38,11.0
masked,bert-base-uncased,bert-base-uncased,,1.0,5,39,18.0
masked,bert-base-uncased,bert-base-uncased,,1.0,5,40,8.0
masked,bert-base-uncased,bert-base-uncased,,1.0,5,41,11.0
masked,bert-base-uncased,bert-base-uncased,,1.0,5,42,8.0
masked,bert-base-uncased,bert-base-uncased,,1.0,5,43,21.0
masked,bert-base-uncased,bert-base-uncased,,1.0,5,44,9.0
masked,bert-base-uncased,bert-base-uncased,,1.0,5,45,19.0
masked,bert-base-uncased,bert-base-uncased,,1.0,5,46,7.0
masked,bert-base-uncased,bert-base-uncased,,1.0,5,47,10.0
masked,bert-base-uncased,bert-base-uncased,,1.0,5,48,8.0
masked,bert-base-uncased,bert-base-uncased,,1.0,5,49,18.0
masked,bert-base-uncased,bert-base-uncased,,1.0,5,50,3.0
masked,bert-base-uncased,bert-base-uncased,,1.0,5,51,12.0
masked,bert-base-uncased,bert-base-uncased,,1.0,5,52,8.0
masked,bert-base-uncased,bert-base-uncased,,1.0,5,53,20.0
masked,bert-base-uncased,bert-base-uncased,,1.0,5,54,23.0
masked,bert-base-uncased,bert-base-uncased,,1.0,5,55,31.0
masked,bert-base-uncased,bert-base-uncased,,1.0,5,56,45.0
masked,bert-base-uncased,bert-base-uncased,,1.0,5,57,33.0
masked,bert-base-uncased,bert-base-uncased,,1.0,5,58,44.0
masked,bert-base-uncased,bert-base-uncased,,1.0,5,59,36.0
masked,bert-base-uncased,bert-base-uncased,,1.0,5,60,42.0
masked,bert-base-uncased,bert-base-uncased,,1.0,5,61,44.0
masked,bert-base-uncased,bert-base-uncased,,1.0,5,62,31.0
masked,bert-base-uncased,bert-base-uncased,,1.0,5,63,36.0
masked,bert-base-uncased,bert-base-uncased,,1.0,5,64,43.0
masked,bert-base-uncased,bert-base-uncased,,1.0,5,65,36.0
masked,bert-base-uncased,bert-base-uncased,,1.0,5,66,40.0
masked,bert-base-uncased,bert-base-uncased,,1.0,5,67,42.0
masked,bert-base-uncased,bert-base-uncased,,1.0,5,68,39.0
masked,bert-base-uncased,bert-base-uncased,,1.0,5,69,30.0
masked,bert-base-uncased,bert-base-uncased,,1.0,5,70,42.0
masked,bert-base-uncased,bert-base-uncased,,1.0,5,71,44.0
masked,bert-base-uncased,bert-base-uncased,,1.0,5,72,44.0
masked,bert-base-uncased,bert-base-uncased,,1.0,5,73,46.0
masked,bert-base-uncased,bert-base-uncased,,1.0,5,74,42.0
masked,bert-base-uncased,bert-base-uncased,,1.0,5,75,42.0
masked,bert-base-uncased,bert-base-uncased,,1.0,5,76,46.0
masked,bert-base-uncased,bert-base-uncased,,1.0,5,77,33.0
masked,bert-base-uncased,bert-base-uncased,,1.0,5,78,37.0
masked,bert-base-uncased,bert-base-uncased,,1.0,5,79,42.0
masked,bert-base-uncased,bert-base-uncased,,1.0,5,80,40.0
masked,bert-base-uncased,bert-base-uncased,,1.0,6,0,1.0
masked,bert-base-uncased,bert-base-uncased,,1.0,6,1,5.0
masked,bert-base-uncased,bert-base-uncased,,1.0,6,2,18.0
masked,bert-base-uncased,bert-base-uncased,,1.0,6,3,26.0
masked,bert-base-uncased,bert-base-uncased,,1.0,6,4,30.0
masked,bert-base-uncased,bert-base-uncased,,1.0,6,5,29.0
masked,bert-base-uncased,bert-base-uncased,,1.0,6,6,29.0
masked,bert-base-uncased,bert-base-uncased,,1.0,6,7,35.0
masked,bert-base-uncased,bert-base-uncased,,1.0,6,8,36.0
masked,bert-base-uncased,bert-base-uncased,,1.0,6,9,36.0
masked,bert-base-uncased,bert-base-uncased,,1.0,6,10,35.0
masked,bert-base-uncased,bert-base-uncased,,1.0,6,11,33.0
masked,bert-base-uncased,bert-base-uncased,,1.0,6,12,33.0
masked,bert-base-uncased,bert-base-uncased,,1.0,6,13,33.0
masked,bert-base-uncased,bert-base-uncased,,1.0,6,14,33.0
masked,bert-base-uncased,bert-base-uncased,,1.0,6,15,31.0
masked,bert-base-uncased,bert-base-uncased,,1.0,6,16,41.0
masked,bert-base-uncased,bert-base-uncased,,1.0,6,17,43.0
masked,bert-base-uncased,bert-base-uncased,,1.0,6,18,40.0
masked,bert-base-uncased,bert-base-uncased,,1.0,6,19,34.0
masked,bert-base-uncased,bert-base-uncased,,1.0,6,20,41.0
masked,bert-base-uncased,bert-base-uncased,,1.0,6,21,40.0
masked,bert-base-uncased,bert-base-uncased,,1.0,6,22,35.0
masked,bert-base-uncased,bert-base-uncased,,1.0,6,23,18.0
masked,bert-base-uncased,bert-base-uncased,,1.0,6,24,19.0
masked,bert-base-uncased,bert-base-uncased,,1.0,6,25,17.0
masked,bert-base-uncased,bert-base-uncased,,1.0,6,26,19.0
masked,bert-base-uncased,bert-base-uncased,,1.0,6,27,18.0
masked,bert-base-uncased,bert-base-uncased,,1.0,6,28,28.0
masked,bert-base-uncased,bert-base-uncased,,1.0,6,29,27.0
masked,bert-base-uncased,bert-base-uncased,,1.0,6,30,21.0
masked,bert-base-uncased,bert-base-uncased,,1.0,6,31,13.0
masked,bert-base-uncased,bert-base-uncased,,1.0,6,32,24.0
masked,bert-base-uncased,bert-base-uncased,,1.0,6,33,15.0
masked,bert-base-uncased,bert-base-uncased,,1.0,6,34,6.0
masked,bert-base-uncased,bert-base-uncased,,1.0,6,35,1.0
masked,bert-base-uncased,bert-base-uncased,,1.0,6,36,7.0
masked,bert-base-uncased,bert-base-uncased,,1.0,6,37,2.0
masked,bert-base-uncased,bert-base-uncased,,1.0,6,38,1.0
masked,bert-base-uncased,bert-base-uncased,,1.0,6,39,1.0
masked,bert-base-uncased,bert-base-uncased,,1.0,6,40,2.0
masked,bert-base-uncased,bert-base-uncased,,1.0,6,41,1.0
masked,bert-base-uncased,bert-base-uncased,,1.0,6,42,6.0
masked,bert-base-uncased,bert-base-uncased,,1.0,6,43,3.0
masked,bert-base-uncased,bert-base-uncased,,1.0,6,44,10.0
masked,bert-base-uncased,bert-base-uncased,,1.0,6,45,4.0
masked,bert-base-uncased,bert-base-uncased,,1.0,6,46,15.0
masked,bert-base-uncased,bert-base-uncased,,1.0,6,47,12.0
masked,bert-base-uncased,bert-base-uncased,,1.0,6,48,16.0
masked,bert-base-uncased,bert-base-uncased,,1.0,6,49,8.0
masked,bert-base-uncased,bert-base-uncased,,1.0,6,50,9.0
masked,bert-base-uncased,bert-base-uncased,,1.0,6,51,3.0
masked,bert-base-uncased,bert-base-uncased,,1.0,6,52,11.0
masked,bert-base-uncased,bert-base-uncased,,1.0,6,53,7.0
masked,bert-base-uncased,bert-base-uncased,,1.0,6,54,10.0
masked,bert-base-uncased,bert-base-uncased,,1.0,6,55,4.0
masked,bert-base-uncased,bert-base-uncased,,1.0,6,56,4.0
masked,bert-base-uncased,bert-base-uncased,,1.0,6,57,1.0
masked,bert-base-uncased,bert-base-uncased,,1.0,6,58,5.0
masked,bert-base-uncased,bert-base-uncased,,1.0,6,59,1.0
masked,bert-base-uncased,bert-base-uncased,,1.0,6,60,1.0
masked,bert-base-uncased,bert-base-uncased,,1.0,6,61,0.0
masked,bert-base-uncased,bert-base-uncased,,1.0,6,62,0.0
masked,bert-base-uncased,bert-base-uncased,,1.0,6,63,0.0
masked,bert-base-uncased,bert-base-uncased,,1.0,6,64,0.0
masked,bert-base-uncased,bert-base-uncased,,1.0,6,65,0.0
masked,bert-base-uncased,bert-base-uncased,,1.0,6,66,0.0
masked,bert-base-uncased,bert-base-uncased,,1.0,6,67,0.0
masked,bert-base-uncased,bert-base-uncased,,1.0,6,68,0.0
masked,bert-base-uncased,bert-base-uncased,,1.0,6,69,0.0
masked,bert-base-uncased,bert-base-uncased,,1.0,6,70,0.0
masked,bert-base-uncased,bert-base-uncased,,1.0,6,71,0.0
masked,bert-base-uncased,bert-base-uncased,,1.0,6,72,0.0
masked,bert-base-uncased,bert-base-uncased,,1.0,6,73,0.0
masked,bert-base-uncased,bert-base-uncased,,1.0,6,74,0.0
masked,bert-base-uncased,bert-base-uncased,,1.0,6,75,0.0
masked,bert-base-uncased,bert-base-uncased,,1.0,6,76,0.0
masked,bert-base-uncased,bert-base-uncased,,1.0,6,77,0.0
masked,bert-base-uncased,bert-base-uncased,,1.0,6,78,0.0
masked,bert-base-uncased,bert-base-uncased,,1.0,6,79,0.0
masked,bert-base-uncased,bert-base-uncased,,1.0,6,80,0.0
masked,bert-base-uncased,bert-base-uncased,,1.0,7,0,1.0
masked,bert-base-uncased,bert-base-uncased,,1.0,7,1,5.0
masked,bert-base-uncased,bert-base-uncased,,1.0,7,2,17.0
masked,bert-base-uncased,bert-base-uncased,,1.0,7,3,25.0
masked,bert-base-uncased,bert-base-uncased,,1.0,7,4,31.0
masked,bert-base-uncased,bert-base-uncased,,1.0,7,5,27.0
masked,bert-base-uncased,bert-base-uncased,,1.0,7,6,37.0
masked,bert-base-uncased,bert-base-uncased,,1.0,7,7,38.0
masked,bert-base-uncased,bert-base-uncased,,1.0,7,8,38.0
masked,bert-base-uncased,bert-base-uncased,,1.0,7,9,31.0
masked,bert-base-uncased,bert-base-uncased,,1.0,7,10,30.0
masked,bert-base-uncased,bert-base-uncased,,1.0,7,11,33.0
masked,bert-base-uncased,bert-base-uncased,,1.0,7,12,40.0
masked,bert-base-uncased,bert-base-uncased,,1.0,7,13,41.0
masked,bert-base-uncased,bert-base-uncased,,1.0,7,14,38.0
masked,bert-base-uncased,bert-base-uncased,,1.0,7,15,33.0
masked,bert-base-uncased,bert-base-uncased,,1.0,7,16,40.0
masked,bert-base-uncased,bert-base-uncased,,1.0,7,17,40.0
masked,bert-base-uncased,bert-base-uncased,,1.0,7,18,41.0
masked,bert-base-uncased,bert-base-uncased,,1.0,7,19,41.0
masked,bert-base-uncased,bert-base-uncased,,1.0,7,20,40.0
masked,bert-base-uncased,bert-base-uncased,,1.0,7,21,44.0
masked,bert-base-uncased,bert-base-uncased,,1.0,7,22,41.0
masked,bert-base-uncased,bert-base-uncased,,1.0,7,23,44.0
masked,bert-base-uncased,bert-base-uncased,,1.0,7,24,43.0
masked,bert-base-uncased,bert-base-uncased,,1.0,7,25,42.0
masked,bert-base-uncased,bert-base-uncased,,1.0,7,26,42.0
masked,bert-base-uncased,bert-base-uncased,,1.0,7,27,44.0
masked,bert-base-uncased,bert-base-uncased,,1.0,7,28,39.0
masked,bert-base-uncased,bert-base-uncased,,1.0,7,29,42.0
masked,bert-base-uncased,bert-base-uncased,,1.0,7,30,42.0
masked,bert-base-uncased,bert-base-uncased,,1.0,7,31,44.0
masked,bert-base-uncased,bert-base-uncased,,1.0,7,32,40.0
masked,bert-base-uncased,bert-base-uncased,,1.0,7,33,34.0
masked,bert-base-uncased,bert-base-uncased,,1.0,7,34,43.0
masked,bert-base-uncased,bert-base-uncased,,1.0,7,35,44.0
masked,bert-base-uncased,bert-base-uncased,,1.0,7,36,40.0
masked,bert-base-uncased,bert-base-uncased,,1.0,7,37,46.0
masked,bert-base-uncased,bert-base-uncased,,1.0,7,38,38.0
masked,bert-base-uncased,bert-base-uncased,,1.0,7,39,46.0
masked,bert-base-uncased,bert-base-uncased,,1.0,7,40,43.0
masked,bert-base-uncased,bert-base-uncased,,1.0,7,41,43.0
masked,bert-base-uncased,bert-base-uncased,,1.0,7,42,38.0
masked,bert-base-uncased,bert-base-uncased,,1.0,7,43,41.0
masked,bert-base-uncased,bert-base-uncased,,1.0,7,44,40.0
masked,bert-base-uncased,bert-base-uncased,,1.0,7,45,43.0
masked,bert-base-uncased,bert-base-uncased,,1.0,7,46,41.0
masked,bert-base-uncased,bert-base-uncased,,1.0,7,47,43.0
masked,bert-base-uncased,bert-base-uncased,,1.0,7,48,42.0
masked,bert-base-uncased,bert-base-uncased,,1.0,7,49,33.0
masked,bert-base-uncased,bert-base-uncased,,1.0,7,50,46.0
masked,bert-base-uncased,bert-base-uncased,,1.0,7,51,41.0
masked,bert-base-uncased,bert-base-uncased,,1.0,7,52,46.0
masked,bert-base-uncased,bert-base-uncased,,1.0,7,53,39.0
masked,bert-base-uncased,bert-base-uncased,,1.0,7,54,45.0
masked,bert-base-uncased,bert-base-uncased,,1.0,7,55,38.0
masked,bert-base-uncased,bert-base-uncased,,1.0,7,56,41.0
masked,bert-base-uncased,bert-base-uncased,,1.0,7,57,45.0
masked,bert-base-uncased,bert-base-uncased,,1.0,7,58,37.0
masked,bert-base-uncased,bert-base-uncased,,1.0,7,59,38.0
masked,bert-base-uncased,bert-base-uncased,,1.0,7,60,44.0
masked,bert-base-uncased,bert-base-uncased,,1.0,7,61,34.0
masked,bert-base-uncased,bert-base-uncased,,1.0,7,62,44.0
masked,bert-base-uncased,bert-base-uncased,,1.0,7,63,39.0
masked,bert-base-uncased,bert-base-uncased,,1.0,7,64,39.0
masked,bert-base-uncased,bert-base-uncased,,1.0,7,65,43.0
masked,bert-base-uncased,bert-base-uncased,,1.0,7,66,45.0
masked,bert-base-uncased,bert-base-uncased,,1.0,7,67,32.0
masked,bert-base-uncased,bert-base-uncased,,1.0,7,68,45.0
masked,bert-base-uncased,bert-base-uncased,,1.0,7,69,42.0
masked,bert-base-uncased,bert-base-uncased,,1.0,7,70,42.0
masked,bert-base-uncased,bert-base-uncased,,1.0,7,71,45.0
masked,bert-base-uncased,bert-base-uncased,,1.0,7,72,37.0
masked,bert-base-uncased,bert-base-uncased,,1.0,7,73,41.0
masked,bert-base-uncased,bert-base-uncased,,1.0,7,74,46.0
masked,bert-base-uncased,bert-base-uncased,,1.0,7,75,44.0
masked,bert-base-uncased,bert-base-uncased,,1.0,7,76,33.0
masked,bert-base-uncased,bert-base-uncased,,1.0,7,77,38.0
masked,bert-base-uncased,bert-base-uncased,,1.0,7,78,42.0
masked,bert-base-uncased,bert-base-uncased,,1.0,7,79,39.0
masked,bert-base-uncased,bert-base-uncased,,1.0,7,80,44.0
local,distilroberta-base,distilroberta-base,1,1.0,0,0,1.0
local,distilroberta-base,distilroberta-base,1,1.0,0,1,1.0
local,distilroberta-base,distilroberta-base,1,1.0,0,2,4.0
local,distilroberta-base,distilroberta-base,1,1.0,0,3,8.0
local,distilroberta-base,distilroberta-base,1,1.0,0,4,11.0
local,distilroberta-base,distilroberta-base,1,1.0,0,5,8.0
local,distilroberta-base,distilroberta-base,1,1.0,0,6,10.0
local,distilroberta-base,distilroberta-base,1,1.0,0,7,9.0
local,distilroberta-base,distilroberta-base,1,1.0,0,8,12.0
local,distilroberta-base,distilroberta-base,1,1.0,0,9,10.0
local,distilroberta-base,distilroberta-base,1,1.0,0,10,14.0
local,distilroberta-base,distilroberta-base,1,1.0,0,11,11.0
local,distilroberta-base,distilroberta-base,1,1.0,0,12,13.0
local,distilroberta-base,distilroberta-base,1,1.0,0,13,10.0
local,distilroberta-base,distilroberta-base,1,1.0,0,14,12.0
local,distilroberta-base,distilroberta-base,1,1.0,0,15,11.0
local,distilroberta-base,distilroberta-base,1,1.0,0,16,10.0
local,distilroberta-base,distilroberta-base,1,1.0,0,17,7.0
local,distilroberta-base,distilroberta-base,1,1.0,0,18,11.0
local,distilroberta-base,distilroberta-base,1,1.0,0,19,10.0
local,distilroberta-base,distilroberta-base,1,1.0,0,20,6.0
local,distilroberta-base,distilroberta-base,1,1.0,0,21,3.0
local,distilroberta-base,distilroberta-base,1,1.0,0,22,10.0
local,distilroberta-base,distilroberta-base,1,1.0,0,23,11.0
local,distilroberta-base,distilroberta-base,1,1.0,0,24,10.0
local,distilroberta-base,distilroberta-base,1,1.0,0,25,12.0
local,distilroberta-base,distilroberta-base,1,1.0,0,26,12.0
local,distilroberta-base,distilroberta-base,1,1.0,0,27,11.0
local,distilroberta-base,distilroberta-base,1,1.0,0,28,13.0
local,distilroberta-base,distilroberta-base,1,1.0,0,29,13.0
local,distilroberta-base,distilroberta-base,1,1.0,0,30,7.0
local,distilroberta-base,distilroberta-base,1,1.0,0,31,8.0
local,distilroberta-base,distilroberta-base,1,1.0,0,32,11.0
local,distilroberta-base,distilroberta-base,1,1.0,0,33,10.0
local,distilroberta-base,distilroberta-base,1,1.0,0,34,13.0
local,distilroberta-base,distilroberta-base,1,1.0,0,35,12.0
local,distilroberta-base,distilroberta-base,1,1.0,0,36,14.0
local,distilroberta-base,distilroberta-base,1,1.0,0,37,13.0
local,distilroberta-base,distilroberta-base,1,1.0,0,38,11.0
local,distilroberta-base,distilroberta-base,1,1.0,0,39,15.0
local,distilroberta-base,distilroberta-base,1,1.0,0,40,11.0
local,distilroberta-base,distilroberta-base,1,1.0,0,41,10.0
local,distilroberta-base,distilroberta-base,1,1.0,0,42,7.0
local,distilroberta-base,distilroberta-base,1,1.0,0,43,4.0
local,distilroberta-base,distilroberta-base,1,1.0,0,44,2.0
local,distilroberta-base,distilroberta-base,1,1.0,0,45,2.0
local,distilroberta-base,distilroberta-base,1,1.0,0,46,1.0
local,distilroberta-base,distilroberta-base,1,1.0,0,47,1.0
local,distilroberta-base,distilroberta-base,1,1.0,0,48,2.0
local,distilroberta-base,distilroberta-base,1,1.0,0,49,2.0
local,distilroberta-base,distilroberta-base,1,1.0,0,50,2.0
local,distilroberta-base,distilroberta-base,1,1.0,0,51,1.0
local,distilroberta-base,distilroberta-base,1,1.0,0,52,0.0
local,distilroberta-base,distilroberta-base,1,1.0,0,53,0.0
local,distilroberta-base,distilroberta-base,1,1.0,0,54,0.0
local,distilroberta-base,distilroberta-base,1,1.0,0,55,0.0
local,distilroberta-base,distilroberta-base,1,1.0,0,56,0.0
local,distilroberta-base,distilroberta-base,1,1.0,0,57,0.0
local,distilroberta-base,distilroberta-base,1,1.0,0,58,0.0
local,distilroberta-base,distilroberta-base,1,1.0,0,59,0.0
local,distilroberta-base,distilroberta-base,1,1.0,0,60,0.0
local,distilroberta-base,distilroberta-base,1,1.0,0,61,0.0
local,distilroberta-base,distilroberta-base,1,1.0,0,62,0.0
local,distilroberta-base,distilroberta-base,1,1.0,0,63,0.0
local,distilroberta-base,distilroberta-base,1,1.0,0,64,0.0
local,distilroberta-base,distilroberta-base,1,1.0,0,65,0.0
local,distilroberta-base,distilroberta-base,1,1.0,0,66,0.0
local,distilroberta-base,distilroberta-base,1,1.0,0,67,0.0
local,distilroberta-base,distilroberta-base,1,1.0,0,68,0.0
local,distilroberta-base,distilroberta-base,1,1.0,0,69,0.0
local,distilroberta-base,distilroberta-base,1,1.0,0,70,0.0
local,distilroberta-base,distilroberta-base,1,1.0,0,71,0.0
local,distilroberta-base,distilroberta-base,1,1.0,0,72,0.0
local,distilroberta-base,distilroberta-base,1,1.0,0,73,0.0
local,distilroberta-base,distilroberta-base,1,1.0,0,74,0.0
local,distilroberta-base,distilroberta-base,1,1.0,0,75,0.0
local,distilroberta-base,distilroberta-base,1,1.0,0,76,0.0
local,distilroberta-base,distilroberta-base,1,1.0,0,77,0.0
local,distilroberta-base,distilroberta-base,1,1.0,0,78,0.0
local,distilroberta-base,distilroberta-base,1,1.0,0,79,0.0
local,distilroberta-base,distilroberta-base,1,1.0,0,80,0.0
local,distilroberta-base,distilroberta-base,1,1.0,1,0,1.0
local,distilroberta-base,distilroberta-base,1,1.0,1,1,4.0
local,distilroberta-base,distilroberta-base,1,1.0,1,2,3.0
local,distilroberta-base,distilroberta-base,1,1.0,1,3,3.0
local,distilroberta-base,distilroberta-base,1,1.0,1,4,2.0
local,distilroberta-base,distilroberta-base,1,1.0,1,5,1.0
local,distilroberta-base,distilroberta-base,1,1.0,1,6,2.0
local,distilroberta-base,distilroberta-base,1,1.0,1,7,1.0
local,distilroberta-base,distilroberta-base,1,1.0,1,8,2.0
local,distilroberta-base,distilroberta-base,1,1.0,1,9,1.0
local,distilroberta-base,distilroberta-base,1,1.0,1,10,2.0
local,distilroberta-base,distilroberta-base,1,1.0,1,11,1.0
local,distilroberta-base,distilroberta-base,1,1.0,1,12,1.0
local,distilroberta-base,distilroberta-base,1,1.0,1,13,1.0
local,distilroberta-base,distilroberta-base,1,1.0,1,14,1.0
local,distilroberta-base,distilroberta-base,1,1.0,1,15,1.0
local,distilroberta-base,distilroberta-base,1,1.0,1,16,2.0
local,distilroberta-base,distilroberta-base,1,1.0,1,17,1.0
local,distilroberta-base,distilroberta-base,1,1.0,1,18,1.0
local,distilroberta-base,distilroberta-base,1,1.0,1,19,1.0
local,distilroberta-base,distilroberta-base,1,1.0,1,20,0.0
local,distilroberta-base,distilroberta-base,1,1.0,1,21,0.0
local,distilroberta-base,distilroberta-base,1,1.0,1,22,0.0
local,distilroberta-base,distilroberta-base,1,1.0,1,23,0.0
local,distilroberta-base,distilroberta-base,1,1.0,1,24,0.0
local,distilroberta-base,distilroberta-base,1,1.0,1,25,0.0
local,distilroberta-base,distilroberta-base,1,1.0,1,26,0.0
local,distilroberta-base,distilroberta-base,1,1.0,1,27,0.0
local,distilroberta-base,distilroberta-base,1,1.0,1,28,0.0
local,distilroberta-base,distilroberta-base,1,1.0,1,29,0.0
local,distilroberta-base,distilroberta-base,1,1.0,1,30,0.0
local,distilroberta-base,distilroberta-base,1,1.0,1,31,0.0
local,distilroberta-base,distilroberta-base,1,1.0,1,32,0.0
local,distilroberta-base,distilroberta-base,1,1.0,1,33,0.0
local,distilroberta-base,distilroberta-base,1,1.0,1,34,0.0
local,distilroberta-base,distilroberta-base,1,1.0,1,35,0.0
local,distilroberta-base,distilroberta-base,1,1.0,1,36,0.0
local,distilroberta-base,distilroberta-base,1,1.0,1,37,0.0
local,distilroberta-base,distilroberta-base,1,1.0,1,38,0.0
local,distilroberta-base,distilroberta-base,1,1.0,1,39,0.0
local,distilroberta-base,distilroberta-base,1,1.0,1,40,0.0
local,distilroberta-base,distilroberta-base,1,1.0,1,41,0.0
local,distilroberta-base,distilroberta-base,1,1.0,1,42,0.0
local,distilroberta-base,distilroberta-base,1,1.0,1,43,0.0
local,distilroberta-base,distilroberta-base,1,1.0,1,44,0.0
local,distilroberta-base,distilroberta-base,1,1.0,1,45,0.0
local,distilroberta-base,distilroberta-base,1,1.0,1,46,0.0
local,distilroberta-base,distilroberta-base,1,1.0,1,47,0.0
local,distilroberta-base,distilroberta-base,1,1.0,1,48,0.0
local,distilroberta-base,distilroberta-base,1,1.0,1,49,0.0
local,distilroberta-base,distilroberta-base,1,1.0,1,50,0.0
local,distilroberta-base,distilroberta-base,1,1.0,1,51,0.0
local,distilroberta-base,distilroberta-base,1,1.0,1,52,0.0
local,distilroberta-base,distilroberta-base,1,1.0,1,53,0.0
local,distilroberta-base,distilroberta-base,1,1.0,1,54,0.0
local,distilroberta-base,distilroberta-base,1,1.0,1,55,0.0
local,distilroberta-base,distilroberta-base,1,1.0,1,56,0.0
local,distilroberta-base,distilroberta-base,1,1.0,1,57,0.0
local,distilroberta-base,distilroberta-base,1,1.0,1,58,0.0
local,distilroberta-base,distilroberta-base,1,1.0,1,59,0.0
local,distilroberta-base,distilroberta-base,1,1.0,1,60,0.0
local,distilroberta-base,distilroberta-base,1,1.0,1,61,0.0
local,distilroberta-base,distilroberta-base,1,1.0,1,62,0.0
local,distilroberta-base,distilroberta-base,1,1.0,1,63,0.0
local,distilroberta-base,distilroberta-base,1,1.0,1,64,0.0
local,distilroberta-base,distilroberta-base,1,1.0,1,65,0.0
local,distilroberta-base,distilroberta-base,1,1.0,1,66,0.0
local,distilroberta-base,distilroberta-base,1,1.0,1,67,0.0
local,distilroberta-base,distilroberta-base,1,1.0,1,68,0.0
local,distilroberta-base,distilroberta-base,1,1.0,1,69,0.0
local,distilroberta-base,distilroberta-base,1,1.0,1,70,0.0
local,distilroberta-base,distilroberta-base,1,1.0,1,71,0.0
local,distilroberta-base,distilroberta-base,1,1.0,1,72,0.0
local,distilroberta-base,distilroberta-base,1,1.0,1,73,0.0
local,distilroberta-base,distilroberta-base,1,1.0,1,74,0.0
local,distilroberta-base,distilroberta-base,1,1.0,1,75,0.0
local,distilroberta-base,distilroberta-base,1,1.0,1,76,0.0
local,distilroberta-base,distilroberta-base,1,1.0,1,77,0.0
local,distilroberta-base,distilroberta-base,1,1.0,1,78,0.0
local,distilroberta-base,distilroberta-base,1,1.0,1,79,0.0
local,distilroberta-base,distilroberta-base,1,1.0,1,80,0.0
local,distilroberta-base,distilroberta-base,1,1.0,2,0,1.0
local,distilroberta-base,distilroberta-base,1,1.0,2,1,1.0
local,distilroberta-base,distilroberta-base,1,1.0,2,2,1.0
local,distilroberta-base,distilroberta-base,1,1.0,2,3,0.0
local,distilroberta-base,distilroberta-base,1,1.0,2,4,0.0
local,distilroberta-base,distilroberta-base,1,1.0,2,5,0.0
local,distilroberta-base,distilroberta-base,1,1.0,2,6,0.0
local,distilroberta-base,distilroberta-base,1,1.0,2,7,0.0
local,distilroberta-base,distilroberta-base,1,1.0,2,8,0.0
local,distilroberta-base,distilroberta-base,1,1.0,2,9,0.0
local,distilroberta-base,distilroberta-base,1,1.0,2,10,0.0
local,distilroberta-base,distilroberta-base,1,1.0,2,11,0.0
local,distilroberta-base,distilroberta-base,1,1.0,2,12,0.0
local,distilroberta-base,distilroberta-base,1,1.0,2,13,0.0
local,distilroberta-base,distilroberta-base,1,1.0,2,14,0.0
local,distilroberta-base,distilroberta-base,1,1.0,2,15,0.0
local,distilroberta-base,distilroberta-base,1,1.0,2,16,0.0
local,distilroberta-base,distilroberta-base,1,1.0,2,17,0.0
local,distilroberta-base,distilroberta-base,1,1.0,2,18,0.0
local,distilroberta-base,distilroberta-base,1,1.0,2,19,0.0
local,distilroberta-base,distilroberta-base,1,1.0,2,20,0.0
local,distilroberta-base,distilroberta-base,1,1.0,2,21,0.0
local,distilroberta-base,distilroberta-base,1,1.0,2,22,0.0
local,distilroberta-base,distilroberta-base,1,1.0,2,23,0.0
local,distilroberta-base,distilroberta-base,1,1.0,2,24,0.0
local,distilroberta-base,distilroberta-base,1,1.0,2,25,0.0
local,distilroberta-base,distilroberta-base,1,1.0,2,26,0.0
local,distilroberta-base,distilroberta-base,1,1.0,2,27,0.0
local,distilroberta-base,distilroberta-base,1,1.0,2,28,0.0
local,distilroberta-base,distilroberta-base,1,1.0,2,29,0.0
local,distilroberta-base,distilroberta-base,1,1.0,2,30,0.0
local,distilroberta-base,distilroberta-base,1,1.0,2,31,0.0
local,distilroberta-base,distilroberta-base,1,1.0,2,32,0.0
local,distilroberta-base,distilroberta-base,1,1.0,2,33,0.0
local,distilroberta-base,distilroberta-base,1,1.0,2,34,0.0
local,distilroberta-base,distilroberta-base,1,1.0,2,35,0.0
local,distilroberta-base,distilroberta-base,1,1.0,2,36,0.0
local,distilroberta-base,distilroberta-base,1,1.0,2,37,0.0
local,distilroberta-base,distilroberta-base,1,1.0,2,38,0.0
local,distilroberta-base,distilroberta-base,1,1.0,2,39,0.0
local,distilroberta-base,distilroberta-base,1,1.0,2,40,0.0
local,distilroberta-base,distilroberta-base,1,1.0,2,41,0.0
local,distilroberta-base,distilroberta-base,1,1.0,2,42,0.0
local,distilroberta-base,distilroberta-base,1,1.0,2,43,0.0
local,distilroberta-base,distilroberta-base,1,1.0,2,44,0.0
local,distilroberta-base,distilroberta-base,1,1.0,2,45,0.0
local,distilroberta-base,distilroberta-base,1,1.0,2,46,0.0
local,distilroberta-base,distilroberta-base,1,1.0,2,47,0.0
local,distilroberta-base,distilroberta-base,1,1.0,2,48,0.0
local,distilroberta-base,distilroberta-base,1,1.0,2,49,0.0
local,distilroberta-base,distilroberta-base,1,1.0,2,50,0.0
local,distilroberta-base,distilroberta-base,1,1.0,2,51,0.0
local,distilroberta-base,distilroberta-base,1,1.0,2,52,0.0
local,distilroberta-base,distilroberta-base,1,1.0,2,53,0.0
local,distilroberta-base,distilroberta-base,1,1.0,2,54,0.0
local,distilroberta-base,distilroberta-base,1,1.0,2,55,0.0
local,distilroberta-base,distilroberta-base,1,1.0,2,56,0.0
local,distilroberta-base,distilroberta-base,1,1.0,2,57,0.0
local,distilroberta-base,distilroberta-base,1,1.0,2,58,0.0
local,distilroberta-base,distilroberta-base,1,1.0,2,59,0.0
local,distilroberta-base,distilroberta-base,1,1.0,2,60,0.0
local,distilroberta-base,distilroberta-base,1,1.0,2,61,0.0
local,distilroberta-base,distilroberta-base,1,1.0,2,62,0.0
local,distilroberta-base,distilroberta-base,1,1.0,2,63,0.0
local,distilroberta-base,distilroberta-base,1,1.0,2,64,0.0
local,distilroberta-base,distilroberta-base,1,1.0,2,65,0.0
local,distilroberta-base,distilroberta-base,1,1.0,2,66,0.0
local,distilroberta-base,distilroberta-base,1,1.0,2,67,0.0
local,distilroberta-base,distilroberta-base,1,1.0,2,68,0.0
local,distilroberta-base,distilroberta-base,1,1.0,2,69,0.0
local,distilroberta-base,distilroberta-base,1,1.0,2,70,0.0
local,distilroberta-base,distilroberta-base,1,1.0,2,71,0.0
local,distilroberta-base,distilroberta-base,1,1.0,2,72,0.0
local,distilroberta-base,distilroberta-base,1,1.0,2,73,0.0
local,distilroberta-base,distilroberta-base,1,1.0,2,74,0.0
local,distilroberta-base,distilroberta-base,1,1.0,2,75,0.0
local,distilroberta-base,distilroberta-base,1,1.0,2,76,0.0
local,distilroberta-base,distilroberta-base,1,1.0,2,77,0.0
local,distilroberta-base,distilroberta-base,1,1.0,2,78,0.0
local,distilroberta-base,distilroberta-base,1,1.0,2,79,0.0
local,distilroberta-base,distilroberta-base,1,1.0,2,80,0.0
local,distilroberta-base,distilroberta-base,1,1.0,3,0,1.0
local,distilroberta-base,distilroberta-base,1,1.0,3,1,0.0
local,distilroberta-base,distilroberta-base,1,1.0,3,2,0.0
local,distilroberta-base,distilroberta-base,1,1.0,3,3,0.0
local,distilroberta-base,distilroberta-base,1,1.0,3,4,0.0
local,distilroberta-base,distilroberta-base,1,1.0,3,5,0.0
local,distilroberta-base,distilroberta-base,1,1.0,3,6,0.0
local,distilroberta-base,distilroberta-base,1,1.0,3,7,0.0
local,distilroberta-base,distilroberta-base,1,1.0,3,8,0.0
local,distilroberta-base,distilroberta-base,1,1.0,3,9,0.0
local,distilroberta-base,distilroberta-base,1,1.0,3,10,0.0
local,distilroberta-base,distilroberta-base,1,1.0,3,11,0.0
local,distilroberta-base,distilroberta-base,1,1.0,3,12,0.0
local,distilroberta-base,distilroberta-base,1,1.0,3,13,0.0
local,distilroberta-base,distilroberta-base,1,1.0,3,14,0.0
local,distilroberta-base,distilroberta-base,1,1.0,3,15,0.0
local,distilroberta-base,distilroberta-base,1,1.0,3,16,0.0
local,distilroberta-base,distilroberta-base,1,1.0,3,17,0.0
local,distilroberta-base,distilroberta-base,1,1.0,3,18,0.0
local,distilroberta-base,distilroberta-base,1,1.0,3,19,0.0
local,distilroberta-base,distilroberta-base,1,1.0,3,20,0.0
local,distilroberta-base,distilroberta-base,1,1.0,3,21,0.0
local,distilroberta-base,distilroberta-base,1,1.0,3,22,0.0
local,distilroberta-base,distilroberta-base,1,1.0,3,23,0.0
local,distilroberta-base,distilroberta-base,1,1.0,3,24,0.0
local,distilroberta-base,distilroberta-base,1,1.0,3,25,0.0
local,distilroberta-base,distilroberta-base,1,1.0,3,26,0.0
local,distilroberta-base,distilroberta-base,1,1.0,3,27,0.0
local,distilroberta-base,distilroberta-base,1,1.0,3,28,0.0
local,distilroberta-base,distilroberta-base,1,1.0,3,29,0.0
local,distilroberta-base,distilroberta-base,1,1.0,3,30,0.0
local,distilroberta-base,distilroberta-base,1,1.0,3,31,0.0
local,distilroberta-base,distilroberta-base,1,1.0,3,32,0.0
local,distilroberta-base,distilroberta-base,1,1.0,3,33,0.0
local,distilroberta-base,distilroberta-base,1,1.0,3,34,0.0
local,distilroberta-base,distilroberta-base,1,1.0,3,35,0.0
local,distilroberta-base,distilroberta-base,1,1.0,3,36,0.0
local,distilroberta-base,distilroberta-base,1,1.0,3,37,0.0
local,distilroberta-base,distilroberta-base,1,1.0,3,38,0.0
local,distilroberta-base,distilroberta-base,1,1.0,3,39,0.0
local,distilroberta-base,distilroberta-base,1,1.0,3,40,0.0
local,distilroberta-base,distilroberta-base,1,1.0,3,41,0.0
local,distilroberta-base,distilroberta-base,1,1.0,3,42,0.0
local,distilroberta-base,distilroberta-base,1,1.0,3,43,0.0
local,distilroberta-base,distilroberta-base,1,1.0,3,44,0.0
local,distilroberta-base,distilroberta-base,1,1.0,3,45,0.0
local,distilroberta-base,distilroberta-base,1,1.0,3,46,0.0
local,distilroberta-base,distilroberta-base,1,1.0,3,47,0.0
local,distilroberta-base,distilroberta-base,1,1.0,3,48,0.0
local,distilroberta-base,distilroberta-base,1,1.0,3,49,0.0
local,distilroberta-base,distilroberta-base,1,1.0,3,50,0.0
local,distilroberta-base,distilroberta-base,1,1.0,3,51,0.0
local,distilroberta-base,distilroberta-base,1,1.0,3,52,0.0
local,distilroberta-base,distilroberta-base,1,1.0,3,53,0.0
local,distilroberta-base,distilroberta-base,1,1.0,3,54,0.0
local,distilroberta-base,distilroberta-base,1,1.0,3,55,0.0
local,distilroberta-base,distilroberta-base,1,1.0,3,56,0.0
local,distilroberta-base,distilroberta-base,1,1.0,3,57,0.0
local,distilroberta-base,distilroberta-base,1,1.0,3,58,0.0
local,distilroberta-base,distilroberta-base,1,1.0,3,59,0.0
local,distilroberta-base,distilroberta-base,1,1.0,3,60,0.0
local,distilroberta-base,distilroberta-base,1,1.0,3,61,0.0
local,distilroberta-base,distilroberta-base,1,1.0,3,62,0.0
local,distilroberta-base,distilroberta-base,1,1.0,3,63,0.0
local,distilroberta-base,distilroberta-base,1,1.0,3,64,0.0
local,distilroberta-base,distilroberta-base,1,1.0,3,65,0.0
local,distilroberta-base,distilroberta-base,1,1.0,3,66,0.0
local,distilroberta-base,distilroberta-base,1,1.0,3,67,0.0
local,distilroberta-base,distilroberta-base,1,1.0,3,68,0.0
local,distilroberta-base,distilroberta-base,1,1.0,3,69,0.0
local,distilroberta-base,distilroberta-base,1,1.0,3,70,0.0
local,distilroberta-base,distilroberta-base,1,1.0,3,71,0.0
local,distilroberta-base,distilroberta-base,1,1.0,3,72,0.0
local,distilroberta-base,distilroberta-base,1,1.0,3,73,0.0
local,distilroberta-base,distilroberta-base,1,1.0,3,74,0.0
local,distilroberta-base,distilroberta-base,1,1.0,3,75,0.0
local,distilroberta-base,distilroberta-base,1,1.0,3,76,0.0
local,distilroberta-base,distilroberta-base,1,1.0,3,77,0.0
local,distilroberta-base,distilroberta-base,1,1.0,3,78,0.0
local,distilroberta-base,distilroberta-base,1,1.0,3,79,0.0
local,distilroberta-base,distilroberta-base,1,1.0,3,80,0.0
local,distilroberta-base,distilroberta-base,1,1.0,4,0,1.0
local,distilroberta-base,distilroberta-base,1,1.0,4,1,0.0
local,distilroberta-base,distilroberta-base,1,1.0,4,2,0.0
local,distilroberta-base,distilroberta-base,1,1.0,4,3,0.0
local,distilroberta-base,distilroberta-base,1,1.0,4,4,0.0
local,distilroberta-base,distilroberta-base,1,1.0,4,5,0.0
local,distilroberta-base,distilroberta-base,1,1.0,4,6,0.0
local,distilroberta-base,distilroberta-base,1,1.0,4,7,0.0
local,distilroberta-base,distilroberta-base,1,1.0,4,8,0.0
local,distilroberta-base,distilroberta-base,1,1.0,4,9,0.0
local,distilroberta-base,distilroberta-base,1,1.0,4,10,0.0
local,distilroberta-base,distilroberta-base,1,1.0,4,11,0.0
local,distilroberta-base,distilroberta-base,1,1.0,4,12,0.0
local,distilroberta-base,distilroberta-base,1,1.0,4,13,0.0
local,distilroberta-base,distilroberta-base,1,1.0,4,14,0.0
local,distilroberta-base,distilroberta-base,1,1.0,4,15,0.0
local,distilroberta-base,distilroberta-base,1,1.0,4,16,0.0
local,distilroberta-base,distilroberta-base,1,1.0,4,17,0.0
local,distilroberta-base,distilroberta-base,1,1.0,4,18,0.0
local,distilroberta-base,distilroberta-base,1,1.0,4,19,0.0
local,distilroberta-base,distilroberta-base,1,1.0,4,20,0.0
local,distilroberta-base,distilroberta-base,1,1.0,4,21,0.0
local,distilroberta-base,distilroberta-base,1,1.0,4,22,0.0
local,distilroberta-base,distilroberta-base,1,1.0,4,23,0.0
local,distilroberta-base,distilroberta-base,1,1.0,4,24,0.0
local,distilroberta-base,distilroberta-base,1,1.0,4,25,0.0
local,distilroberta-base,distilroberta-base,1,1.0,4,26,0.0
local,distilroberta-base,distilroberta-base,1,1.0,4,27,0.0
local,distilroberta-base,distilroberta-base,1,1.0,4,28,0.0
local,distilroberta-base,distilroberta-base,1,1.0,4,29,0.0
local,distilroberta-base,distilroberta-base,1,1.0,4,30,0.0
local,distilroberta-base,distilroberta-base,1,1.0,4,31,0.0
local,distilroberta-base,distilroberta-base,1,1.0,4,32,0.0
local,distilroberta-base,distilroberta-base,1,1.0,4,33,0.0
local,distilroberta-base,distilroberta-base,1,1.0,4,34,0.0
local,distilroberta-base,distilroberta-base,1,1.0,4,35,0.0
local,distilroberta-base,distilroberta-base,1,1.0,4,36,0.0
local,distilroberta-base,distilroberta-base,1,1.0,4,37,0.0
local,distilroberta-base,distilroberta-base,1,1.0,4,38,0.0
local,distilroberta-base,distilroberta-base,1,1.0,4,39,0.0
local,distilroberta-base,distilroberta-base,1,1.0,4,40,0.0
local,distilroberta-base,distilroberta-base,1,1.0,4,41,0.0
local,distilroberta-base,distilroberta-base,1,1.0,4,42,0.0
local,distilroberta-base,distilroberta-base,1,1.0,4,43,0.0
local,distilroberta-base,distilroberta-base,1,1.0,4,44,0.0
local,distilroberta-base,distilroberta-base,1,1.0,4,45,0.0
local,distilroberta-base,distilroberta-base,1,1.0,4,46,0.0
local,distilroberta-base,distilroberta-base,1,1.0,4,47,0.0
local,distilroberta-base,distilroberta-base,1,1.0,4,48,0.0
local,distilroberta-base,distilroberta-base,1,1.0,4,49,0.0
local,distilroberta-base,distilroberta-base,1,1.0,4,50,0.0
local,distilroberta-base,distilroberta-base,1,1.0,4,51,0.0
local,distilroberta-base,distilroberta-base,1,1.0,4,52,0.0
local,distilroberta-base,distilroberta-base,1,1.0,4,53,0.0
local,distilroberta-base,distilroberta-base,1,1.0,4,54,0.0
local,distilroberta-base,distilroberta-base,1,1.0,4,55,0.0
local,distilroberta-base,distilroberta-base,1,1.0,4,56,0.0
local,distilroberta-base,distilroberta-base,1,1.0,4,57,0.0
local,distilroberta-base,distilroberta-base,1,1.0,4,58,0.0
local,distilroberta-base,distilroberta-base,1,1.0,4,59,0.0
local,distilroberta-base,distilroberta-base,1,1.0,4,60,0.0
local,distilroberta-base,distilroberta-base,1,1.0,4,61,0.0
local,distilroberta-base,distilroberta-base,1,1.0,4,62,0.0
local,distilroberta-base,distilroberta-base,1,1.0,4,63,0.0
local,distilroberta-base,distilroberta-base,1,1.0,4,64,0.0
local,distilroberta-base,distilroberta-base,1,1.0,4,65,0.0
local,distilroberta-base,distilroberta-base,1,1.0,4,66,0.0
local,distilroberta-base,distilroberta-base,1,1.0,4,67,0.0
local,distilroberta-base,distilroberta-base,1,1.0,4,68,0.0
local,distilroberta-base,distilroberta-base,1,1.0,4,69,0.0
local,distilroberta-base,distilroberta-base,1,1.0,4,70,0.0
local,distilroberta-base,distilroberta-base,1,1.0,4,71,0.0
local,distilroberta-base,distilroberta-base,1,1.0,4,72,0.0
local,distilroberta-base,distilroberta-base,1,1.0,4,73,0.0
local,distilroberta-base,distilroberta-base,1,1.0,4,74,0.0
local,distilroberta-base,distilroberta-base,1,1.0,4,75,0.0
local,distilroberta-base,distilroberta-base,1,1.0,4,76,0.0
local,distilroberta-base,distilroberta-base,1,1.0,4,77,0.0
local,distilroberta-base,distilroberta-base,1,1.0,4,78,0.0
local,distilroberta-base,distilroberta-base,1,1.0,4,79,0.0
local,distilroberta-base,distilroberta-base,1,1.0,4,80,0.0
local,distilroberta-base,distilroberta-base,1,1.0,5,0,1.0
local,distilroberta-base,distilroberta-base,1,1.0,5,1,0.0
local,distilroberta-base,distilroberta-base,1,1.0,5,2,0.0
local,distilroberta-base,distilroberta-base,1,1.0,5,3,0.0
local,distilroberta-base,distilroberta-base,1,1.0,5,4,0.0
local,distilroberta-base,distilroberta-base,1,1.0,5,5,0.0
local,distilroberta-base,distilroberta-base,1,1.0,5,6,0.0
local,distilroberta-base,distilroberta-base,1,1.0,5,7,0.0
local,distilroberta-base,distilroberta-base,1,1.0,5,8,0.0
local,distilroberta-base,distilroberta-base,1,1.0,5,9,0.0
local,distilroberta-base,distilroberta-base,1,1.0,5,10,0.0
local,distilroberta-base,distilroberta-base,1,1.0,5,11,0.0
local,distilroberta-base,distilroberta-base,1,1.0,5,12,0.0
local,distilroberta-base,distilroberta-base,1,1.0,5,13,0.0
local,distilroberta-base,distilroberta-base,1,1.0,5,14,0.0
local,distilroberta-base,distilroberta-base,1,1.0,5,15,0.0
local,distilroberta-base,distilroberta-base,1,1.0,5,16,0.0
local,distilroberta-base,distilroberta-base,1,1.0,5,17,0.0
local,distilroberta-base,distilroberta-base,1,1.0,5,18,0.0
local,distilroberta-base,distilroberta-base,1,1.0,5,19,0.0
local,distilroberta-base,distilroberta-base,1,1.0,5,20,0.0
local,distilroberta-base,distilroberta-base,1,1.0,5,21,0.0
local,distilroberta-base,distilroberta-base,1,1.0,5,22,0.0
local,distilroberta-base,distilroberta-base,1,1.0,5,23,0.0
local,distilroberta-base,distilroberta-base,1,1.0,5,24,0.0
local,distilroberta-base,distilroberta-base,1,1.0,5,25,0.0
local,distilroberta-base,distilroberta-base,1,1.0,5,26,0.0
local,distilroberta-base,distilroberta-base,1,1.0,5,27,0.0
local,distilroberta-base,distilroberta-base,1,1.0,5,28,0.0
local,distilroberta-base,distilroberta-base,1,1.0,5,29,0.0
local,distilroberta-base,distilroberta-base,1,1.0,5,30,0.0
local,distilroberta-base,distilroberta-base,1,1.0,5,31,0.0
local,distilroberta-base,distilroberta-base,1,1.0,5,32,0.0
local,distilroberta-base,distilroberta-base,1,1.0,5,33,0.0
local,distilroberta-base,distilroberta-base,1,1.0,5,34,0.0
local,distilroberta-base,distilroberta-base,1,1.0,5,35,0.0
local,distilroberta-base,distilroberta-base,1,1.0,5,36,0.0
local,distilroberta-base,distilroberta-base,1,1.0,5,37,0.0
local,distilroberta-base,distilroberta-base,1,1.0,5,38,0.0
local,distilroberta-base,distilroberta-base,1,1.0,5,39,0.0
local,distilroberta-base,distilroberta-base,1,1.0,5,40,0.0
local,distilroberta-base,distilroberta-base,1,1.0,5,41,0.0
local,distilroberta-base,distilroberta-base,1,1.0,5,42,0.0
local,distilroberta-base,distilroberta-base,1,1.0,5,43,0.0
local,distilroberta-base,distilroberta-base,1,1.0,5,44,0.0
local,distilroberta-base,distilroberta-base,1,1.0,5,45,0.0
local,distilroberta-base,distilroberta-base,1,1.0,5,46,0.0
local,distilroberta-base,distilroberta-base,1,1.0,5,47,0.0
local,distilroberta-base,distilroberta-base,1,1.0,5,48,0.0
local,distilroberta-base,distilroberta-base,1,1.0,5,49,0.0
local,distilroberta-base,distilroberta-base,1,1.0,5,50,0.0
local,distilroberta-base,distilroberta-base,1,1.0,5,51,0.0
local,distilroberta-base,distilroberta-base,1,1.0,5,52,0.0
local,distilroberta-base,distilroberta-base,1,1.0,5,53,0.0
local,distilroberta-base,distilroberta-base,1,1.0,5,54,0.0
local,distilroberta-base,distilroberta-base,1,1.0,5,55,0.0
local,distilroberta-base,distilroberta-base,1,1.0,5,56,0.0
local,distilroberta-base,distilroberta-base,1,1.0,5,57,0.0
local,distilroberta-base,distilroberta-base,1,1.0,5,58,0.0
local,distilroberta-base,distilroberta-base,1,1.0,5,59,0.0
local,distilroberta-base,distilroberta-base,1,1.0,5,60,0.0
local,distilroberta-base,distilroberta-base,1,1.0,5,61,0.0
local,distilroberta-base,distilroberta-base,1,1.0,5,62,0.0
local,distilroberta-base,distilroberta-base,1,1.0,5,63,0.0
local,distilroberta-base,distilroberta-base,1,1.0,5,64,0.0
local,distilroberta-base,distilroberta-base,1,1.0,5,65,0.0
local,distilroberta-base,distilroberta-base,1,1.0,5,66,0.0
local,distilroberta-base,distilroberta-base,1,1.0,5,67,0.0
local,distilroberta-base,distilroberta-base,1,1.0,5,68,0.0
local,distilroberta-base,distilroberta-base,1,1.0,5,69,0.0
local,distilroberta-base,distilroberta-base,1,1.0,5,70,0.0
local,distilroberta-base,distilroberta-base,1,1.0,5,71,0.0
local,distilroberta-base,distilroberta-base,1,1.0,5,72,0.0
local,distilroberta-base,distilroberta-base,1,1.0,5,73,0.0
local,distilroberta-base,distilroberta-base,1,1.0,5,74,0.0
local,distilroberta-base,distilroberta-base,1,1.0,5,75,0.0
local,distilroberta-base,distilroberta-base,1,1.0,5,76,0.0
local,distilroberta-base,distilroberta-base,1,1.0,5,77,0.0
local,distilroberta-base,distilroberta-base,1,1.0,5,78,0.0
local,distilroberta-base,distilroberta-base,1,1.0,5,79,0.0
local,distilroberta-base,distilroberta-base,1,1.0,5,80,0.0
local,distilroberta-base,distilroberta-base,1,1.0,6,0,1.0
local,distilroberta-base,distilroberta-base,1,1.0,6,1,1.0
local,distilroberta-base,distilroberta-base,1,1.0,6,2,0.0
local,distilroberta-base,distilroberta-base,1,1.0,6,3,0.0
local,distilroberta-base,distilroberta-base,1,1.0,6,4,0.0
local,distilroberta-base,distilroberta-base,1,1.0,6,5,0.0
local,distilroberta-base,distilroberta-base,1,1.0,6,6,0.0
local,distilroberta-base,distilroberta-base,1,1.0,6,7,0.0
local,distilroberta-base,distilroberta-base,1,1.0,6,8,0.0
local,distilroberta-base,distilroberta-base,1,1.0,6,9,0.0
local,distilroberta-base,distilroberta-base,1,1.0,6,10,0.0
local,distilroberta-base,distilroberta-base,1,1.0,6,11,0.0
local,distilroberta-base,distilroberta-base,1,1.0,6,12,0.0
local,distilroberta-base,distilroberta-base,1,1.0,6,13,0.0
local,distilroberta-base,distilroberta-base,1,1.0,6,14,0.0
local,distilroberta-base,distilroberta-base,1,1.0,6,15,0.0
local,distilroberta-base,distilroberta-base,1,1.0,6,16,0.0
local,distilroberta-base,distilroberta-base,1,1.0,6,17,0.0
local,distilroberta-base,distilroberta-base,1,1.0,6,18,0.0
local,distilroberta-base,distilroberta-base,1,1.0,6,19,0.0
local,distilroberta-base,distilroberta-base,1,1.0,6,20,0.0
local,distilroberta-base,distilroberta-base,1,1.0,6,21,0.0
local,distilroberta-base,distilroberta-base,1,1.0,6,22,0.0
local,distilroberta-base,distilroberta-base,1,1.0,6,23,0.0
local,distilroberta-base,distilroberta-base,1,1.0,6,24,0.0
local,distilroberta-base,distilroberta-base,1,1.0,6,25,0.0
local,distilroberta-base,distilroberta-base,1,1.0,6,26,0.0
local,distilroberta-base,distilroberta-base,1,1.0,6,27,0.0
local,distilroberta-base,distilroberta-base,1,1.0,6,28,0.0
local,distilroberta-base,distilroberta-base,1,1.0,6,29,0.0
local,distilroberta-base,distilroberta-base,1,1.0,6,30,0.0
local,distilroberta-base,distilroberta-base,1,1.0,6,31,0.0
local,distilroberta-base,distilroberta-base,1,1.0,6,32,0.0
local,distilroberta-base,distilroberta-base,1,1.0,6,33,0.0
local,distilroberta-base,distilroberta-base,1,1.0,6,34,0.0
local,distilroberta-base,distilroberta-base,1,1.0,6,35,0.0
local,distilroberta-base,distilroberta-base,1,1.0,6,36,0.0
local,distilroberta-base,distilroberta-base,1,1.0,6,37,0.0
local,distilroberta-base,distilroberta-base,1,1.0,6,38,0.0
local,distilroberta-base,distilroberta-base,1,1.0,6,39,0.0
local,distilroberta-base,distilroberta-base,1,1.0,6,40,0.0
local,distilroberta-base,distilroberta-base,1,1.0,6,41,0.0
local,distilroberta-base,distilroberta-base,1,1.0,6,42,0.0
local,distilroberta-base,distilroberta-base,1,1.0,6,43,0.0
local,distilroberta-base,distilroberta-base,1,1.0,6,44,0.0
local,distilroberta-base,distilroberta-base,1,1.0,6,45,0.0
local,distilroberta-base,distilroberta-base,1,1.0,6,46,0.0
local,distilroberta-base,distilroberta-base,1,1.0,6,47,0.0
local,distilroberta-base,distilroberta-base,1,1.0,6,48,0.0
local,distilroberta-base,distilroberta-base,1,1.0,6,49,0.0
local,distilroberta-base,distilroberta-base,1,1.0,6,50,0.0
local,distilroberta-base,distilroberta-base,1,1.0,6,51,0.0
local,distilroberta-base,distilroberta-base,1,1.0,6,52,0.0
local,distilroberta-base,distilroberta-base,1,1.0,6,53,0.0
local,distilroberta-base,distilroberta-base,1,1.0,6,54,0.0
local,distilroberta-base,distilroberta-base,1,1.0,6,55,0.0
local,distilroberta-base,distilroberta-base,1,1.0,6,56,0.0
local,distilroberta-base,distilroberta-base,1,1.0,6,57,0.0
local,distilroberta-base,distilroberta-base,1,1.0,6,58,0.0
local,distilroberta-base,distilroberta-base,1,1.0,6,59,0.0
local,distilroberta-base,distilroberta-base,1,1.0,6,60,0.0
local,distilroberta-base,distilroberta-base,1,1.0,6,61,0.0
local,distilroberta-base,distilroberta-base,1,1.0,6,62,0.0
local,distilroberta-base,distilroberta-base,1,1.0,6,63,0.0
local,distilroberta-base,distilroberta-base,1,1.0,6,64,0.0
local,distilroberta-base,distilroberta-base,1,1.0,6,65,0.0
local,distilroberta-base,distilroberta-base,1,1.0,6,66,0.0
local,distilroberta-base,distilroberta-base,1,1.0,6,67,0.0
local,distilroberta-base,distilroberta-base,1,1.0,6,68,0.0
local,distilroberta-base,distilroberta-base,1,1.0,6,69,0.0
local,distilroberta-base,distilroberta-base,1,1.0,6,70,0.0
local,distilroberta-base,distilroberta-base,1,1.0,6,71,0.0
local,distilroberta-base,distilroberta-base,1,1.0,6,72,0.0
local,distilroberta-base,distilroberta-base,1,1.0,6,73,0.0
local,distilroberta-base,distilroberta-base,1,1.0,6,74,0.0
local,distilroberta-base,distilroberta-base,1,1.0,6,75,0.0
local,distilroberta-base,distilroberta-base,1,1.0,6,76,0.0
local,distilroberta-base,distilroberta-base,1,1.0,6,77,0.0
local,distilroberta-base,distilroberta-base,1,1.0,6,78,0.0
local,distilroberta-base,distilroberta-base,1,1.0,6,79,0.0
local,distilroberta-base,distilroberta-base,1,1.0,6,80,0.0
local,distilroberta-base,distilroberta-base,1,1.0,7,0,1.0
local,distilroberta-base,distilroberta-base,1,1.0,7,1,5.0
local,distilroberta-base,distilroberta-base,1,1.0,7,2,3.0
local,distilroberta-base,distilroberta-base,1,1.0,7,3,4.0
local,distilroberta-base,distilroberta-base,1,1.0,7,4,3.0
local,distilroberta-base,distilroberta-base,1,1.0,7,5,4.0
local,distilroberta-base,distilroberta-base,1,1.0,7,6,3.0
local,distilroberta-base,distilroberta-base,1,1.0,7,7,0.0
local,distilroberta-base,distilroberta-base,1,1.0,7,8,0.0
local,distilroberta-base,distilroberta-base,1,1.0,7,9,0.0
local,distilroberta-base,distilroberta-base,1,1.0,7,10,0.0
local,distilroberta-base,distilroberta-base,1,1.0,7,11,0.0
local,distilroberta-base,distilroberta-base,1,1.0,7,12,0.0
local,distilroberta-base,distilroberta-base,1,1.0,7,13,0.0
local,distilroberta-base,distilroberta-base,1,1.0,7,14,0.0
local,distilroberta-base,distilroberta-base,1,1.0,7,15,0.0
local,distilroberta-base,distilroberta-base,1,1.0,7,16,0.0
local,distilroberta-base,distilroberta-base,1,1.0,7,17,0.0
local,distilroberta-base,distilroberta-base,1,1.0,7,18,0.0
local,distilroberta-base,distilroberta-base,1,1.0,7,19,0.0
local,distilroberta-base,distilroberta-base,1,1.0,7,20,0.0
local,distilroberta-base,distilroberta-base,1,1.0,7,21,0.0
local,distilroberta-base,distilroberta-base,1,1.0,7,22,0.0
local,distilroberta-base,distilroberta-base,1,1.0,7,23,0.0
local,distilroberta-base,distilroberta-base,1,1.0,7,24,0.0
local,distilroberta-base,distilroberta-base,1,1.0,7,25,0.0
local,distilroberta-base,distilroberta-base,1,1.0,7,26,0.0
local,distilroberta-base,distilroberta-base,1,1.0,7,27,0.0
local,distilroberta-base,distilroberta-base,1,1.0,7,28,0.0
local,distilroberta-base,distilroberta-base,1,1.0,7,29,0.0
local,distilroberta-base,distilroberta-base,1,1.0,7,30,0.0
local,distilroberta-base,distilroberta-base,1,1.0,7,31,0.0
local,distilroberta-base,distilroberta-base,1,1.0,7,32,0.0
local,distilroberta-base,distilroberta-base,1,1.0,7,33,0.0
local,distilroberta-base,distilroberta-base,1,1.0,7,34,0.0
local,distilroberta-base,distilroberta-base,1,1.0,7,35,0.0
local,distilroberta-base,distilroberta-base,1,1.0,7,36,0.0
local,distilroberta-base,distilroberta-base,1,1.0,7,37,0.0
local,distilroberta-base,distilroberta-base,1,1.0,7,38,0.0
local,distilroberta-base,distilroberta-base,1,1.0,7,39,0.0
local,distilroberta-base,distilroberta-base,1,1.0,7,40,0.0
local,distilroberta-base,distilroberta-base,1,1.0,7,41,0.0
local,distilroberta-base,distilroberta-base,1,1.0,7,42,0.0
local,distilroberta-base,distilroberta-base,1,1.0,7,43,0.0
local,distilroberta-base,distilroberta-base,1,1.0,7,44,0.0
local,distilroberta-base,distilroberta-base,1,1.0,7,45,0.0
local,distilroberta-base,distilroberta-base,1,1.0,7,46,0.0
local,distilroberta-base,distilroberta-base,1,1.0,7,47,0.0
local,distilroberta-base,distilroberta-base,1,1.0,7,48,0.0
local,distilroberta-base,distilroberta-base,1,1.0,7,49,0.0
local,distilroberta-base,distilroberta-base,1,1.0,7,50,0.0
local,distilroberta-base,distilroberta-base,1,1.0,7,51,0.0
local,distilroberta-base,distilroberta-base,1,1.0,7,52,0.0
local,distilroberta-base,distilroberta-base,1,1.0,7,53,0.0
local,distilroberta-base,distilroberta-base,1,1.0,7,54,0.0
local,distilroberta-base,distilroberta-base,1,1.0,7,55,0.0
local,distilroberta-base,distilroberta-base,1,1.0,7,56,0.0
local,distilroberta-base,distilroberta-base,1,1.0,7,57,0.0
local,distilroberta-base,distilroberta-base,1,1.0,7,58,0.0
local,distilroberta-base,distilroberta-base,1,1.0,7,59,0.0
local,distilroberta-base,distilroberta-base,1,1.0,7,60,0.0
local,distilroberta-base,distilroberta-base,1,1.0,7,61,0.0
local,distilroberta-base,distilroberta-base,1,1.0,7,62,0.0
local,distilroberta-base,distilroberta-base,1,1.0,7,63,0.0
local,distilroberta-base,distilroberta-base,1,1.0,7,64,0.0
local,distilroberta-base,distilroberta-base,1,1.0,7,65,0.0
local,distilroberta-base,distilroberta-base,1,1.0,7,66,0.0
local,distilroberta-base,distilroberta-base,1,1.0,7,67,0.0
local,distilroberta-base,distilroberta-base,1,1.0,7,68,0.0
local,distilroberta-base,distilroberta-base,1,1.0,7,69,0.0
local,distilroberta-base,distilroberta-base,1,1.0,7,70,0.0
local,distilroberta-base,distilroberta-base,1,1.0,7,71,0.0
local,distilroberta-base,distilroberta-base,1,1.0,7,72,0.0
local,distilroberta-base,distilroberta-base,1,1.0,7,73,0.0
local,distilroberta-base,distilroberta-base,1,1.0,7,74,0.0
local,distilroberta-base,distilroberta-base,1,1.0,7,75,0.0
local,distilroberta-base,distilroberta-base,1,1.0,7,76,0.0
local,distilroberta-base,distilroberta-base,1,1.0,7,77,0.0
local,distilroberta-base,distilroberta-base,1,1.0,7,78,0.0
local,distilroberta-base,distilroberta-base,1,1.0,7,79,0.0
local,distilroberta-base,distilroberta-base,1,1.0,7,80,0.0
local,distilroberta-base,distilroberta-base,2,1.0,0,0,1.0
local,distilroberta-base,distilroberta-base,2,1.0,0,1,4.0
local,distilroberta-base,distilroberta-base,2,1.0,0,2,13.0
local,distilroberta-base,distilroberta-base,2,1.0,0,3,19.0
local,distilroberta-base,distilroberta-base,2,1.0,0,4,27.0
local,distilroberta-base,distilroberta-base,2,1.0,0,5,22.0
local,distilroberta-base,distilroberta-base,2,1.0,0,6,21.0
local,distilroberta-base,distilroberta-base,2,1.0,0,7,21.0
local,distilroberta-base,distilroberta-base,2,1.0,0,8,18.0
local,distilroberta-base,distilroberta-base,2,1.0,0,9,16.0
local,distilroberta-base,distilroberta-base,2,1.0,0,10,21.0
local,distilroberta-base,distilroberta-base,2,1.0,0,11,27.0
local,distilroberta-base,distilroberta-base,2,1.0,0,12,26.0
local,distilroberta-base,distilroberta-base,2,1.0,0,13,20.0
local,distilroberta-base,distilroberta-base,2,1.0,0,14,17.0
local,distilroberta-base,distilroberta-base,2,1.0,0,15,22.0
local,distilroberta-base,distilroberta-base,2,1.0,0,16,19.0
local,distilroberta-base,distilroberta-base,2,1.0,0,17,21.0
local,distilroberta-base,distilroberta-base,2,1.0,0,18,22.0
local,distilroberta-base,distilroberta-base,2,1.0,0,19,25.0
local,distilroberta-base,distilroberta-base,2,1.0,0,20,22.0
local,distilroberta-base,distilroberta-base,2,1.0,0,21,21.0
local,distilroberta-base,distilroberta-base,2,1.0,0,22,28.0
local,distilroberta-base,distilroberta-base,2,1.0,0,23,25.0
local,distilroberta-base,distilroberta-base,2,1.0,0,24,23.0
local,distilroberta-base,distilroberta-base,2,1.0,0,25,22.0
local,distilroberta-base,distilroberta-base,2,1.0,0,26,17.0
local,distilroberta-base,distilroberta-base,2,1.0,0,27,14.0
local,distilroberta-base,distilroberta-base,2,1.0,0,28,21.0
local,distilroberta-base,distilroberta-base,2,1.0,0,29,32.0
local,distilroberta-base,distilroberta-base,2,1.0,0,30,25.0
local,distilroberta-base,distilroberta-base,2,1.0,0,31,25.0
local,distilroberta-base,distilroberta-base,2,1.0,0,32,21.0
local,distilroberta-base,distilroberta-base,2,1.0,0,33,24.0
local,distilroberta-base,distilroberta-base,2,1.0,0,34,25.0
local,distilroberta-base,distilroberta-base,2,1.0,0,35,20.0
local,distilroberta-base,distilroberta-base,2,1.0,0,36,18.0
local,distilroberta-base,distilroberta-base,2,1.0,0,37,20.0
local,distilroberta-base,distilroberta-base,2,1.0,0,38,18.0
local,distilroberta-base,distilroberta-base,2,1.0,0,39,20.0
local,distilroberta-base,distilroberta-base,2,1.0,0,40,23.0
local,distilroberta-base,distilroberta-base,2,1.0,0,41,25.0
local,distilroberta-base,distilroberta-base,2,1.0,0,42,22.0
local,distilroberta-base,distilroberta-base,2,1.0,0,43,15.0
local,distilroberta-base,distilroberta-base,2,1.0,0,44,19.0
local,distilroberta-base,distilroberta-base,2,1.0,0,45,16.0
local,distilroberta-base,distilroberta-base,2,1.0,0,46,13.0
local,distilroberta-base,distilroberta-base,2,1.0,0,47,8.0
local,distilroberta-base,distilroberta-base,2,1.0,0,48,7.0
local,distilroberta-base,distilroberta-base,2,1.0,0,49,6.0
local,distilroberta-base,distilroberta-base,2,1.0,0,50,6.0
local,distilroberta-base,distilroberta-base,2,1.0,0,51,4.0
local,distilroberta-base,distilroberta-base,2,1.0,0,52,5.0
local,distilroberta-base,distilroberta-base,2,1.0,0,53,5.0
local,distilroberta-base,distilroberta-base,2,1.0,0,54,6.0
local,distilroberta-base,distilroberta-base,2,1.0,0,55,4.0
local,distilroberta-base,distilroberta-base,2,1.0,0,56,6.0
local,distilroberta-base,distilroberta-base,2,1.0,0,57,5.0
local,distilroberta-base,distilroberta-base,2,1.0,0,58,6.0
local,distilroberta-base,distilroberta-base,2,1.0,0,59,5.0
local,distilroberta-base,distilroberta-base,2,1.0,0,60,5.0
local,distilroberta-base,distilroberta-base,2,1.0,0,61,6.0
local,distilroberta-base,distilroberta-base,2,1.0,0,62,6.0
local,distilroberta-base,distilroberta-base,2,1.0,0,63,8.0
local,distilroberta-base,distilroberta-base,2,1.0,0,64,6.0
local,distilroberta-base,distilroberta-base,2,1.0,0,65,7.0
local,distilroberta-base,distilroberta-base,2,1.0,0,66,11.0
local,distilroberta-base,distilroberta-base,2,1.0,0,67,12.0
local,distilroberta-base,distilroberta-base,2,1.0,0,68,12.0
local,distilroberta-base,distilroberta-base,2,1.0,0,69,15.0
local,distilroberta-base,distilroberta-base,2,1.0,0,70,16.0
local,distilroberta-base,distilroberta-base,2,1.0,0,71,23.0
local,distilroberta-base,distilroberta-base,2,1.0,0,72,20.0
local,distilroberta-base,distilroberta-base,2,1.0,0,73,24.0
local,distilroberta-base,distilroberta-base,2,1.0,0,74,27.0
local,distilroberta-base,distilroberta-base,2,1.0,0,75,22.0
local,distilroberta-base,distilroberta-base,2,1.0,0,76,24.0
local,distilroberta-base,distilroberta-base,2,1.0,0,77,24.0
local,distilroberta-base,distilroberta-base,2,1.0,0,78,20.0
local,distilroberta-base,distilroberta-base,2,1.0,0,79,21.0
local,distilroberta-base,distilroberta-base,2,1.0,0,80,18.0
local,distilroberta-base,distilroberta-base,2,1.0,1,0,1.0
local,distilroberta-base,distilroberta-base,2,1.0,1,1,2.0
local,distilroberta-base,distilroberta-base,2,1.0,1,2,7.0
local,distilroberta-base,distilroberta-base,2,1.0,1,3,10.0
local,distilroberta-base,distilroberta-base,2,1.0,1,4,20.0
local,distilroberta-base,distilroberta-base,2,1.0,1,5,20.0
local,distilroberta-base,distilroberta-base,2,1.0,1,6,24.0
local,distilroberta-base,distilroberta-base,2,1.0,1,7,22.0
local,distilroberta-base,distilroberta-base,2,1.0,1,8,18.0
local,distilroberta-base,distilroberta-base,2,1.0,1,9,19.0
local,distilroberta-base,distilroberta-base,2,1.0,1,10,19.0
local,distilroberta-base,distilroberta-base,2,1.0,1,11,16.0
local,distilroberta-base,distilroberta-base,2,1.0,1,12,21.0
local,distilroberta-base,distilroberta-base,2,1.0,1,13,21.0
local,distilroberta-base,distilroberta-base,2,1.0,1,14,24.0
local,distilroberta-base,distilroberta-base,2,1.0,1,15,23.0
local,distilroberta-base,distilroberta-base,2,1.0,1,16,18.0
local,distilroberta-base,distilroberta-base,2,1.0,1,17,23.0
local,distilroberta-base,distilroberta-base,2,1.0,1,18,27.0
local,distilroberta-base,distilroberta-base,2,1.0,1,19,27.0
local,distilroberta-base,distilroberta-base,2,1.0,1,20,20.0
local,distilroberta-base,distilroberta-base,2,1.0,1,21,22.0
local,distilroberta-base,distilroberta-base,2,1.0,1,22,28.0
local,distilroberta-base,distilroberta-base,2,1.0,1,23,27.0
local,distilroberta-base,distilroberta-base,2,1.0,1,24,24.0
local,distilroberta-base,distilroberta-base,2,1.0,1,25,24.0
local,distilroberta-base,distilroberta-base,2,1.0,1,26,20.0
local,distilroberta-base,distilroberta-base,2,1.0,1,27,18.0
local,distilroberta-base,distilroberta-base,2,1.0,1,28,23.0
local,distilroberta-base,distilroberta-base,2,1.0,1,29,16.0
local,distilroberta-base,distilroberta-base,2,1.0,1,30,20.0
local,distilroberta-base,distilroberta-base,2,1.0,1,31,19.0
local,distilroberta-base,distilroberta-base,2,1.0,1,32,17.0
local,distilroberta-base,distilroberta-base,2,1.0,1,33,15.0
local,distilroberta-base,distilroberta-base,2,1.0,1,34,16.0
local,distilroberta-base,distilroberta-base,2,1.0,1,35,19.0
local,distilroberta-base,distilroberta-base,2,1.0,1,36,22.0
local,distilroberta-base,distilroberta-base,2,1.0,1,37,19.0
local,distilroberta-base,distilroberta-base,2,1.0,1,38,17.0
local,distilroberta-base,distilroberta-base,2,1.0,1,39,20.0
local,distilroberta-base,distilroberta-base,2,1.0,1,40,19.0
local,distilroberta-base,distilroberta-base,2,1.0,1,41,15.0
local,distilroberta-base,distilroberta-base,2,1.0,1,42,18.0
local,distilroberta-base,distilroberta-base,2,1.0,1,43,22.0
local,distilroberta-base,distilroberta-base,2,1.0,1,44,18.0
local,distilroberta-base,distilroberta-base,2,1.0,1,45,16.0
local,distilroberta-base,distilroberta-base,2,1.0,1,46,25.0
local,distilroberta-base,distilroberta-base,2,1.0,1,47,23.0
local,distilroberta-base,distilroberta-base,2,1.0,1,48,18.0
local,distilroberta-base,distilroberta-base,2,1.0,1,49,21.0
local,distilroberta-base,distilroberta-base,2,1.0,1,50,18.0
local,distilroberta-base,distilroberta-base,2,1.0,1,51,17.0
local,distilroberta-base,distilroberta-base,2,1.0,1,52,18.0
local,distilroberta-base,distilroberta-base,2,1.0,1,53,20.0
local,distilroberta-base,distilroberta-base,2,1.0,1,54,25.0
local,distilroberta-base,distilroberta-base,2,1.0,1,55,17.0
local,distilroberta-base,distilroberta-base,2,1.0,1,56,15.0
local,distilroberta-base,distilroberta-base,2,1.0,1,57,15.0
local,distilroberta-base,distilroberta-base,2,1.0,1,58,20.0
local,distilroberta-base,distilroberta-base,2,1.0,1,59,21.0
local,distilroberta-base,distilroberta-base,2,1.0,1,60,11.0
local,distilroberta-base,distilroberta-base,2,1.0,1,61,17.0
local,distilroberta-base,distilroberta-base,2,1.0,1,62,13.0
local,distilroberta-base,distilroberta-base,2,1.0,1,63,12.0
local,distilroberta-base,distilroberta-base,2,1.0,1,64,21.0
local,distilroberta-base,distilroberta-base,2,1.0,1,65,22.0
local,distilroberta-base,distilroberta-base,2,1.0,1,66,23.0
local,distilroberta-base,distilroberta-base,2,1.0,1,67,18.0
local,distilroberta-base,distilroberta-base,2,1.0,1,68,17.0
local,distilroberta-base,distilroberta-base,2,1.0,1,69,25.0
local,distilroberta-base,distilroberta-base,2,1.0,1,70,22.0
local,distilroberta-base,distilroberta-base,2,1.0,1,71,21.0
local,distilroberta-base,distilroberta-base,2,1.0,1,72,24.0
local,distilroberta-base,distilroberta-base,2,1.0,1,73,24.0
local,distilroberta-base,distilroberta-base,2,1.0,1,74,24.0
local,distilroberta-base,distilroberta-base,2,1.0,1,75,24.0
local,distilroberta-base,distilroberta-base,2,1.0,1,76,22.0
local,distilroberta-base,distilroberta-base,2,1.0,1,77,15.0
local,distilroberta-base,distilroberta-base,2,1.0,1,78,15.0
local,distilroberta-base,distilroberta-base,2,1.0,1,79,21.0
local,distilroberta-base,distilroberta-base,2,1.0,1,80,16.0
local,distilroberta-base,distilroberta-base,2,1.0,2,0,1.0
local,distilroberta-base,distilroberta-base,2,1.0,2,1,1.0
local,distilroberta-base,distilroberta-base,2,1.0,2,2,3.0
local,distilroberta-base,distilroberta-base,2,1.0,2,3,5.0
local,distilroberta-base,distilroberta-base,2,1.0,2,4,6.0
local,distilroberta-base,distilroberta-base,2,1.0,2,5,6.0
local,distilroberta-base,distilroberta-base,2,1.0,2,6,8.0
local,distilroberta-base,distilroberta-base,2,1.0,2,7,13.0
local,distilroberta-base,distilroberta-base,2,1.0,2,8,18.0
local,distilroberta-base,distilroberta-base,2,1.0,2,9,22.0
local,distilroberta-base,distilroberta-base,2,1.0,2,10,23.0
local,distilroberta-base,distilroberta-base,2,1.0,2,11,20.0
local,distilroberta-base,distilroberta-base,2,1.0,2,12,24.0
local,distilroberta-base,distilroberta-base,2,1.0,2,13,28.0
local,distilroberta-base,distilroberta-base,2,1.0,2,14,23.0
local,distilroberta-base,distilroberta-base,2,1.0,2,15,24.0
local,distilroberta-base,distilroberta-base,2,1.0,2,16,22.0
local,distilroberta-base,distilroberta-base,2,1.0,2,17,21.0
local,distilroberta-base,distilroberta-base,2,1.0,2,18,22.0
local,distilroberta-base,distilroberta-base,2,1.0,2,19,20.0
local,distilroberta-base,distilroberta-base,2,1.0,2,20,14.0
local,distilroberta-base,distilroberta-base,2,1.0,2,21,15.0
local,distilroberta-base,distilroberta-base,2,1.0,2,22,23.0
local,distilroberta-base,distilroberta-base,2,1.0,2,23,22.0
local,distilroberta-base,distilroberta-base,2,1.0,2,24,24.0
local,distilroberta-base,distilroberta-base,2,1.0,2,25,19.0
local,distilroberta-base,distilroberta-base,2,1.0,2,26,26.0
local,distilroberta-base,distilroberta-base,2,1.0,2,27,21.0
local,distilroberta-base,distilroberta-base,2,1.0,2,28,20.0
local,distilroberta-base,distilroberta-base,2,1.0,2,29,22.0
local,distilroberta-base,distilroberta-base,2,1.0,2,30,24.0
local,distilroberta-base,distilroberta-base,2,1.0,2,31,19.0
local,distilroberta-base,distilroberta-base,2,1.0,2,32,22.0
local,distilroberta-base,distilroberta-base,2,1.0,2,33,18.0
local,distilroberta-base,distilroberta-base,2,1.0,2,34,23.0
local,distilroberta-base,distilroberta-base,2,1.0,2,35,24.0
local,distilroberta-base,distilroberta-base,2,1.0,2,36,23.0
local,distilroberta-base,distilroberta-base,2,1.0,2,37,24.0
local,distilroberta-base,distilroberta-base,2,1.0,2,38,20.0
local,distilroberta-base,distilroberta-base,2,1.0,2,39,22.0
local,distilroberta-base,distilroberta-base,2,1.0,2,40,25.0
local,distilroberta-base,distilroberta-base,2,1.0,2,41,19.0
local,distilroberta-base,distilroberta-base,2,1.0,2,42,23.0
local,distilroberta-base,distilroberta-base,2,1.0,2,43,19.0
local,distilroberta-base,distilroberta-base,2,1.0,2,44,21.0
local,distilroberta-base,distilroberta-base,2,1.0,2,45,22.0
local,distilroberta-base,distilroberta-base,2,1.0,2,46,23.0
local,distilroberta-base,distilroberta-base,2,1.0,2,47,23.0
local,distilroberta-base,distilroberta-base,2,1.0,2,48,24.0
local,distilroberta-base,distilroberta-base,2,1.0,2,49,23.0
local,distilroberta-base,distilroberta-base,2,1.0,2,50,20.0
local,distilroberta-base,distilroberta-base,2,1.0,2,51,23.0
local,distilroberta-base,distilroberta-base,2,1.0,2,52,25.0
local,distilroberta-base,distilroberta-base,2,1.0,2,53,18.0
local,distilroberta-base,distilroberta-base,2,1.0,2,54,23.0
local,distilroberta-base,distilroberta-base,2,1.0,2,55,24.0
local,distilroberta-base,distilroberta-base,2,1.0,2,56,21.0
local,distilroberta-base,distilroberta-base,2,1.0,2,57,21.0
local,distilroberta-base,distilroberta-base,2,1.0,2,58,26.0
local,distilroberta-base,distilroberta-base,2,1.0,2,59,23.0
local,distilroberta-base,distilroberta-base,2,1.0,2,60,19.0
local,distilroberta-base,distilroberta-base,2,1.0,2,61,20.0
local,distilroberta-base,distilroberta-base,2,1.0,2,62,20.0
local,distilroberta-base,distilroberta-base,2,1.0,2,63,22.0
local,distilroberta-base,distilroberta-base,2,1.0,2,64,20.0
local,distilroberta-base,distilroberta-base,2,1.0,2,65,20.0
local,distilroberta-base,distilroberta-base,2,1.0,2,66,24.0
local,distilroberta-base,distilroberta-base,2,1.0,2,67,21.0
local,distilroberta-base,distilroberta-base,2,1.0,2,68,17.0
local,distilroberta-base,distilroberta-base,2,1.0,2,69,16.0
local,distilroberta-base,distilroberta-base,2,1.0,2,70,21.0
local,distilroberta-base,distilroberta-base,2,1.0,2,71,27.0
local,distilroberta-base,distilroberta-base,2,1.0,2,72,25.0
local,distilroberta-base,distilroberta-base,2,1.0,2,73,25.0
local,distilroberta-base,distilroberta-base,2,1.0,2,74,24.0
local,distilroberta-base,distilroberta-base,2,1.0,2,75,18.0
local,distilroberta-base,distilroberta-base,2,1.0,2,76,17.0
local,distilroberta-base,distilroberta-base,2,1.0,2,77,16.0
local,distilroberta-base,distilroberta-base,2,1.0,2,78,19.0
local,distilroberta-base,distilroberta-base,2,1.0,2,79,17.0
local,distilroberta-base,distilroberta-base,2,1.0,2,80,22.0
local,distilroberta-base,distilroberta-base,2,1.0,3,0,1.0
local,distilroberta-base,distilroberta-base,2,1.0,3,1,2.0
local,distilroberta-base,distilroberta-base,2,1.0,3,2,1.0
local,distilroberta-base,distilroberta-base,2,1.0,3,3,2.0
local,distilroberta-base,distilroberta-base,2,1.0,3,4,1.0
local,distilroberta-base,distilroberta-base,2,1.0,3,5,1.0
local,distilroberta-base,distilroberta-base,2,1.0,3,6,1.0
local,distilroberta-base,distilroberta-base,2,1.0,3,7,1.0
local,distilroberta-base,distilroberta-base,2,1.0,3,8,1.0
local,distilroberta-base,distilroberta-base,2,1.0,3,9,2.0
local,distilroberta-base,distilroberta-base,2,1.0,3,10,1.0
local,distilroberta-base,distilroberta-base,2,1.0,3,11,2.0
local,distilroberta-base,distilroberta-base,2,1.0,3,12,3.0
local,distilroberta-base,distilroberta-base,2,1.0,3,13,2.0
local,distilroberta-base,distilroberta-base,2,1.0,3,14,3.0
local,distilroberta-base,distilroberta-base,2,1.0,3,15,2.0
local,distilroberta-base,distilroberta-base,2,1.0,3,16,2.0
local,distilroberta-base,distilroberta-base,2,1.0,3,17,4.0
local,distilroberta-base,distilroberta-base,2,1.0,3,18,4.0
local,distilroberta-base,distilroberta-base,2,1.0,3,19,6.0
local,distilroberta-base,distilroberta-base,2,1.0,3,20,14.0
local,distilroberta-base,distilroberta-base,2,1.0,3,21,17.0
local,distilroberta-base,distilroberta-base,2,1.0,3,22,14.0
local,distilroberta-base,distilroberta-base,2,1.0,3,23,20.0
local,distilroberta-base,distilroberta-base,2,1.0,3,24,19.0
local,distilroberta-base,distilroberta-base,2,1.0,3,25,20.0
local,distilroberta-base,distilroberta-base,2,1.0,3,26,20.0
local,distilroberta-base,distilroberta-base,2,1.0,3,27,25.0
local,distilroberta-base,distilroberta-base,2,1.0,3,28,22.0
local,distilroberta-base,distilroberta-base,2,1.0,3,29,28.0
local,distilroberta-base,distilroberta-base,2,1.0,3,30,27.0
local,distilroberta-base,distilroberta-base,2,1.0,3,31,17.0
local,distilroberta-base,distilroberta-base,2,1.0,3,32,22.0
local,distilroberta-base,distilroberta-base,2,1.0,3,33,19.0
local,distilroberta-base,distilroberta-base,2,1.0,3,34,21.0
local,distilroberta-base,distilroberta-base,2,1.0,3,35,19.0
local,distilroberta-base,distilroberta-base,2,1.0,3,36,19.0
local,distilroberta-base,distilroberta-base,2,1.0,3,37,22.0
local,distilroberta-base,distilroberta-base,2,1.0,3,38,24.0
local,distilroberta-base,distilroberta-base,2,1.0,3,39,26.0
local,distilroberta-base,distilroberta-base,2,1.0,3,40,27.0
local,distilroberta-base,distilroberta-base,2,1.0,3,41,26.0
local,distilroberta-base,distilroberta-base,2,1.0,3,42,21.0
local,distilroberta-base,distilroberta-base,2,1.0,3,43,14.0
local,distilroberta-base,distilroberta-base,2,1.0,3,44,15.0
local,distilroberta-base,distilroberta-base,2,1.0,3,45,18.0
local,distilroberta-base,distilroberta-base,2,1.0,3,46,23.0
local,distilroberta-base,distilroberta-base,2,1.0,3,47,21.0
local,distilroberta-base,distilroberta-base,2,1.0,3,48,20.0
local,distilroberta-base,distilroberta-base,2,1.0,3,49,17.0
local,distilroberta-base,distilroberta-base,2,1.0,3,50,12.0
local,distilroberta-base,distilroberta-base,2,1.0,3,51,16.0
local,distilroberta-base,distilroberta-base,2,1.0,3,52,16.0
local,distilroberta-base,distilroberta-base,2,1.0,3,53,14.0
local,distilroberta-base,distilroberta-base,2,1.0,3,54,18.0
local,distilroberta-base,distilroberta-base,2,1.0,3,55,20.0
local,distilroberta-base,distilroberta-base,2,1.0,3,56,19.0
local,distilroberta-base,distilroberta-base,2,1.0,3,57,23.0
local,distilroberta-base,distilroberta-base,2,1.0,3,58,27.0
local,distilroberta-base,distilroberta-base,2,1.0,3,59,22.0
local,distilroberta-base,distilroberta-base,2,1.0,3,60,20.0
local,distilroberta-base,distilroberta-base,2,1.0,3,61,22.0
local,distilroberta-base,distilroberta-base,2,1.0,3,62,19.0
local,distilroberta-base,distilroberta-base,2,1.0,3,63,26.0
local,distilroberta-base,distilroberta-base,2,1.0,3,64,26.0
local,distilroberta-base,distilroberta-base,2,1.0,3,65,19.0
local,distilroberta-base,distilroberta-base,2,1.0,3,66,23.0
local,distilroberta-base,distilroberta-base,2,1.0,3,67,21.0
local,distilroberta-base,distilroberta-base,2,1.0,3,68,20.0
local,distilroberta-base,distilroberta-base,2,1.0,3,69,21.0
local,distilroberta-base,distilroberta-base,2,1.0,3,70,20.0
local,distilroberta-base,distilroberta-base,2,1.0,3,71,20.0
local,distilroberta-base,distilroberta-base,2,1.0,3,72,21.0
local,distilroberta-base,distilroberta-base,2,1.0,3,73,22.0
local,distilroberta-base,distilroberta-base,2,1.0,3,74,22.0
local,distilroberta-base,distilroberta-base,2,1.0,3,75,18.0
local,distilroberta-base,distilroberta-base,2,1.0,3,76,17.0
local,distilroberta-base,distilroberta-base,2,1.0,3,77,19.0
local,distilroberta-base,distilroberta-base,2,1.0,3,78,24.0
local,distilroberta-base,distilroberta-base,2,1.0,3,79,26.0
local,distilroberta-base,distilroberta-base,2,1.0,3,80,27.0
local,distilroberta-base,distilroberta-base,2,1.0,4,0,1.0
local,distilroberta-base,distilroberta-base,2,1.0,4,1,0.0
local,distilroberta-base,distilroberta-base,2,1.0,4,2,0.0
local,distilroberta-base,distilroberta-base,2,1.0,4,3,0.0
local,distilroberta-base,distilroberta-base,2,1.0,4,4,0.0
local,distilroberta-base,distilroberta-base,2,1.0,4,5,0.0
local,distilroberta-base,distilroberta-base,2,1.0,4,6,0.0
local,distilroberta-base,distilroberta-base,2,1.0,4,7,0.0
local,distilroberta-base,distilroberta-base,2,1.0,4,8,0.0
local,distilroberta-base,distilroberta-base,2,1.0,4,9,0.0
local,distilroberta-base,distilroberta-base,2,1.0,4,10,0.0
local,distilroberta-base,distilroberta-base,2,1.0,4,11,0.0
local,distilroberta-base,distilroberta-base,2,1.0,4,12,0.0
local,distilroberta-base,distilroberta-base,2,1.0,4,13,0.0
local,distilroberta-base,distilroberta-base,2,1.0,4,14,0.0
local,distilroberta-base,distilroberta-base,2,1.0,4,15,0.0
local,distilroberta-base,distilroberta-base,2,1.0,4,16,0.0
local,distilroberta-base,distilroberta-base,2,1.0,4,17,0.0
local,distilroberta-base,distilroberta-base,2,1.0,4,18,0.0
local,distilroberta-base,distilroberta-base,2,1.0,4,19,0.0
local,distilroberta-base,distilroberta-base,2,1.0,4,20,0.0
local,distilroberta-base,distilroberta-base,2,1.0,4,21,0.0
local,distilroberta-base,distilroberta-base,2,1.0,4,22,0.0
local,distilroberta-base,distilroberta-base,2,1.0,4,23,0.0
local,distilroberta-base,distilroberta-base,2,1.0,4,24,0.0
local,distilroberta-base,distilroberta-base,2,1.0,4,25,0.0
local,distilroberta-base,distilroberta-base,2,1.0,4,26,0.0
local,distilroberta-base,distilroberta-base,2,1.0,4,27,0.0
local,distilroberta-base,distilroberta-base,2,1.0,4,28,0.0
local,distilroberta-base,distilroberta-base,2,1.0,4,29,0.0
local,distilroberta-base,distilroberta-base,2,1.0,4,30,0.0
local,distilroberta-base,distilroberta-base,2,1.0,4,31,0.0
local,distilroberta-base,distilroberta-base,2,1.0,4,32,0.0
local,distilroberta-base,distilroberta-base,2,1.0,4,33,0.0
local,distilroberta-base,distilroberta-base,2,1.0,4,34,0.0
local,distilroberta-base,distilroberta-base,2,1.0,4,35,0.0
local,distilroberta-base,distilroberta-base,2,1.0,4,36,0.0
local,distilroberta-base,distilroberta-base,2,1.0,4,37,0.0
local,distilroberta-base,distilroberta-base,2,1.0,4,38,0.0
local,distilroberta-base,distilroberta-base,2,1.0,4,39,0.0
local,distilroberta-base,distilroberta-base,2,1.0,4,40,0.0
local,distilroberta-base,distilroberta-base,2,1.0,4,41,0.0
local,distilroberta-base,distilroberta-base,2,1.0,4,42,0.0
local,distilroberta-base,distilroberta-base,2,1.0,4,43,0.0
local,distilroberta-base,distilroberta-base,2,1.0,4,44,0.0
local,distilroberta-base,distilroberta-base,2,1.0,4,45,0.0
local,distilroberta-base,distilroberta-base,2,1.0,4,46,0.0
local,distilroberta-base,distilroberta-base,2,1.0,4,47,0.0
local,distilroberta-base,distilroberta-base,2,1.0,4,48,0.0
local,distilroberta-base,distilroberta-base,2,1.0,4,49,0.0
local,distilroberta-base,distilroberta-base,2,1.0,4,50,0.0
local,distilroberta-base,distilroberta-base,2,1.0,4,51,0.0
local,distilroberta-base,distilroberta-base,2,1.0,4,52,0.0
local,distilroberta-base,distilroberta-base,2,1.0,4,53,0.0
local,distilroberta-base,distilroberta-base,2,1.0,4,54,0.0
local,distilroberta-base,distilroberta-base,2,1.0,4,55,0.0
local,distilroberta-base,distilroberta-base,2,1.0,4,56,0.0
local,distilroberta-base,distilroberta-base,2,1.0,4,57,0.0
local,distilroberta-base,distilroberta-base,2,1.0,4,58,0.0
local,distilroberta-base,distilroberta-base,2,1.0,4,59,0.0
local,distilroberta-base,distilroberta-base,2,1.0,4,60,0.0
local,distilroberta-base,distilroberta-base,2,1.0,4,61,0.0
local,distilroberta-base,distilroberta-base,2,1.0,4,62,0.0
local,distilroberta-base,distilroberta-base,2,1.0,4,63,0.0
local,distilroberta-base,distilroberta-base,2,1.0,4,64,0.0
local,distilroberta-base,distilroberta-base,2,1.0,4,65,0.0
local,distilroberta-base,distilroberta-base,2,1.0,4,66,0.0
local,distilroberta-base,distilroberta-base,2,1.0,4,67,0.0
local,distilroberta-base,distilroberta-base,2,1.0,4,68,0.0
local,distilroberta-base,distilroberta-base,2,1.0,4,69,0.0
local,distilroberta-base,distilroberta-base,2,1.0,4,70,0.0
local,distilroberta-base,distilroberta-base,2,1.0,4,71,0.0
local,distilroberta-base,distilroberta-base,2,1.0,4,72,0.0
local,distilroberta-base,distilroberta-base,2,1.0,4,73,0.0
local,distilroberta-base,distilroberta-base,2,1.0,4,74,0.0
local,distilroberta-base,distilroberta-base,2,1.0,4,75,0.0
local,distilroberta-base,distilroberta-base,2,1.0,4,76,0.0
local,distilroberta-base,distilroberta-base,2,1.0,4,77,0.0
local,distilroberta-base,distilroberta-base,2,1.0,4,78,0.0
local,distilroberta-base,distilroberta-base,2,1.0,4,79,0.0
local,distilroberta-base,distilroberta-base,2,1.0,4,80,0.0
local,distilroberta-base,distilroberta-base,2,1.0,5,0,1.0
local,distilroberta-base,distilroberta-base,2,1.0,5,1,2.0
local,distilroberta-base,distilroberta-base,2,1.0,5,2,3.0
local,distilroberta-base,distilroberta-base,2,1.0,5,3,4.0
local,distilroberta-base,distilroberta-base,2,1.0,5,4,1.0
local,distilroberta-base,distilroberta-base,2,1.0,5,5,1.0
local,distilroberta-base,distilroberta-base,2,1.0,5,6,0.0
local,distilroberta-base,distilroberta-base,2,1.0,5,7,0.0
local,distilroberta-base,distilroberta-base,2,1.0,5,8,0.0
local,distilroberta-base,distilroberta-base,2,1.0,5,9,0.0
local,distilroberta-base,distilroberta-base,2,1.0,5,10,0.0
local,distilroberta-base,distilroberta-base,2,1.0,5,11,0.0
local,distilroberta-base,distilroberta-base,2,1.0,5,12,0.0
local,distilroberta-base,distilroberta-base,2,1.0,5,13,0.0
local,distilroberta-base,distilroberta-base,2,1.0,5,14,0.0
local,distilroberta-base,distilroberta-base,2,1.0,5,15,0.0
local,distilroberta-base,distilroberta-base,2,1.0,5,16,0.0
local,distilroberta-base,distilroberta-base,2,1.0,5,17,0.0
local,distilroberta-base,distilroberta-base,2,1.0,5,18,0.0
local,distilroberta-base,distilroberta-base,2,1.0,5,19,0.0
local,distilroberta-base,distilroberta-base,2,1.0,5,20,0.0
local,distilroberta-base,distilroberta-base,2,1.0,5,21,0.0
local,distilroberta-base,distilroberta-base,2,1.0,5,22,0.0
local,distilroberta-base,distilroberta-base,2,1.0,5,23,0.0
local,distilroberta-base,distilroberta-base,2,1.0,5,24,0.0
local,distilroberta-base,distilroberta-base,2,1.0,5,25,0.0
local,distilroberta-base,distilroberta-base,2,1.0,5,26,0.0
local,distilroberta-base,distilroberta-base,2,1.0,5,27,0.0
local,distilroberta-base,distilroberta-base,2,1.0,5,28,0.0
local,distilroberta-base,distilroberta-base,2,1.0,5,29,0.0
local,distilroberta-base,distilroberta-base,2,1.0,5,30,0.0
local,distilroberta-base,distilroberta-base,2,1.0,5,31,0.0
local,distilroberta-base,distilroberta-base,2,1.0,5,32,0.0
local,distilroberta-base,distilroberta-base,2,1.0,5,33,0.0
local,distilroberta-base,distilroberta-base,2,1.0,5,34,0.0
local,distilroberta-base,distilroberta-base,2,1.0,5,35,0.0
local,distilroberta-base,distilroberta-base,2,1.0,5,36,0.0
local,distilroberta-base,distilroberta-base,2,1.0,5,37,0.0
local,distilroberta-base,distilroberta-base,2,1.0,5,38,0.0
local,distilroberta-base,distilroberta-base,2,1.0,5,39,0.0
local,distilroberta-base,distilroberta-base,2,1.0,5,40,0.0
local,distilroberta-base,distilroberta-base,2,1.0,5,41,0.0
local,distilroberta-base,distilroberta-base,2,1.0,5,42,0.0
local,distilroberta-base,distilroberta-base,2,1.0,5,43,0.0
local,distilroberta-base,distilroberta-base,2,1.0,5,44,0.0
local,distilroberta-base,distilroberta-base,2,1.0,5,45,0.0
local,distilroberta-base,distilroberta-base,2,1.0,5,46,0.0
local,distilroberta-base,distilroberta-base,2,1.0,5,47,0.0
local,distilroberta-base,distilroberta-base,2,1.0,5,48,0.0
local,distilroberta-base,distilroberta-base,2,1.0,5,49,0.0
local,distilroberta-base,distilroberta-base,2,1.0,5,50,0.0
local,distilroberta-base,distilroberta-base,2,1.0,5,51,0.0
local,distilroberta-base,distilroberta-base,2,1.0,5,52,0.0
local,distilroberta-base,distilroberta-base,2,1.0,5,53,0.0
local,distilroberta-base,distilroberta-base,2,1.0,5,54,0.0
local,distilroberta-base,distilroberta-base,2,1.0,5,55,0.0
local,distilroberta-base,distilroberta-base,2,1.0,5,56,0.0
local,distilroberta-base,distilroberta-base,2,1.0,5,57,0.0
local,distilroberta-base,distilroberta-base,2,1.0,5,58,0.0
local,distilroberta-base,distilroberta-base,2,1.0,5,59,0.0
local,distilroberta-base,distilroberta-base,2,1.0,5,60,0.0
local,distilroberta-base,distilroberta-base,2,1.0,5,61,0.0
local,distilroberta-base,distilroberta-base,2,1.0,5,62,0.0
local,distilroberta-base,distilroberta-base,2,1.0,5,63,0.0
local,distilroberta-base,distilroberta-base,2,1.0,5,64,0.0
local,distilroberta-base,distilroberta-base,2,1.0,5,65,0.0
local,distilroberta-base,distilroberta-base,2,1.0,5,66,0.0
local,distilroberta-base,distilroberta-base,2,1.0,5,67,0.0
local,distilroberta-base,distilroberta-base,2,1.0,5,68,0.0
local,distilroberta-base,distilroberta-base,2,1.0,5,69,0.0
local,distilroberta-base,distilroberta-base,2,1.0,5,70,0.0
local,distilroberta-base,distilroberta-base,2,1.0,5,71,0.0
local,distilroberta-base,distilroberta-base,2,1.0,5,72,0.0
local,distilroberta-base,distilroberta-base,2,1.0,5,73,0.0
local,distilroberta-base,distilroberta-base,2,1.0,5,74,0.0
local,distilroberta-base,distilroberta-base,2,1.0,5,75,0.0
local,distilroberta-base,distilroberta-base,2,1.0,5,76,0.0
local,distilroberta-base,distilroberta-base,2,1.0,5,77,0.0
local,distilroberta-base,distilroberta-base,2,1.0,5,78,0.0
local,distilroberta-base,distilroberta-base,2,1.0,5,79,0.0
local,distilroberta-base,distilroberta-base,2,1.0,5,80,0.0
local,distilroberta-base,distilroberta-base,2,1.0,6,0,1.0
local,distilroberta-base,distilroberta-base,2,1.0,6,1,1.0
local,distilroberta-base,distilroberta-base,2,1.0,6,2,0.0
local,distilroberta-base,distilroberta-base,2,1.0,6,3,0.0
local,distilroberta-base,distilroberta-base,2,1.0,6,4,0.0
local,distilroberta-base,distilroberta-base,2,1.0,6,5,0.0
local,distilroberta-base,distilroberta-base,2,1.0,6,6,0.0
local,distilroberta-base,distilroberta-base,2,1.0,6,7,0.0
local,distilroberta-base,distilroberta-base,2,1.0,6,8,0.0
local,distilroberta-base,distilroberta-base,2,1.0,6,9,0.0
local,distilroberta-base,distilroberta-base,2,1.0,6,10,0.0
local,distilroberta-base,distilroberta-base,2,1.0,6,11,0.0
local,distilroberta-base,distilroberta-base,2,1.0,6,12,0.0
local,distilroberta-base,distilroberta-base,2,1.0,6,13,0.0
local,distilroberta-base,distilroberta-base,2,1.0,6,14,0.0
local,distilroberta-base,distilroberta-base,2,1.0,6,15,0.0
local,distilroberta-base,distilroberta-base,2,1.0,6,16,0.0
local,distilroberta-base,distilroberta-base,2,1.0,6,17,0.0
local,distilroberta-base,distilroberta-base,2,1.0,6,18,0.0
local,distilroberta-base,distilroberta-base,2,1.0,6,19,0.0
local,distilroberta-base,distilroberta-base,2,1.0,6,20,0.0
local,distilroberta-base,distilroberta-base,2,1.0,6,21,0.0
local,distilroberta-base,distilroberta-base,2,1.0,6,22,0.0
local,distilroberta-base,distilroberta-base,2,1.0,6,23,0.0
local,distilroberta-base,distilroberta-base,2,1.0,6,24,0.0
local,distilroberta-base,distilroberta-base,2,1.0,6,25,0.0
local,distilroberta-base,distilroberta-base,2,1.0,6,26,0.0
local,distilroberta-base,distilroberta-base,2,1.0,6,27,0.0
local,distilroberta-base,distilroberta-base,2,1.0,6,28,0.0
local,distilroberta-base,distilroberta-base,2,1.0,6,29,0.0
local,distilroberta-base,distilroberta-base,2,1.0,6,30,0.0
local,distilroberta-base,distilroberta-base,2,1.0,6,31,0.0
local,distilroberta-base,distilroberta-base,2,1.0,6,32,0.0
local,distilroberta-base,distilroberta-base,2,1.0,6,33,0.0
local,distilroberta-base,distilroberta-base,2,1.0,6,34,0.0
local,distilroberta-base,distilroberta-base,2,1.0,6,35,0.0
local,distilroberta-base,distilroberta-base,2,1.0,6,36,0.0
local,distilroberta-base,distilroberta-base,2,1.0,6,37,0.0
local,distilroberta-base,distilroberta-base,2,1.0,6,38,0.0
local,distilroberta-base,distilroberta-base,2,1.0,6,39,0.0
local,distilroberta-base,distilroberta-base,2,1.0,6,40,0.0
local,distilroberta-base,distilroberta-base,2,1.0,6,41,0.0
local,distilroberta-base,distilroberta-base,2,1.0,6,42,0.0
local,distilroberta-base,distilroberta-base,2,1.0,6,43,0.0
local,distilroberta-base,distilroberta-base,2,1.0,6,44,0.0
local,distilroberta-base,distilroberta-base,2,1.0,6,45,0.0
local,distilroberta-base,distilroberta-base,2,1.0,6,46,0.0
local,distilroberta-base,distilroberta-base,2,1.0,6,47,0.0
local,distilroberta-base,distilroberta-base,2,1.0,6,48,0.0
local,distilroberta-base,distilroberta-base,2,1.0,6,49,0.0
local,distilroberta-base,distilroberta-base,2,1.0,6,50,0.0
local,distilroberta-base,distilroberta-base,2,1.0,6,51,0.0
local,distilroberta-base,distilroberta-base,2,1.0,6,52,0.0
local,distilroberta-base,distilroberta-base,2,1.0,6,53,0.0
local,distilroberta-base,distilroberta-base,2,1.0,6,54,0.0
local,distilroberta-base,distilroberta-base,2,1.0,6,55,0.0
local,distilroberta-base,distilroberta-base,2,1.0,6,56,0.0
local,distilroberta-base,distilroberta-base,2,1.0,6,57,0.0
local,distilroberta-base,distilroberta-base,2,1.0,6,58,0.0
local,distilroberta-base,distilroberta-base,2,1.0,6,59,0.0
local,distilroberta-base,distilroberta-base,2,1.0,6,60,0.0
local,distilroberta-base,distilroberta-base,2,1.0,6,61,0.0
local,distilroberta-base,distilroberta-base,2,1.0,6,62,0.0
local,distilroberta-base,distilroberta-base,2,1.0,6,63,0.0
local,distilroberta-base,distilroberta-base,2,1.0,6,64,0.0
local,distilroberta-base,distilroberta-base,2,1.0,6,65,0.0
local,distilroberta-base,distilroberta-base,2,1.0,6,66,0.0
local,distilroberta-base,distilroberta-base,2,1.0,6,67,0.0
local,distilroberta-base,distilroberta-base,2,1.0,6,68,0.0
local,distilroberta-base,distilroberta-base,2,1.0,6,69,0.0
local,distilroberta-base,distilroberta-base,2,1.0,6,70,0.0
local,distilroberta-base,distilroberta-base,2,1.0,6,71,0.0
local,distilroberta-base,distilroberta-base,2,1.0,6,72,0.0
local,distilroberta-base,distilroberta-base,2,1.0,6,73,0.0
local,distilroberta-base,distilroberta-base,2,1.0,6,74,0.0
local,distilroberta-base,distilroberta-base,2,1.0,6,75,0.0
local,distilroberta-base,distilroberta-base,2,1.0,6,76,0.0
local,distilroberta-base,distilroberta-base,2,1.0,6,77,0.0
local,distilroberta-base,distilroberta-base,2,1.0,6,78,0.0
local,distilroberta-base,distilroberta-base,2,1.0,6,79,0.0
local,distilroberta-base,distilroberta-base,2,1.0,6,80,0.0
local,distilroberta-base,distilroberta-base,2,1.0,7,0,1.0
local,distilroberta-base,distilroberta-base,2,1.0,7,1,7.0
local,distilroberta-base,distilroberta-base,2,1.0,7,2,15.0
local,distilroberta-base,distilroberta-base,2,1.0,7,3,16.0
local,distilroberta-base,distilroberta-base,2,1.0,7,4,16.0
local,distilroberta-base,distilroberta-base,2,1.0,7,5,15.0
local,distilroberta-base,distilroberta-base,2,1.0,7,6,16.0
local,distilroberta-base,distilroberta-base,2,1.0,7,7,19.0
local,distilroberta-base,distilroberta-base,2,1.0,7,8,27.0
local,distilroberta-base,distilroberta-base,2,1.0,7,9,25.0
local,distilroberta-base,distilroberta-base,2,1.0,7,10,24.0
local,distilroberta-base,distilroberta-base,2,1.0,7,11,21.0
local,distilroberta-base,distilroberta-base,2,1.0,7,12,22.0
local,distilroberta-base,distilroberta-base,2,1.0,7,13,21.0
local,distilroberta-base,distilroberta-base,2,1.0,7,14,23.0
local,distilroberta-base,distilroberta-base,2,1.0,7,15,21.0
local,distilroberta-base,distilroberta-base,2,1.0,7,16,20.0
local,distilroberta-base,distilroberta-base,2,1.0,7,17,23.0
local,distilroberta-base,distilroberta-base,2,1.0,7,18,19.0
local,distilroberta-base,distilroberta-base,2,1.0,7,19,20.0
local,distilroberta-base,distilroberta-base,2,1.0,7,20,17.0
local,distilroberta-base,distilroberta-base,2,1.0,7,21,19.0
local,distilroberta-base,distilroberta-base,2,1.0,7,22,19.0
local,distilroberta-base,distilroberta-base,2,1.0,7,23,19.0
local,distilroberta-base,distilroberta-base,2,1.0,7,24,18.0
local,distilroberta-base,distilroberta-base,2,1.0,7,25,19.0
local,distilroberta-base,distilroberta-base,2,1.0,7,26,15.0
local,distilroberta-base,distilroberta-base,2,1.0,7,27,20.0
local,distilroberta-base,distilroberta-base,2,1.0,7,28,22.0
local,distilroberta-base,distilroberta-base,2,1.0,7,29,17.0
local,distilroberta-base,distilroberta-base,2,1.0,7,30,19.0
local,distilroberta-base,distilroberta-base,2,1.0,7,31,22.0
local,distilroberta-base,distilroberta-base,2,1.0,7,32,23.0
local,distilroberta-base,distilroberta-base,2,1.0,7,33,27.0
local,distilroberta-base,distilroberta-base,2,1.0,7,34,23.0
local,distilroberta-base,distilroberta-base,2,1.0,7,35,21.0
local,distilroberta-base,distilroberta-base,2,1.0,7,36,19.0
local,distilroberta-base,distilroberta-base,2,1.0,7,37,23.0
local,distilroberta-base,distilroberta-base,2,1.0,7,38,22.0
local,distilroberta-base,distilroberta-base,2,1.0,7,39,24.0
local,distilroberta-base,distilroberta-base,2,1.0,7,40,22.0
local,distilroberta-base,distilroberta-base,2,1.0,7,41,20.0
local,distilroberta-base,distilroberta-base,2,1.0,7,42,15.0
local,distilroberta-base,distilroberta-base,2,1.0,7,43,19.0
local,distilroberta-base,distilroberta-base,2,1.0,7,44,18.0
local,distilroberta-base,distilroberta-base,2,1.0,7,45,17.0
local,distilroberta-base,distilroberta-base,2,1.0,7,46,22.0
local,distilroberta-base,distilroberta-base,2,1.0,7,47,22.0
local,distilroberta-base,distilroberta-base,2,1.0,7,48,24.0
local,distilroberta-base,distilroberta-base,2,1.0,7,49,23.0
local,distilroberta-base,distilroberta-base,2,1.0,7,50,23.0
local,distilroberta-base,distilroberta-base,2,1.0,7,51,22.0
local,distilroberta-base,distilroberta-base,2,1.0,7,52,23.0
local,distilroberta-base,distilroberta-base,2,1.0,7,53,21.0
local,distilroberta-base,distilroberta-base,2,1.0,7,54,25.0
local,distilroberta-base,distilroberta-base,2,1.0,7,55,26.0
local,distilroberta-base,distilroberta-base,2,1.0,7,56,21.0
local,distilroberta-base,distilroberta-base,2,1.0,7,57,17.0
local,distilroberta-base,distilroberta-base,2,1.0,7,58,22.0
local,distilroberta-base,distilroberta-base,2,1.0,7,59,25.0
local,distilroberta-base,distilroberta-base,2,1.0,7,60,22.0
local,distilroberta-base,distilroberta-base,2,1.0,7,61,19.0
local,distilroberta-base,distilroberta-base,2,1.0,7,62,21.0
local,distilroberta-base,distilroberta-base,2,1.0,7,63,23.0
local,distilroberta-base,distilroberta-base,2,1.0,7,64,27.0
local,distilroberta-base,distilroberta-base,2,1.0,7,65,26.0
local,distilroberta-base,distilroberta-base,2,1.0,7,66,23.0
local,distilroberta-base,distilroberta-base,2,1.0,7,67,22.0
local,distilroberta-base,distilroberta-base,2,1.0,7,68,21.0
local,distilroberta-base,distilroberta-base,2,1.0,7,69,19.0
local,distilroberta-base,distilroberta-base,2,1.0,7,70,18.0
local,distilroberta-base,distilroberta-base,2,1.0,7,71,20.0
local,distilroberta-base,distilroberta-base,2,1.0,7,72,21.0
local,distilroberta-base,distilroberta-base,2,1.0,7,73,24.0
local,distilroberta-base,distilroberta-base,2,1.0,7,74,23.0
local,distilroberta-base,distilroberta-base,2,1.0,7,75,22.0
local,distilroberta-base,distilroberta-base,2,1.0,7,76,25.0
local,distilroberta-base,distilroberta-base,2,1.0,7,77,26.0
local,distilroberta-base,distilroberta-base,2,1.0,7,78,25.0
local,distilroberta-base,distilroberta-base,2,1.0,7,79,22.0
local,distilroberta-base,distilroberta-base,2,1.0,7,80,24.0
local,distilroberta-base,distilroberta-base,4,1.0,0,0,1.0
local,distilroberta-base,distilroberta-base,4,1.0,0,1,5.0
local,distilroberta-base,distilroberta-base,4,1.0,0,2,10.0
local,distilroberta-base,distilroberta-base,4,1.0,0,3,12.0
local,distilroberta-base,distilroberta-base,4,1.0,0,4,16.0
local,distilroberta-base,distilroberta-base,4,1.0,0,5,22.0
local,distilroberta-base,distilroberta-base,4,1.0,0,6,26.0
local,distilroberta-base,distilroberta-base,4,1.0,0,7,32.0
local,distilroberta-base,distilroberta-base,4,1.0,0,8,39.0
local,distilroberta-base,distilroberta-base,4,1.0,0,9,42.0
local,distilroberta-base,distilroberta-base,4,1.0,0,10,43.0
local,distilroberta-base,distilroberta-base,4,1.0,0,11,45.0
local,distilroberta-base,distilroberta-base,4,1.0,0,12,42.0
local,distilroberta-base,distilroberta-base,4,1.0,0,13,44.0
local,distilroberta-base,distilroberta-base,4,1.0,0,14,45.0
local,distilroberta-base,distilroberta-base,4,1.0,0,15,46.0
local,distilroberta-base,distilroberta-base,4,1.0,0,16,42.0
local,distilroberta-base,distilroberta-base,4,1.0,0,17,44.0
local,distilroberta-base,distilroberta-base,4,1.0,0,18,46.0
local,distilroberta-base,distilroberta-base,4,1.0,0,19,48.0
local,distilroberta-base,distilroberta-base,4,1.0,0,20,47.0
local,distilroberta-base,distilroberta-base,4,1.0,0,21,47.0
local,distilroberta-base,distilroberta-base,4,1.0,0,22,48.0
local,distilroberta-base,distilroberta-base,4,1.0,0,23,48.0
local,distilroberta-base,distilroberta-base,4,1.0,0,24,47.0
local,distilroberta-base,distilroberta-base,4,1.0,0,25,48.0
local,distilroberta-base,distilroberta-base,4,1.0,0,26,47.0
local,distilroberta-base,distilroberta-base,4,1.0,0,27,46.0
local,distilroberta-base,distilroberta-base,4,1.0,0,28,48.0
local,distilroberta-base,distilroberta-base,4,1.0,0,29,48.0
local,distilroberta-base,distilroberta-base,4,1.0,0,30,46.0
local,distilroberta-base,distilroberta-base,4,1.0,0,31,48.0
local,distilroberta-base,distilroberta-base,4,1.0,0,32,45.0
local,distilroberta-base,distilroberta-base,4,1.0,0,33,46.0
local,distilroberta-base,distilroberta-base,4,1.0,0,34,47.0
local,distilroberta-base,distilroberta-base,4,1.0,0,35,46.0
local,distilroberta-base,distilroberta-base,4,1.0,0,36,46.0
local,distilroberta-base,distilroberta-base,4,1.0,0,37,45.0
local,distilroberta-base,distilroberta-base,4,1.0,0,38,46.0
local,distilroberta-base,distilroberta-base,4,1.0,0,39,43.0
local,distilroberta-base,distilroberta-base,4,1.0,0,40,43.0
local,distilroberta-base,distilroberta-base,4,1.0,0,41,45.0
local,distilroberta-base,distilroberta-base,4,1.0,0,42,46.0
local,distilroberta-base,distilroberta-base,4,1.0,0,43,45.0
local,distilroberta-base,distilroberta-base,4,1.0,0,44,43.0
local,distilroberta-base,distilroberta-base,4,1.0,0,45,43.0
local,distilroberta-base,distilroberta-base,4,1.0,0,46,45.0
local,distilroberta-base,distilroberta-base,4,1.0,0,47,44.0
local,distilroberta-base,distilroberta-base,4,1.0,0,48,46.0
local,distilroberta-base,distilroberta-base,4,1.0,0,49,48.0
local,distilroberta-base,distilroberta-base,4,1.0,0,50,47.0
local,distilroberta-base,distilroberta-base,4,1.0,0,51,46.0
local,distilroberta-base,distilroberta-base,4,1.0,0,52,46.0
local,distilroberta-base,distilroberta-base,4,1.0,0,53,48.0
local,distilroberta-base,distilroberta-base,4,1.0,0,54,46.0
local,distilroberta-base,distilroberta-base,4,1.0,0,55,46.0
local,distilroberta-base,distilroberta-base,4,1.0,0,56,47.0
local,distilroberta-base,distilroberta-base,4,1.0,0,57,46.0
local,distilroberta-base,distilroberta-base,4,1.0,0,58,46.0
local,distilroberta-base,distilroberta-base,4,1.0,0,59,47.0
local,distilroberta-base,distilroberta-base,4,1.0,0,60,46.0
local,distilroberta-base,distilroberta-base,4,1.0,0,61,47.0
local,distilroberta-base,distilroberta-base,4,1.0,0,62,46.0
local,distilroberta-base,distilroberta-base,4,1.0,0,63,47.0
local,distilroberta-base,distilroberta-base,4,1.0,0,64,46.0
local,distilroberta-base,distilroberta-base,4,1.0,0,65,47.0
local,distilroberta-base,distilroberta-base,4,1.0,0,66,47.0
local,distilroberta-base,distilroberta-base,4,1.0,0,67,47.0
local,distilroberta-base,distilroberta-base,4,1.0,0,68,48.0
local,distilroberta-base,distilroberta-base,4,1.0,0,69,47.0
local,distilroberta-base,distilroberta-base,4,1.0,0,70,48.0
local,distilroberta-base,distilroberta-base,4,1.0,0,71,47.0
local,distilroberta-base,distilroberta-base,4,1.0,0,72,48.0
local,distilroberta-base,distilroberta-base,4,1.0,0,73,47.0
local,distilroberta-base,distilroberta-base,4,1.0,0,74,48.0
local,distilroberta-base,distilroberta-base,4,1.0,0,75,48.0
local,distilroberta-base,distilroberta-base,4,1.0,0,76,48.0
local,distilroberta-base,distilroberta-base,4,1.0,0,77,48.0
local,distilroberta-base,distilroberta-base,4,1.0,0,78,47.0
local,distilroberta-base,distilroberta-base,4,1.0,0,79,48.0
local,distilroberta-base,distilroberta-base,4,1.0,0,80,48.0
local,distilroberta-base,distilroberta-base,4,1.0,1,0,1.0
local,distilroberta-base,distilroberta-base,4,1.0,1,1,5.0
local,distilroberta-base,distilroberta-base,4,1.0,1,2,8.0
local,distilroberta-base,distilroberta-base,4,1.0,1,3,12.0
local,distilroberta-base,distilroberta-base,4,1.0,1,4,19.0
local,distilroberta-base,distilroberta-base,4,1.0,1,5,19.0
local,distilroberta-base,distilroberta-base,4,1.0,1,6,23.0
local,distilroberta-base,distilroberta-base,4,1.0,1,7,28.0
local,distilroberta-base,distilroberta-base,4,1.0,1,8,32.0
local,distilroberta-base,distilroberta-base,4,1.0,1,9,36.0
local,distilroberta-base,distilroberta-base,4,1.0,1,10,41.0
local,distilroberta-base,distilroberta-base,4,1.0,1,11,41.0
local,distilroberta-base,distilroberta-base,4,1.0,1,12,40.0
local,distilroberta-base,distilroberta-base,4,1.0,1,13,44.0
local,distilroberta-base,distilroberta-base,4,1.0,1,14,45.0
local,distilroberta-base,distilroberta-base,4,1.0,1,15,44.0
local,distilroberta-base,distilroberta-base,4,1.0,1,16,45.0
local,distilroberta-base,distilroberta-base,4,1.0,1,17,45.0
local,distilroberta-base,distilroberta-base,4,1.0,1,18,48.0
local,distilroberta-base,distilroberta-base,4,1.0,1,19,47.0
local,distilroberta-base,distilroberta-base,4,1.0,1,20,43.0
local,distilroberta-base,distilroberta-base,4,1.0,1,21,47.0
local,distilroberta-base,distilroberta-base,4,1.0,1,22,48.0
local,distilroberta-base,distilroberta-base,4,1.0,1,23,48.0
local,distilroberta-base,distilroberta-base,4,1.0,1,24,48.0
local,distilroberta-base,distilroberta-base,4,1.0,1,25,48.0
local,distilroberta-base,distilroberta-base,4,1.0,1,26,48.0
local,distilroberta-base,distilroberta-base,4,1.0,1,27,48.0
local,distilroberta-base,distilroberta-base,4,1.0,1,28,48.0
local,distilroberta-base,distilroberta-base,4,1.0,1,29,48.0
local,distilroberta-base,distilroberta-base,4,1.0,1,30,48.0
local,distilroberta-base,distilroberta-base,4,1.0,1,31,48.0
local,distilroberta-base,distilroberta-base,4,1.0,1,32,48.0
local,distilroberta-base,distilroberta-base,4,1.0,1,33,48.0
local,distilroberta-base,distilroberta-base,4,1.0,1,34,47.0
local,distilroberta-base,distilroberta-base,4,1.0,1,35,48.0
local,distilroberta-base,distilroberta-base,4,1.0,1,36,48.0
local,distilroberta-base,distilroberta-base,4,1.0,1,37,48.0
local,distilroberta-base,distilroberta-base,4,1.0,1,38,48.0
local,distilroberta-base,distilroberta-base,4,1.0,1,39,48.0
local,distilroberta-base,distilroberta-base,4,1.0,1,40,48.0
local,distilroberta-base,distilroberta-base,4,1.0,1,41,48.0
local,distilroberta-base,distilroberta-base,4,1.0,1,42,48.0
local,distilroberta-base,distilroberta-base,4,1.0,1,43,48.0
local,distilroberta-base,distilroberta-base,4,1.0,1,44,48.0
local,distilroberta-base,distilroberta-base,4,1.0,1,45,48.0
local,distilroberta-base,distilroberta-base,4,1.0,1,46,48.0
local,distilroberta-base,distilroberta-base,4,1.0,1,47,48.0
local,distilroberta-base,distilroberta-base,4,1.0,1,48,48.0
local,distilroberta-base,distilroberta-base,4,1.0,1,49,48.0
local,distilroberta-base,distilroberta-base,4,1.0,1,50,48.0
local,distilroberta-base,distilroberta-base,4,1.0,1,51,48.0
local,distilroberta-base,distilroberta-base,4,1.0,1,52,48.0
local,distilroberta-base,distilroberta-base,4,1.0,1,53,48.0
local,distilroberta-base,distilroberta-base,4,1.0,1,54,48.0
local,distilroberta-base,distilroberta-base,4,1.0,1,55,48.0
local,distilroberta-base,distilroberta-base,4,1.0,1,56,48.0
local,distilroberta-base,distilroberta-base,4,1.0,1,57,48.0
local,distilroberta-base,distilroberta-base,4,1.0,1,58,48.0
local,distilroberta-base,distilroberta-base,4,1.0,1,59,48.0
local,distilroberta-base,distilroberta-base,4,1.0,1,60,48.0
local,distilroberta-base,distilroberta-base,4,1.0,1,61,48.0
local,distilroberta-base,distilroberta-base,4,1.0,1,62,48.0
local,distilroberta-base,distilroberta-base,4,1.0,1,63,48.0
local,distilroberta-base,distilroberta-base,4,1.0,1,64,48.0
local,distilroberta-base,distilroberta-base,4,1.0,1,65,48.0
local,distilroberta-base,distilroberta-base,4,1.0,1,66,48.0
local,distilroberta-base,distilroberta-base,4,1.0,1,67,48.0
local,distilroberta-base,distilroberta-base,4,1.0,1,68,48.0
local,distilroberta-base,distilroberta-base,4,1.0,1,69,48.0
local,distilroberta-base,distilroberta-base,4,1.0,1,70,48.0
local,distilroberta-base,distilroberta-base,4,1.0,1,71,48.0
local,distilroberta-base,distilroberta-base,4,1.0,1,72,48.0
local,distilroberta-base,distilroberta-base,4,1.0,1,73,48.0
local,distilroberta-base,distilroberta-base,4,1.0,1,74,48.0
local,distilroberta-base,distilroberta-base,4,1.0,1,75,48.0
local,distilroberta-base,distilroberta-base,4,1.0,1,76,48.0
local,distilroberta-base,distilroberta-base,4,1.0,1,77,48.0
local,distilroberta-base,distilroberta-base,4,1.0,1,78,48.0
local,distilroberta-base,distilroberta-base,4,1.0,1,79,48.0
local,distilroberta-base,distilroberta-base,4,1.0,1,80,48.0
local,distilroberta-base,distilroberta-base,4,1.0,2,0,1.0
local,distilroberta-base,distilroberta-base,4,1.0,2,1,1.0
local,distilroberta-base,distilroberta-base,4,1.0,2,2,5.0
local,distilroberta-base,distilroberta-base,4,1.0,2,3,9.0
local,distilroberta-base,distilroberta-base,4,1.0,2,4,15.0
local,distilroberta-base,distilroberta-base,4,1.0,2,5,17.0
local,distilroberta-base,distilroberta-base,4,1.0,2,6,21.0
local,distilroberta-base,distilroberta-base,4,1.0,2,7,21.0
local,distilroberta-base,distilroberta-base,4,1.0,2,8,26.0
local,distilroberta-base,distilroberta-base,4,1.0,2,9,34.0
local,distilroberta-base,distilroberta-base,4,1.0,2,10,36.0
local,distilroberta-base,distilroberta-base,4,1.0,2,11,40.0
local,distilroberta-base,distilroberta-base,4,1.0,2,12,37.0
local,distilroberta-base,distilroberta-base,4,1.0,2,13,35.0
local,distilroberta-base,distilroberta-base,4,1.0,2,14,34.0
local,distilroberta-base,distilroberta-base,4,1.0,2,15,33.0
local,distilroberta-base,distilroberta-base,4,1.0,2,16,34.0
local,distilroberta-base,distilroberta-base,4,1.0,2,17,34.0
local,distilroberta-base,distilroberta-base,4,1.0,2,18,33.0
local,distilroberta-base,distilroberta-base,4,1.0,2,19,33.0
local,distilroberta-base,distilroberta-base,4,1.0,2,20,31.0
local,distilroberta-base,distilroberta-base,4,1.0,2,21,30.0
local,distilroberta-base,distilroberta-base,4,1.0,2,22,32.0
local,distilroberta-base,distilroberta-base,4,1.0,2,23,32.0
local,distilroberta-base,distilroberta-base,4,1.0,2,24,30.0
local,distilroberta-base,distilroberta-base,4,1.0,2,25,29.0
local,distilroberta-base,distilroberta-base,4,1.0,2,26,29.0
local,distilroberta-base,distilroberta-base,4,1.0,2,27,30.0
local,distilroberta-base,distilroberta-base,4,1.0,2,28,28.0
local,distilroberta-base,distilroberta-base,4,1.0,2,29,26.0
local,distilroberta-base,distilroberta-base,4,1.0,2,30,25.0
local,distilroberta-base,distilroberta-base,4,1.0,2,31,23.0
local,distilroberta-base,distilroberta-base,4,1.0,2,32,22.0
local,distilroberta-base,distilroberta-base,4,1.0,2,33,21.0
local,distilroberta-base,distilroberta-base,4,1.0,2,34,23.0
local,distilroberta-base,distilroberta-base,4,1.0,2,35,23.0
local,distilroberta-base,distilroberta-base,4,1.0,2,36,23.0
local,distilroberta-base,distilroberta-base,4,1.0,2,37,19.0
local,distilroberta-base,distilroberta-base,4,1.0,2,38,18.0
local,distilroberta-base,distilroberta-base,4,1.0,2,39,16.0
local,distilroberta-base,distilroberta-base,4,1.0,2,40,16.0
local,distilroberta-base,distilroberta-base,4,1.0,2,41,15.0
local,distilroberta-base,distilroberta-base,4,1.0,2,42,14.0
local,distilroberta-base,distilroberta-base,4,1.0,2,43,15.0
local,distilroberta-base,distilroberta-base,4,1.0,2,44,13.0
local,distilroberta-base,distilroberta-base,4,1.0,2,45,12.0
local,distilroberta-base,distilroberta-base,4,1.0,2,46,13.0
local,distilroberta-base,distilroberta-base,4,1.0,2,47,11.0
local,distilroberta-base,distilroberta-base,4,1.0,2,48,11.0
local,distilroberta-base,distilroberta-base,4,1.0,2,49,10.0
local,distilroberta-base,distilroberta-base,4,1.0,2,50,9.0
local,distilroberta-base,distilroberta-base,4,1.0,2,51,8.0
local,distilroberta-base,distilroberta-base,4,1.0,2,52,8.0
local,distilroberta-base,distilroberta-base,4,1.0,2,53,9.0
local,distilroberta-base,distilroberta-base,4,1.0,2,54,8.0
local,distilroberta-base,distilroberta-base,4,1.0,2,55,2.0
local,distilroberta-base,distilroberta-base,4,1.0,2,56,1.0
local,distilroberta-base,distilroberta-base,4,1.0,2,57,0.0
local,distilroberta-base,distilroberta-base,4,1.0,2,58,0.0
local,distilroberta-base,distilroberta-base,4,1.0,2,59,0.0
local,distilroberta-base,distilroberta-base,4,1.0,2,60,0.0
local,distilroberta-base,distilroberta-base,4,1.0,2,61,0.0
local,distilroberta-base,distilroberta-base,4,1.0,2,62,0.0
local,distilroberta-base,distilroberta-base,4,1.0,2,63,0.0
local,distilroberta-base,distilroberta-base,4,1.0,2,64,0.0
local,distilroberta-base,distilroberta-base,4,1.0,2,65,0.0
local,distilroberta-base,distilroberta-base,4,1.0,2,66,0.0
local,distilroberta-base,distilroberta-base,4,1.0,2,67,0.0
local,distilroberta-base,distilroberta-base,4,1.0,2,68,0.0
local,distilroberta-base,distilroberta-base,4,1.0,2,69,0.0
local,distilroberta-base,distilroberta-base,4,1.0,2,70,0.0
local,distilroberta-base,distilroberta-base,4,1.0,2,71,0.0
local,distilroberta-base,distilroberta-base,4,1.0,2,72,0.0
local,distilroberta-base,distilroberta-base,4,1.0,2,73,0.0
local,distilroberta-base,distilroberta-base,4,1.0,2,74,0.0
local,distilroberta-base,distilroberta-base,4,1.0,2,75,0.0
local,distilroberta-base,distilroberta-base,4,1.0,2,76,0.0
local,distilroberta-base,distilroberta-base,4,1.0,2,77,0.0
local,distilroberta-base,distilroberta-base,4,1.0,2,78,0.0
local,distilroberta-base,distilroberta-base,4,1.0,2,79,0.0
local,distilroberta-base,distilroberta-base,4,1.0,2,80,0.0
local,distilroberta-base,distilroberta-base,4,1.0,3,0,1.0
local,distilroberta-base,distilroberta-base,4,1.0,3,1,2.0
local,distilroberta-base,distilroberta-base,4,1.0,3,2,8.0
local,distilroberta-base,distilroberta-base,4,1.0,3,3,13.0
local,distilroberta-base,distilroberta-base,4,1.0,3,4,19.0
local,distilroberta-base,distilroberta-base,4,1.0,3,5,23.0
local,distilroberta-base,distilroberta-base,4,1.0,3,6,25.0
local,distilroberta-base,distilroberta-base,4,1.0,3,7,29.0
local,distilroberta-base,distilroberta-base,4,1.0,3,8,34.0
local,distilroberta-base,distilroberta-base,4,1.0,3,9,37.0
local,distilroberta-base,distilroberta-base,4,1.0,3,10,39.0
local,distilroberta-base,distilroberta-base,4,1.0,3,11,40.0
local,distilroberta-base,distilroberta-base,4,1.0,3,12,47.0
local,distilroberta-base,distilroberta-base,4,1.0,3,13,46.0
local,distilroberta-base,distilroberta-base,4,1.0,3,14,46.0
local,distilroberta-base,distilroberta-base,4,1.0,3,15,46.0
local,distilroberta-base,distilroberta-base,4,1.0,3,16,45.0
local,distilroberta-base,distilroberta-base,4,1.0,3,17,43.0
local,distilroberta-base,distilroberta-base,4,1.0,3,18,46.0
local,distilroberta-base,distilroberta-base,4,1.0,3,19,46.0
local,distilroberta-base,distilroberta-base,4,1.0,3,20,46.0
local,distilroberta-base,distilroberta-base,4,1.0,3,21,48.0
local,distilroberta-base,distilroberta-base,4,1.0,3,22,46.0
local,distilroberta-base,distilroberta-base,4,1.0,3,23,48.0
local,distilroberta-base,distilroberta-base,4,1.0,3,24,47.0
local,distilroberta-base,distilroberta-base,4,1.0,3,25,47.0
local,distilroberta-base,distilroberta-base,4,1.0,3,26,47.0
local,distilroberta-base,distilroberta-base,4,1.0,3,27,48.0
local,distilroberta-base,distilroberta-base,4,1.0,3,28,48.0
local,distilroberta-base,distilroberta-base,4,1.0,3,29,48.0
local,distilroberta-base,distilroberta-base,4,1.0,3,30,47.0
local,distilroberta-base,distilroberta-base,4,1.0,3,31,48.0
local,distilroberta-base,distilroberta-base,4,1.0,3,32,47.0
local,distilroberta-base,distilroberta-base,4,1.0,3,33,48.0
local,distilroberta-base,distilroberta-base,4,1.0,3,34,46.0
local,distilroberta-base,distilroberta-base,4,1.0,3,35,45.0
local,distilroberta-base,distilroberta-base,4,1.0,3,36,47.0
local,distilroberta-base,distilroberta-base,4,1.0,3,37,48.0
local,distilroberta-base,distilroberta-base,4,1.0,3,38,48.0
local,distilroberta-base,distilroberta-base,4,1.0,3,39,48.0
local,distilroberta-base,distilroberta-base,4,1.0,3,40,48.0
local,distilroberta-base,distilroberta-base,4,1.0,3,41,46.0
local,distilroberta-base,distilroberta-base,4,1.0,3,42,47.0
local,distilroberta-base,distilroberta-base,4,1.0,3,43,48.0
local,distilroberta-base,distilroberta-base,4,1.0,3,44,46.0
local,distilroberta-base,distilroberta-base,4,1.0,3,45,48.0
local,distilroberta-base,distilroberta-base,4,1.0,3,46,48.0
local,distilroberta-base,distilroberta-base,4,1.0,3,47,48.0
local,distilroberta-base,distilroberta-base,4,1.0,3,48,47.0
local,distilroberta-base,distilroberta-base,4,1.0,3,49,47.0
local,distilroberta-base,distilroberta-base,4,1.0,3,50,47.0
local,distilroberta-base,distilroberta-base,4,1.0,3,51,48.0
local,distilroberta-base,distilroberta-base,4,1.0,3,52,48.0
local,distilroberta-base,distilroberta-base,4,1.0,3,53,48.0
local,distilroberta-base,distilroberta-base,4,1.0,3,54,46.0
local,distilroberta-base,distilroberta-base,4,1.0,3,55,45.0
local,distilroberta-base,distilroberta-base,4,1.0,3,56,47.0
local,distilroberta-base,distilroberta-base,4,1.0,3,57,46.0
local,distilroberta-base,distilroberta-base,4,1.0,3,58,47.0
local,distilroberta-base,distilroberta-base,4,1.0,3,59,46.0
local,distilroberta-base,distilroberta-base,4,1.0,3,60,46.0
local,distilroberta-base,distilroberta-base,4,1.0,3,61,47.0
local,distilroberta-base,distilroberta-base,4,1.0,3,62,48.0
local,distilroberta-base,distilroberta-base,4,1.0,3,63,47.0
local,distilroberta-base,distilroberta-base,4,1.0,3,64,47.0
local,distilroberta-base,distilroberta-base,4,1.0,3,65,48.0
local,distilroberta-base,distilroberta-base,4,1.0,3,66,46.0
local,distilroberta-base,distilroberta-base,4,1.0,3,67,47.0
local,distilroberta-base,distilroberta-base,4,1.0,3,68,48.0
local,distilroberta-base,distilroberta-base,4,1.0,3,69,47.0
local,distilroberta-base,distilroberta-base,4,1.0,3,70,45.0
local,distilroberta-base,distilroberta-base,4,1.0,3,71,48.0
local,distilroberta-base,distilroberta-base,4,1.0,3,72,48.0
local,distilroberta-base,distilroberta-base,4,1.0,3,73,48.0
local,distilroberta-base,distilroberta-base,4,1.0,3,74,47.0
local,distilroberta-base,distilroberta-base,4,1.0,3,75,47.0
local,distilroberta-base,distilroberta-base,4,1.0,3,76,47.0
local,distilroberta-base,distilroberta-base,4,1.0,3,77,48.0
local,distilroberta-base,distilroberta-base,4,1.0,3,78,48.0
local,distilroberta-base,distilroberta-base,4,1.0,3,79,46.0
local,distilroberta-base,distilroberta-base,4,1.0,3,80,47.0
local,distilroberta-base,distilroberta-base,4,1.0,4,0,1.0
local,distilroberta-base,distilroberta-base,4,1.0,4,1,5.0
local,distilroberta-base,distilroberta-base,4,1.0,4,2,10.0
local,distilroberta-base,distilroberta-base,4,1.0,4,3,14.0
local,distilroberta-base,distilroberta-base,4,1.0,4,4,18.0
local,distilroberta-base,distilroberta-base,4,1.0,4,5,23.0
local,distilroberta-base,distilroberta-base,4,1.0,4,6,24.0
local,distilroberta-base,distilroberta-base,4,1.0,4,7,31.0
local,distilroberta-base,distilroberta-base,4,1.0,4,8,41.0
local,distilroberta-base,distilroberta-base,4,1.0,4,9,42.0
local,distilroberta-base,distilroberta-base,4,1.0,4,10,43.0
local,distilroberta-base,distilroberta-base,4,1.0,4,11,41.0
local,distilroberta-base,distilroberta-base,4,1.0,4,12,45.0
local,distilroberta-base,distilroberta-base,4,1.0,4,13,44.0
local,distilroberta-base,distilroberta-base,4,1.0,4,14,44.0
local,distilroberta-base,distilroberta-base,4,1.0,4,15,47.0
local,distilroberta-base,distilroberta-base,4,1.0,4,16,44.0
local,distilroberta-base,distilroberta-base,4,1.0,4,17,45.0
local,distilroberta-base,distilroberta-base,4,1.0,4,18,47.0
local,distilroberta-base,distilroberta-base,4,1.0,4,19,46.0
local,distilroberta-base,distilroberta-base,4,1.0,4,20,46.0
local,distilroberta-base,distilroberta-base,4,1.0,4,21,45.0
local,distilroberta-base,distilroberta-base,4,1.0,4,22,47.0
local,distilroberta-base,distilroberta-base,4,1.0,4,23,47.0
local,distilroberta-base,distilroberta-base,4,1.0,4,24,47.0
local,distilroberta-base,distilroberta-base,4,1.0,4,25,45.0
local,distilroberta-base,distilroberta-base,4,1.0,4,26,48.0
local,distilroberta-base,distilroberta-base,4,1.0,4,27,47.0
local,distilroberta-base,distilroberta-base,4,1.0,4,28,46.0
local,distilroberta-base,distilroberta-base,4,1.0,4,29,44.0
local,distilroberta-base,distilroberta-base,4,1.0,4,30,47.0
local,distilroberta-base,distilroberta-base,4,1.0,4,31,46.0
local,distilroberta-base,distilroberta-base,4,1.0,4,32,47.0
local,distilroberta-base,distilroberta-base,4,1.0,4,33,46.0
local,distilroberta-base,distilroberta-base,4,1.0,4,34,43.0
local,distilroberta-base,distilroberta-base,4,1.0,4,35,47.0
local,distilroberta-base,distilroberta-base,4,1.0,4,36,47.0
local,distilroberta-base,distilroberta-base,4,1.0,4,37,48.0
local,distilroberta-base,distilroberta-base,4,1.0,4,38,46.0
local,distilroberta-base,distilroberta-base,4,1.0,4,39,46.0
local,distilroberta-base,distilroberta-base,4,1.0,4,40,45.0
local,distilroberta-base,distilroberta-base,4,1.0,4,41,45.0
local,distilroberta-base,distilroberta-base,4,1.0,4,42,42.0
local,distilroberta-base,distilroberta-base,4,1.0,4,43,41.0
local,distilroberta-base,distilroberta-base,4,1.0,4,44,43.0
local,distilroberta-base,distilroberta-base,4,1.0,4,45,45.0
local,distilroberta-base,distilroberta-base,4,1.0,4,46,45.0
local,distilroberta-base,distilroberta-base,4,1.0,4,47,43.0
local,distilroberta-base,distilroberta-base,4,1.0,4,48,44.0
local,distilroberta-base,distilroberta-base,4,1.0,4,49,46.0
local,distilroberta-base,distilroberta-base,4,1.0,4,50,47.0
local,distilroberta-base,distilroberta-base,4,1.0,4,51,45.0
local,distilroberta-base,distilroberta-base,4,1.0,4,52,42.0
local,distilroberta-base,distilroberta-base,4,1.0,4,53,45.0
local,distilroberta-base,distilroberta-base,4,1.0,4,54,44.0
local,distilroberta-base,distilroberta-base,4,1.0,4,55,47.0
local,distilroberta-base,distilroberta-base,4,1.0,4,56,46.0
local,distilroberta-base,distilroberta-base,4,1.0,4,57,43.0
local,distilroberta-base,distilroberta-base,4,1.0,4,58,46.0
local,distilroberta-base,distilroberta-base,4,1.0,4,59,46.0
local,distilroberta-base,distilroberta-base,4,1.0,4,60,44.0
local,distilroberta-base,distilroberta-base,4,1.0,4,61,46.0
local,distilroberta-base,distilroberta-base,4,1.0,4,62,43.0
local,distilroberta-base,distilroberta-base,4,1.0,4,63,45.0
local,distilroberta-base,distilroberta-base,4,1.0,4,64,41.0
local,distilroberta-base,distilroberta-base,4,1.0,4,65,43.0
local,distilroberta-base,distilroberta-base,4,1.0,4,66,47.0
local,distilroberta-base,distilroberta-base,4,1.0,4,67,44.0
local,distilroberta-base,distilroberta-base,4,1.0,4,68,44.0
local,distilroberta-base,distilroberta-base,4,1.0,4,69,47.0
local,distilroberta-base,distilroberta-base,4,1.0,4,70,46.0
local,distilroberta-base,distilroberta-base,4,1.0,4,71,43.0
local,distilroberta-base,distilroberta-base,4,1.0,4,72,40.0
local,distilroberta-base,distilroberta-base,4,1.0,4,73,42.0
local,distilroberta-base,distilroberta-base,4,1.0,4,74,46.0
local,distilroberta-base,distilroberta-base,4,1.0,4,75,43.0
local,distilroberta-base,distilroberta-base,4,1.0,4,76,44.0
local,distilroberta-base,distilroberta-base,4,1.0,4,77,46.0
local,distilroberta-base,distilroberta-base,4,1.0,4,78,47.0
local,distilroberta-base,distilroberta-base,4,1.0,4,79,47.0
local,distilroberta-base,distilroberta-base,4,1.0,4,80,48.0
local,distilroberta-base,distilroberta-base,4,1.0,5,0,1.0
local,distilroberta-base,distilroberta-base,4,1.0,5,1,3.0
local,distilroberta-base,distilroberta-base,4,1.0,5,2,11.0
local,distilroberta-base,distilroberta-base,4,1.0,5,3,13.0
local,distilroberta-base,distilroberta-base,4,1.0,5,4,18.0
local,distilroberta-base,distilroberta-base,4,1.0,5,5,23.0
local,distilroberta-base,distilroberta-base,4,1.0,5,6,26.0
local,distilroberta-base,distilroberta-base,4,1.0,5,7,28.0
local,distilroberta-base,distilroberta-base,4,1.0,5,8,29.0
local,distilroberta-base,distilroberta-base,4,1.0,5,9,35.0
local,distilroberta-base,distilroberta-base,4,1.0,5,10,44.0
local,distilroberta-base,distilroberta-base,4,1.0,5,11,44.0
local,distilroberta-base,distilroberta-base,4,1.0,5,12,44.0
local,distilroberta-base,distilroberta-base,4,1.0,5,13,46.0
local,distilroberta-base,distilroberta-base,4,1.0,5,14,46.0
local,distilroberta-base,distilroberta-base,4,1.0,5,15,43.0
local,distilroberta-base,distilroberta-base,4,1.0,5,16,48.0
local,distilroberta-base,distilroberta-base,4,1.0,5,17,48.0
local,distilroberta-base,distilroberta-base,4,1.0,5,18,45.0
local,distilroberta-base,distilroberta-base,4,1.0,5,19,47.0
local,distilroberta-base,distilroberta-base,4,1.0,5,20,48.0
local,distilroberta-base,distilroberta-base,4,1.0,5,21,46.0
local,distilroberta-base,distilroberta-base,4,1.0,5,22,45.0
local,distilroberta-base,distilroberta-base,4,1.0,5,23,47.0
local,distilroberta-base,distilroberta-base,4,1.0,5,24,47.0
local,distilroberta-base,distilroberta-base,4,1.0,5,25,45.0
local,distilroberta-base,distilroberta-base,4,1.0,5,26,48.0
local,distilroberta-base,distilroberta-base,4,1.0,5,27,46.0
local,distilroberta-base,distilroberta-base,4,1.0,5,28,46.0
local,distilroberta-base,distilroberta-base,4,1.0,5,29,47.0
local,distilroberta-base,distilroberta-base,4,1.0,5,30,45.0
local,distilroberta-base,distilroberta-base,4,1.0,5,31,47.0
local,distilroberta-base,distilroberta-base,4,1.0,5,32,45.0
local,distilroberta-base,distilroberta-base,4,1.0,5,33,47.0
local,distilroberta-base,distilroberta-base,4,1.0,5,34,47.0
local,distilroberta-base,distilroberta-base,4,1.0,5,35,47.0
local,distilroberta-base,distilroberta-base,4,1.0,5,36,47.0
local,distilroberta-base,distilroberta-base,4,1.0,5,37,48.0
local,distilroberta-base,distilroberta-base,4,1.0,5,38,48.0
local,distilroberta-base,distilroberta-base,4,1.0,5,39,47.0
local,distilroberta-base,distilroberta-base,4,1.0,5,40,47.0
local,distilroberta-base,distilroberta-base,4,1.0,5,41,47.0
local,distilroberta-base,distilroberta-base,4,1.0,5,42,48.0
local,distilroberta-base,distilroberta-base,4,1.0,5,43,48.0
local,distilroberta-base,distilroberta-base,4,1.0,5,44,47.0
local,distilroberta-base,distilroberta-base,4,1.0,5,45,48.0
local,distilroberta-base,distilroberta-base,4,1.0,5,46,46.0
local,distilroberta-base,distilroberta-base,4,1.0,5,47,48.0
local,distilroberta-base,distilroberta-base,4,1.0,5,48,47.0
local,distilroberta-base,distilroberta-base,4,1.0,5,49,48.0
local,distilroberta-base,distilroberta-base,4,1.0,5,50,48.0
local,distilroberta-base,distilroberta-base,4,1.0,5,51,48.0
local,distilroberta-base,distilroberta-base,4,1.0,5,52,48.0
local,distilroberta-base,distilroberta-base,4,1.0,5,53,48.0
local,distilroberta-base,distilroberta-base,4,1.0,5,54,48.0
local,distilroberta-base,distilroberta-base,4,1.0,5,55,48.0
local,distilroberta-base,distilroberta-base,4,1.0,5,56,48.0
local,distilroberta-base,distilroberta-base,4,1.0,5,57,48.0
local,distilroberta-base,distilroberta-base,4,1.0,5,58,48.0
local,distilroberta-base,distilroberta-base,4,1.0,5,59,48.0
local,distilroberta-base,distilroberta-base,4,1.0,5,60,48.0
local,distilroberta-base,distilroberta-base,4,1.0,5,61,48.0
local,distilroberta-base,distilroberta-base,4,1.0,5,62,48.0
local,distilroberta-base,distilroberta-base,4,1.0,5,63,48.0
local,distilroberta-base,distilroberta-base,4,1.0,5,64,48.0
local,distilroberta-base,distilroberta-base,4,1.0,5,65,48.0
local,distilroberta-base,distilroberta-base,4,1.0,5,66,48.0
local,distilroberta-base,distilroberta-base,4,1.0,5,67,48.0
local,distilroberta-base,distilroberta-base,4,1.0,5,68,48.0
local,distilroberta-base,distilroberta-base,4,1.0,5,69,48.0
local,distilroberta-base,distilroberta-base,4,1.0,5,70,48.0
local,distilroberta-base,distilroberta-base,4,1.0,5,71,48.0
local,distilroberta-base,distilroberta-base,4,1.0,5,72,48.0
local,distilroberta-base,distilroberta-base,4,1.0,5,73,47.0
local,distilroberta-base,distilroberta-base,4,1.0,5,74,48.0
local,distilroberta-base,distilroberta-base,4,1.0,5,75,48.0
local,distilroberta-base,distilroberta-base,4,1.0,5,76,48.0
local,distilroberta-base,distilroberta-base,4,1.0,5,77,48.0
local,distilroberta-base,distilroberta-base,4,1.0,5,78,48.0
local,distilroberta-base,distilroberta-base,4,1.0,5,79,48.0
local,distilroberta-base,distilroberta-base,4,1.0,5,80,48.0
local,distilroberta-base,distilroberta-base,4,1.0,6,0,1.0
local,distilroberta-base,distilroberta-base,4,1.0,6,1,3.0
local,distilroberta-base,distilroberta-base,4,1.0,6,2,10.0
local,distilroberta-base,distilroberta-base,4,1.0,6,3,12.0
local,distilroberta-base,distilroberta-base,4,1.0,6,4,14.0
local,distilroberta-base,distilroberta-base,4,1.0,6,5,21.0
local,distilroberta-base,distilroberta-base,4,1.0,6,6,27.0
local,distilroberta-base,distilroberta-base,4,1.0,6,7,32.0
local,distilroberta-base,distilroberta-base,4,1.0,6,8,37.0
local,distilroberta-base,distilroberta-base,4,1.0,6,9,38.0
local,distilroberta-base,distilroberta-base,4,1.0,6,10,45.0
local,distilroberta-base,distilroberta-base,4,1.0,6,11,46.0
local,distilroberta-base,distilroberta-base,4,1.0,6,12,44.0
local,distilroberta-base,distilroberta-base,4,1.0,6,13,43.0
local,distilroberta-base,distilroberta-base,4,1.0,6,14,43.0
local,distilroberta-base,distilroberta-base,4,1.0,6,15,43.0
local,distilroberta-base,distilroberta-base,4,1.0,6,16,43.0
local,distilroberta-base,distilroberta-base,4,1.0,6,17,44.0
local,distilroberta-base,distilroberta-base,4,1.0,6,18,43.0
local,distilroberta-base,distilroberta-base,4,1.0,6,19,41.0
local,distilroberta-base,distilroberta-base,4,1.0,6,20,44.0
local,distilroberta-base,distilroberta-base,4,1.0,6,21,44.0
local,distilroberta-base,distilroberta-base,4,1.0,6,22,46.0
local,distilroberta-base,distilroberta-base,4,1.0,6,23,46.0
local,distilroberta-base,distilroberta-base,4,1.0,6,24,47.0
local,distilroberta-base,distilroberta-base,4,1.0,6,25,47.0
local,distilroberta-base,distilroberta-base,4,1.0,6,26,45.0
local,distilroberta-base,distilroberta-base,4,1.0,6,27,44.0
local,distilroberta-base,distilroberta-base,4,1.0,6,28,46.0
local,distilroberta-base,distilroberta-base,4,1.0,6,29,47.0
local,distilroberta-base,distilroberta-base,4,1.0,6,30,45.0
local,distilroberta-base,distilroberta-base,4,1.0,6,31,47.0
local,distilroberta-base,distilroberta-base,4,1.0,6,32,44.0
local,distilroberta-base,distilroberta-base,4,1.0,6,33,46.0
local,distilroberta-base,distilroberta-base,4,1.0,6,34,46.0
local,distilroberta-base,distilroberta-base,4,1.0,6,35,48.0
local,distilroberta-base,distilroberta-base,4,1.0,6,36,45.0
local,distilroberta-base,distilroberta-base,4,1.0,6,37,46.0
local,distilroberta-base,distilroberta-base,4,1.0,6,38,48.0
local,distilroberta-base,distilroberta-base,4,1.0,6,39,46.0
local,distilroberta-base,distilroberta-base,4,1.0,6,40,48.0
local,distilroberta-base,distilroberta-base,4,1.0,6,41,47.0
local,distilroberta-base,distilroberta-base,4,1.0,6,42,48.0
local,distilroberta-base,distilroberta-base,4,1.0,6,43,48.0
local,distilroberta-base,distilroberta-base,4,1.0,6,44,48.0
local,distilroberta-base,distilroberta-base,4,1.0,6,45,48.0
local,distilroberta-base,distilroberta-base,4,1.0,6,46,47.0
local,distilroberta-base,distilroberta-base,4,1.0,6,47,46.0
local,distilroberta-base,distilroberta-base,4,1.0,6,48,47.0
local,distilroberta-base,distilroberta-base,4,1.0,6,49,47.0
local,distilroberta-base,distilroberta-base,4,1.0,6,50,48.0
local,distilroberta-base,distilroberta-base,4,1.0,6,51,47.0
local,distilroberta-base,distilroberta-base,4,1.0,6,52,47.0
local,distilroberta-base,distilroberta-base,4,1.0,6,53,46.0
local,distilroberta-base,distilroberta-base,4,1.0,6,54,48.0
local,distilroberta-base,distilroberta-base,4,1.0,6,55,47.0
local,distilroberta-base,distilroberta-base,4,1.0,6,56,48.0
local,distilroberta-base,distilroberta-base,4,1.0,6,57,48.0
local,distilroberta-base,distilroberta-base,4,1.0,6,58,48.0
local,distilroberta-base,distilroberta-base,4,1.0,6,59,48.0
local,distilroberta-base,distilroberta-base,4,1.0,6,60,47.0
local,distilroberta-base,distilroberta-base,4,1.0,6,61,47.0
local,distilroberta-base,distilroberta-base,4,1.0,6,62,47.0
local,distilroberta-base,distilroberta-base,4,1.0,6,63,48.0
local,distilroberta-base,distilroberta-base,4,1.0,6,64,48.0
local,distilroberta-base,distilroberta-base,4,1.0,6,65,46.0
local,distilroberta-base,distilroberta-base,4,1.0,6,66,47.0
local,distilroberta-base,distilroberta-base,4,1.0,6,67,46.0
local,distilroberta-base,distilroberta-base,4,1.0,6,68,46.0
local,distilroberta-base,distilroberta-base,4,1.0,6,69,48.0
local,distilroberta-base,distilroberta-base,4,1.0,6,70,47.0
local,distilroberta-base,distilroberta-base,4,1.0,6,71,48.0
local,distilroberta-base,distilroberta-base,4,1.0,6,72,48.0
local,distilroberta-base,distilroberta-base,4,1.0,6,73,48.0
local,distilroberta-base,distilroberta-base,4,1.0,6,74,47.0
local,distilroberta-base,distilroberta-base,4,1.0,6,75,48.0
local,distilroberta-base,distilroberta-base,4,1.0,6,76,47.0
local,distilroberta-base,distilroberta-base,4,1.0,6,77,47.0
local,distilroberta-base,distilroberta-base,4,1.0,6,78,48.0
local,distilroberta-base,distilroberta-base,4,1.0,6,79,48.0
local,distilroberta-base,distilroberta-base,4,1.0,6,80,48.0
local,distilroberta-base,distilroberta-base,4,1.0,7,0,1.0
local,distilroberta-base,distilroberta-base,4,1.0,7,1,3.0
local,distilroberta-base,distilroberta-base,4,1.0,7,2,8.0
local,distilroberta-base,distilroberta-base,4,1.0,7,3,12.0
local,distilroberta-base,distilroberta-base,4,1.0,7,4,13.0
local,distilroberta-base,distilroberta-base,4,1.0,7,5,14.0
local,distilroberta-base,distilroberta-base,4,1.0,7,6,17.0
local,distilroberta-base,distilroberta-base,4,1.0,7,7,24.0
local,distilroberta-base,distilroberta-base,4,1.0,7,8,24.0
local,distilroberta-base,distilroberta-base,4,1.0,7,9,28.0
local,distilroberta-base,distilroberta-base,4,1.0,7,10,36.0
local,distilroberta-base,distilroberta-base,4,1.0,7,11,42.0
local,distilroberta-base,distilroberta-base,4,1.0,7,12,43.0
local,distilroberta-base,distilroberta-base,4,1.0,7,13,45.0
local,distilroberta-base,distilroberta-base,4,1.0,7,14,44.0
local,distilroberta-base,distilroberta-base,4,1.0,7,15,45.0
local,distilroberta-base,distilroberta-base,4,1.0,7,16,47.0
local,distilroberta-base,distilroberta-base,4,1.0,7,17,44.0
local,distilroberta-base,distilroberta-base,4,1.0,7,18,45.0
local,distilroberta-base,distilroberta-base,4,1.0,7,19,43.0
local,distilroberta-base,distilroberta-base,4,1.0,7,20,41.0
local,distilroberta-base,distilroberta-base,4,1.0,7,21,46.0
local,distilroberta-base,distilroberta-base,4,1.0,7,22,44.0
local,distilroberta-base,distilroberta-base,4,1.0,7,23,47.0
local,distilroberta-base,distilroberta-base,4,1.0,7,24,42.0
local,distilroberta-base,distilroberta-base,4,1.0,7,25,43.0
local,distilroberta-base,distilroberta-base,4,1.0,7,26,44.0
local,distilroberta-base,distilroberta-base,4,1.0,7,27,45.0
local,distilroberta-base,distilroberta-base,4,1.0,7,28,46.0
local,distilroberta-base,distilroberta-base,4,1.0,7,29,45.0
local,distilroberta-base,distilroberta-base,4,1.0,7,30,44.0
local,distilroberta-base,distilroberta-base,4,1.0,7,31,45.0
local,distilroberta-base,distilroberta-base,4,1.0,7,32,48.0
local,distilroberta-base,distilroberta-base,4,1.0,7,33,46.0
local,distilroberta-base,distilroberta-base,4,1.0,7,34,47.0
local,distilroberta-base,distilroberta-base,4,1.0,7,35,47.0
local,distilroberta-base,distilroberta-base,4,1.0,7,36,47.0
local,distilroberta-base,distilroberta-base,4,1.0,7,37,46.0
local,distilroberta-base,distilroberta-base,4,1.0,7,38,48.0
local,distilroberta-base,distilroberta-base,4,1.0,7,39,46.0
local,distilroberta-base,distilroberta-base,4,1.0,7,40,47.0
local,distilroberta-base,distilroberta-base,4,1.0,7,41,47.0
local,distilroberta-base,distilroberta-base,4,1.0,7,42,48.0
local,distilroberta-base,distilroberta-base,4,1.0,7,43,48.0
local,distilroberta-base,distilroberta-base,4,1.0,7,44,48.0
local,distilroberta-base,distilroberta-base,4,1.0,7,45,48.0
local,distilroberta-base,distilroberta-base,4,1.0,7,46,47.0
local,distilroberta-base,distilroberta-base,4,1.0,7,47,48.0
local,distilroberta-base,distilroberta-base,4,1.0,7,48,48.0
local,distilroberta-base,distilroberta-base,4,1.0,7,49,48.0
local,distilroberta-base,distilroberta-base,4,1.0,7,50,48.0
local,distilroberta-base,distilroberta-base,4,1.0,7,51,48.0
local,distilroberta-base,distilroberta-base,4,1.0,7,52,47.0
local,distilroberta-base,distilroberta-base,4,1.0,7,53,48.0
local,distilroberta-base,distilroberta-base,4,1.0,7,54,47.0
local,distilroberta-base,distilroberta-base,4,1.0,7,55,47.0
local,distilroberta-base,distilroberta-base,4,1.0,7,56,48.0
local,distilroberta-base,distilroberta-base,4,1.0,7,57,48.0
local,distilroberta-base,distilroberta-base,4,1.0,7,58,48.0
local,distilroberta-base,distilroberta-base,4,1.0,7,59,48.0
local,distilroberta-base,distilroberta-base,4,1.0,7,60,48.0
local,distilroberta-base,distilroberta-base,4,1.0,7,61,47.0
local,distilroberta-base,distilroberta-base,4,1.0,7,62,48.0
local,distilroberta-base,distilroberta-base,4,1.0,7,63,48.0
local,distilroberta-base,distilroberta-base,4,1.0,7,64,47.0
local,distilroberta-base,distilroberta-base,4,1.0,7,65,48.0
local,distilroberta-base,distilroberta-base,4,1.0,7,66,48.0
local,distilroberta-base,distilroberta-base,4,1.0,7,67,48.0
local,distilroberta-base,distilroberta-base,4,1.0,7,68,48.0
local,distilroberta-base,distilroberta-base,4,1.0,7,69,47.0
local,distilroberta-base,distilroberta-base,4,1.0,7,70,48.0
local,distilroberta-base,distilroberta-base,4,1.0,7,71,47.0
local,distilroberta-base,distilroberta-base,4,1.0,7,72,48.0
local,distilroberta-base,distilroberta-base,4,1.0,7,73,48.0
local,distilroberta-base,distilroberta-base,4,1.0,7,74,48.0
local,distilroberta-base,distilroberta-base,4,1.0,7,75,47.0
local,distilroberta-base,distilroberta-base,4,1.0,7,76,48.0
local,distilroberta-base,distilroberta-base,4,1.0,7,77,48.0
local,distilroberta-base,distilroberta-base,4,1.0,7,78,48.0
local,distilroberta-base,distilroberta-base,4,1.0,7,79,48.0
local,distilroberta-base,distilroberta-base,4,1.0,7,80,48.0
