arch,model,model_tag,window,temp,pair,generation,hamming
causal,EleutherAI/pythia-160m,pythia-160m,,0.6,0,0,1.0
causal,EleutherAI/pythia-160m,pythia-160m,,0.6,0,1,16.0
causal,EleutherAI/pythia-160m,pythia-160m,,0.6,0,2,23.0
causal,EleutherAI/pythia-160m,pythia-160m,,0.6,0,3,30.0
causal,EleutherAI/pythia-160m,pythia-160m,,0.6,0,4,32.0
causal,EleutherAI/pythia-160m,pythia-160m,,0.6,0,5,34.0
causal,EleutherAI/pythia-160m,pythia-160m,,0.6,0,6,23.0
causal,EleutherAI/pythia-160m,pythia-160m,,0.6,0,7,32.0
causal,EleutherAI/pythia-160m,pythia-160m,,0.6,0,8,34.0
causal,EleutherAI/pythia-160m,pythia-160m,,0.6,0,9,32.0
causal,EleutherAI/pythia-160m,pythia-160m,,0.6,0,10,34.0
causal,EleutherAI/pythia-160m,pythia-160m,,0.6,0,11,31.0
causal,EleutherAI/pythia-160m,pythia-160m,,0.6,0,12,29.0
causal,EleutherAI/pythia-160m,pythia-160m,,0.6,0,13,25.0
causal,EleutherAI/pythia-160m,pythia-160m,,0.6,0,14,18.0
causal,EleutherAI/pythia-160m,pythia-160m,,0.6,0,15,21.0
causal,EleutherAI/pythia-160m,pythia-160m,,0.6,0,16,22.0
causal,EleutherAI/pythia-160m,pythia-160m,,0.6,0,17,22.0
causal,EleutherAI/pythia-160m,pythia-160m,,0.6,0,18,20.0
causal,EleutherAI/pythia-160m,pythia-160m,,0.6,0,19,17.0
causal,EleutherAI/pythia-160m,pythia-160m,,0.6,0,20,16.0
causal,EleutherAI/pythia-160m,pythia-160m,,0.6,0,21,19.0
causal,EleutherAI/pythia-160m,pythia-160m,,0.6,0,22,16.0
causal,EleutherAI/pythia-160m,pythia-160m,,0.6,0,23,17.0
causal,EleutherAI/pythia-160m,pythia-160m,,0.6,0,24,11.0
causal,EleutherAI/pythia-160m,pythia-160m,,0.6,0,25,8.0
causal,EleutherAI/pythia-160m,pythia-160m,,0.6,0,26,6.0
causal,EleutherAI/pythia-160m,pythia-160m,,0.6,0,27,7.0
causal,EleutherAI/pythia-160m,pythia-160m,,0.6,0,28,6.0
causal,EleutherAI/pythia-160m,pythia-160m,,0.6,0,29,3.0
causal,EleutherAI/pythia-160m,pythia-160m,,0.6,0,30,2.0
causal,EleutherAI/pythia-160m,pythia-160m,,0.6,0,31,1.0
causal,EleutherAI/pythia-160m,pythia-160m,,0.6,0,32,0.0
causal,EleutherAI/pythia-160m,pythia-160m,,0.6,0,33,0.0
causal,EleutherAI/pythia-160m,pythia-160m,,0.6,0,34,0.0
causal,EleutherAI/pythia-160m,pythia-160m,,0.6,0,35,0.0
causal,EleutherAI/pythia-160m,pythia-160m,,0.6,0,36,0.0
causal,EleutherAI/pythia-160m,pythia-160m,,0.6,0,37,0.0
causal,EleutherAI/pythia-160m,pythia-160m,,0.6,0,38,0.0
causal,EleutherAI/pythia-160m,pythia-160m,,0.6,0,39,0.0
causal,EleutherAI/pythia-160m,pythia-160m,,0.6,0,40,0.0
causal,EleutherAI/pythia-160m,pythia-160m,,0.6,0,41,0.0
causal,EleutherAI/pythia-160m,pythia-160m,,0.6,0,42,0.0
causal,EleutherAI/pythia-160m,pythia-160m,,0.6,0,43,0.0
causal,EleutherAI/pythia-160m,pythia-160m,,0.6,0,44,0.0
causal,EleutherAI/pythia-160m,pythia-160m,,0.6,0,45,0.0
causal,EleutherAI/pythia-160m,pythia-160m,,0.6,0,46,0.0
causal,EleutherAI/pythia-160m,pythia-160m,,0.6,0,47,0.0
causal,EleutherAI/pythia-160m,pythia-160m,,0.6,0,48,0.0
causal,EleutherAI/pythia-160m,pythia-160m,,0.6,0,49,0.0
causal,EleutherAI/pythia-160m,pythia-160m,,0.6,0,50,0.0
causal,EleutherAI/pythia-160m,pythia-160m,,0.6,0,51,0.0
causal,EleutherAI/pythia-160m,pythia-160m,,0.6,0,52,0.0
causal,EleutherAI/pythia-160m,pythia-160m,,0.6,0,53,0.0
causal,EleutherAI/pythia-160m,pythia-160m,,0.6,0,54,0.0
causal,EleutherAI/pythia-160m,pythia-160m,,0.6,0,55,0.0
causal,EleutherAI/pythia-160m,pythia-160m,,0.6,0,56,0.0
causal,EleutherAI/pythia-160m,pythia-160m,,0.6,0,57,0.0
causal,EleutherAI/pythia-160m,pythia-160m,,0.6,0,58,0.0
causal,EleutherAI/pythia-160m,pythia-160m,,0.6,0,59,0.0
causal,EleutherAI/pythia-160m,pythia-160m,,0.6,0,60,0.0
causal,EleutherAI/pythia-160m,pythia-160m,,0.6,0,61,0.0
causal,EleutherAI/pythia-160m,pythia-160m,,0.6,0,62,0.0
causal,EleutherAI/pythia-160m,pythia-160m,,0.6,0,63,0.0
causal,EleutherAI/pythia-160m,pythia-160m,,0.6,0,64,0.0
causal,EleutherAI/pythia-160m,pythia-160m,,0.6,0,65,0.0
causal,EleutherAI/pythia-160m,pythia-160m,,0.6,0,66,0.0
causal,EleutherAI/pythia-160m,pythia-160m,,0.6,0,67,0.0
causal,EleutherAI/pythia-160m,pythia-160m,,0.6,0,68,0.0
causal,EleutherAI/pythia-160m,pythia-160m,,0.6,0,69,0.0
causal,EleutherAI/pythia-160m,pythia-160m,,0.6,0,70,0.0
causal,EleutherAI/pythia-160m,pythia-160m,,0.6,0,71,0.0
causal,EleutherAI/pythia-160m,pythia-160m,,0.6,0,72,0.0
causal,EleutherAI/pythia-160m,pythia-160m,,0.6,0,73,0.0
causal,EleutherAI/pythia-160m,pythia-160m,,0.6,0,74,0.0
causal,EleutherAI/pythia-160m,pythia-160m,,0.6,0,75,0.0
causal,EleutherAI/pythia-160m,pythia-160m,,0.6,0,76,0.0
causal,EleutherAI/pythia-160m,pythia-160m,,0.6,0,77,0.0
causal,EleutherAI/pythia-160m,pythia-160m,,0.6,0,78,0.0
causal,EleutherAI/pythia-160m,pythia-160m,,0.6,0,79,0.0
causal,EleutherAI/pythia-160m,pythia-160m,,0.6,0,80,0.0
causal,EleutherAI/pythia-160m,pythia-160m,,0.6,1,0,1.0
causal,EleutherAI/pythia-160m,pythia-160m,,0.6,1,1,7.0
causal,EleutherAI/pythia-160m,pythia-160m,,0.6,1,2,16.0
causal,EleutherAI/pythia-160m,pythia-160m,,0.6,1,3,23.0
causal,EleutherAI/pythia-160m,pythia-160m,,0.6,1,4,23.0
causal,EleutherAI/pythia-160m,pythia-160m,,0.6,1,5,26.0
causal,EleutherAI/pythia-160m,pythia-160m,,0.6,1,6,21.0
causal,EleutherAI/pythia-160m,pythia-160m,,0.6,1,7,23.0
causal,EleutherAI/pythia-160m,pythia-160m,,0.6,1,8,18.0
causal,EleutherAI/pythia-160m,pythia-160m,,0.6,1,9,18.0
causal,EleutherAI/pythia-160m,pythia-160m,,0.6,1,10,25.0
causal,EleutherAI/pythia-160m,pythia-160m,,0.6,1,11,22.0
causal,EleutherAI/pythia-160m,pythia-160m,,0.6,1,12,16.0
causal,EleutherAI/pythia-160m,pythia-160m,,0.6,1,13,17.0
causal,EleutherAI/pythia-160m,pythia-160m,,0.6,1,14,15.0
causal,EleutherAI/pythia-160m,pythia-160m,,0.6,1,15,17.0
causal,EleutherAI/pythia-160m,pythia-160m,,0.6,1,16,17.0
causal,EleutherAI/pythia-160m,pythia-160m,,0.6,1,17,8.0
causal,EleutherAI/pythia-160m,pythia-160m,,0.6,1,18,9.0
causal,EleutherAI/pythia-160m,pythia-160m,,0.6,1,19,9.0
causal,EleutherAI/pythia-160m,pythia-160m,,0.6,1,20,10.0
causal,EleutherAI/pythia-160m,pythia-160m,,0.6,1,21,5.0
causal,EleutherAI/pythia-160m,pythia-160m,,0.6,1,22,5.0
causal,EleutherAI/pythia-160m,pythia-160m,,0.6,1,23,4.0
causal,EleutherAI/pythia-160m,pythia-160m,,0.6,1,24,6.0
causal,EleutherAI/pythia-160m,pythia-160m,,0.6,1,25,3.0
causal,EleutherAI/pythia-160m,pythia-160m,,0.6,1,26,2.0
causal,EleutherAI/pythia-160m,pythia-160m,,0.6,1,27,1.0
causal,EleutherAI/pythia-160m,pythia-160m,,0.6,1,28,1.0
causal,EleutherAI/pythia-160m,pythia-160m,,0.6,1,29,0.0
causal,EleutherAI/pythia-160m,pythia-160m,,0.6,1,30,0.0
causal,EleutherAI/pythia-160m,pythia-160m,,0.6,1,31,0.0
causal,EleutherAI/pythia-160m,pythia-160m,,0.6,1,32,0.0
causal,EleutherAI/pythia-160m,pythia-160m,,0.6,1,33,0.0
causal,EleutherAI/pythia-160m,pythia-160m,,0.6,1,34,0.0
causal,EleutherAI/pythia-160m,pythia-160m,,0.6,1,35,0.0
causal,EleutherAI/pythia-160m,pythia-160m,,0.6,1,36,0.0
causal,EleutherAI/pythia-160m,pythia-160m,,0.6,1,37,0.0
causal,EleutherAI/pythia-160m,pythia-160m,,0.6,1,38,0.0
causal,EleutherAI/pythia-160m,pythia-160m,,0.6,1,39,0.0
causal,EleutherAI/pythia-160m,pythia-160m,,0.6,1,40,0.0
causal,EleutherAI/pythia-160m,pythia-160m,,0.6,1,41,0.0
causal,EleutherAI/pythia-160m,pythia-160m,,0.6,1,42,0.0
causal,EleutherAI/pythia-160m,pythia-160m,,0.6,1,43,0.0
causal,EleutherAI/pythia-160m,pythia-160m,,0.6,1,44,0.0
causal,EleutherAI/pythia-160m,pythia-160m,,0.6,1,45,0.0
causal,EleutherAI/pythia-160m,pythia-160m,,0.6,1,46,0.0
causal,EleutherAI/pythia-160m,pythia-160m,,0.6,1,47,0.0
causal,EleutherAI/pythia-160m,pythia-160m,,0.6,1,48,0.0
causal,EleutherAI/pythia-160m,pythia-160m,,0.6,1,49,0.0
causal,EleutherAI/pythia-160m,pythia-160m,,0.6,1,50,0.0
causal,EleutherAI/pythia-160m,pythia-160m,,0.6,1,51,0.0
causal,EleutherAI/pythia-160m,pythia-160m,,0.6,1,52,0.0
causal,EleutherAI/pythia-160m,pythia-160m,,0.6,1,53,0.0
causal,EleutherAI/pythia-160m,pythia-160m,,0.6,1,54,0.0
causal,EleutherAI/pythia-160m,pythia-160m,,0.6,1,55,0.0
causal,EleutherAI/pythia-160m,pythia-160m,,0.6,1,56,0.0
causal,EleutherAI/pythia-160m,pythia-160m,,0.6,1,57,0.0
causal,EleutherAI/pythia-160m,pythia-160m,,0.6,1,58,0.0
causal,EleutherAI/pythia-160m,pythia-160m,,0.6,1,59,0.0
causal,EleutherAI/pythia-160m,pythia-160m,,0.6,1,60,0.0
causal,EleutherAI/pythia-160m,pythia-160m,,0.6,1,61,0.0
causal,EleutherAI/pythia-160m,pythia-160m,,0.6,1,62,0.0
causal,EleutherAI/pythia-160m,pythia-160m,,0.6,1,63,0.0
causal,EleutherAI/pythia-160m,pythia-160m,,0.6,1,64,0.0
causal,EleutherAI/pythia-160m,pythia-160m,,0.6,1,65,0.0
causal,EleutherAI/pythia-160m,pythia-160m,,0.6,1,66,0.0
causal,EleutherAI/pythia-160m,pythia-160m,,0.6,1,67,0.0
causal,EleutherAI/pythia-160m,pythia-160m,,0.6,1,68,0.0
causal,EleutherAI/pythia-160m,pythia-160m,,0.6,1,69,0.0
causal,EleutherAI/pythia-160m,pythia-160m,,0.6,1,70,0.0
causal,EleutherAI/pythia-160m,pythia-160m,,0.6,1,71,0.0
causal,EleutherAI/pythia-160m,pythia-160m,,0.6,1,72,0.0
causal,EleutherAI/pythia-160m,pythia-160m,,0.6,1,73,0.0
causal,EleutherAI/pythia-160m,pythia-160m,,0.6,1,74,0.0
causal,EleutherAI/pythia-160m,pythia-160m,,0.6,1,75,0.0
causal,EleutherAI/pythia-160m,pythia-160m,,0.6,1,76,0.0
causal,EleutherAI/pythia-160m,pythia-160m,,0.6,1,77,0.0
causal,EleutherAI/pythia-160m,pythia-160m,,0.6,1,78,0.0
causal,EleutherAI/pythia-160m,pythia-160m,,0.6,1,79,0.0
causal,EleutherAI/pythia-160m,pythia-160m,,0.6,1,80,0.0
causal,EleutherAI/pythia-160m,pythia-160m,,0.6,2,0,1.0
causal,EleutherAI/pythia-160m,pythia-160m,,0.6,2,1,13.0
causal,EleutherAI/pythia-160m,pythia-160m,,0.6,2,2,20.0
causal,EleutherAI/pythia-160m,pythia-160m,,0.6,2,3,17.0
causal,EleutherAI/pythia-160m,pythia-160m,,0.6,2,4,23.0
causal,EleutherAI/pythia-160m,pythia-160m,,0.6,2,5,21.0
causal,EleutherAI/pythia-160m,pythia-160m,,0.6,2,6,20.0
causal,EleutherAI/pythia-160m,pythia-160m,,0.6,2,7,18.0
causal,EleutherAI/pythia-160m,pythia-160m,,0.6,2,8,18.0
causal,EleutherAI/pythia-160m,pythia-160m,,0.6,2,9,19.0
causal,EleutherAI/pythia-160m,pythia-160m,,0.6,2,10,16.0
causal,EleutherAI/pythia-160m,pythia-160m,,0.6,2,11,8.0
causal,EleutherAI/pythia-160m,pythia-160m,,0.6,2,12,16.0
causal,EleutherAI/pythia-160m,pythia-160m,,0.6,2,13,14.0
causal,EleutherAI/pythia-160m,pythia-160m,,0.6,2,14,12.0
causal,EleutherAI/pythia-160m,pythia-160m,,0.6,2,15,10.0
causal,EleutherAI/pythia-160m,pythia-160m,,0.6,2,16,8.0
causal,EleutherAI/pythia-160m,pythia-160m,,0.6,2,17,11.0
causal,EleutherAI/pythia-160m,pythia-160m,,0.6,2,18,9.0
causal,EleutherAI/pythia-160m,pythia-160m,,0.6,2,19,7.0
causal,EleutherAI/pythia-160m,pythia-160m,,0.6,2,20,5.0
causal,EleutherAI/pythia-160m,pythia-160m,,0.6,2,21,4.0
causal,EleutherAI/pythia-160m,pythia-160m,,0.6,2,22,3.0
causal,EleutherAI/pythia-160m,pythia-160m,,0.6,2,23,2.0
causal,EleutherAI/pythia-160m,pythia-160m,,0.6,2,24,1.0
causal,EleutherAI/pythia-160m,pythia-160m,,0.6,2,25,0.0
causal,EleutherAI/pythia-160m,pythia-160m,,0.6,2,26,0.0
causal,EleutherAI/pythia-160m,pythia-160m,,0.6,2,27,0.0
causal,EleutherAI/pythia-160m,pythia-160m,,0.6,2,28,0.0
causal,EleutherAI/pythia-160m,pythia-160m,,0.6,2,29,0.0
causal,EleutherAI/pythia-160m,pythia-160m,,0.6,2,30,0.0
causal,EleutherAI/pythia-160m,pythia-160m,,0.6,2,31,0.0
causal,EleutherAI/pythia-160m,pythia-160m,,0.6,2,32,0.0
causal,EleutherAI/pythia-160m,pythia-160m,,0.6,2,33,0.0
causal,EleutherAI/pythia-160m,pythia-160m,,0.6,2,34,0.0
causal,EleutherAI/pythia-160m,pythia-160m,,0.6,2,35,0.0
causal,EleutherAI/pythia-160m,pythia-160m,,0.6,2,36,0.0
causal,EleutherAI/pythia-160m,pythia-160m,,0.6,2,37,0.0
causal,EleutherAI/pythia-160m,pythia-160m,,0.6,2,38,0.0
causal,EleutherAI/pythia-160m,pythia-160m,,0.6,2,39,0.0
causal,EleutherAI/pythia-160m,pythia-160m,,0.6,2,40,0.0
causal,EleutherAI/pythia-160m,pythia-160m,,0.6,2,41,0.0
causal,EleutherAI/pythia-160m,pythia-160m,,0.6,2,42,0.0
causal,EleutherAI/pythia-160m,pythia-160m,,0.6,2,43,0.0
causal,EleutherAI/pythia-160m,pythia-160m,,0.6,2,44,0.0
causal,EleutherAI/pythia-160m,pythia-160m,,0.6,2,45,0.0
causal,EleutherAI/pythia-160m,pythia-160m,,0.6,2,46,0.0
causal,EleutherAI/pythia-160m,pythia-160m,,0.6,2,47,0.0
causal,EleutherAI/pythia-160m,pythia-160m,,0.6,2,48,0.0
causal,EleutherAI/pythia-160m,pythia-160m,,0.6,2,49,0.0
causal,EleutherAI/pythia-160m,pythia-160m,,0.6,2,50,0.0
causal,EleutherAI/pythia-160m,pythia-160m,,0.6,2,51,0.0
causal,EleutherAI/pythia-160m,pythia-160m,,0.6,2,52,0.0
causal,EleutherAI/pythia-160m,pythia-160m,,0.6,2,53,0.0
causal,EleutherAI/pythia-160m,pythia-160m,,0.6,2,54,0.0
causal,EleutherAI/pythia-160m,pythia-160m,,0.6,2,55,0.0
causal,EleutherAI/pythia-160m,pythia-160m,,0.6,2,56,0.0
causal,EleutherAI/pythia-160m,pythia-160m,,0.6,2,57,0.0
causal,EleutherAI/pythia-160m,pythia-160m,,0.6,2,58,0.0
causal,EleutherAI/pythia-160m,pythia-160m,,0.6,2,59,0.0
causal,EleutherAI/pythia-160m,pythia-160m,,0.6,2,60,0.0
causal,EleutherAI/pythia-160m,pythia-160m,,0.6,2,61,0.0
causal,EleutherAI/pythia-160m,pythia-160m,,0.6,2,62,0.0
causal,EleutherAI/pythia-160m,pythia-160m,,0.6,2,63,0.0
causal,EleutherAI/pythia-160m,pythia-160m,,0.6,2,64,0.0
causal,EleutherAI/pythia-160m,pythia-160m,,0.6,2,65,0.0
causal,EleutherAI/pythia-160m,pythia-160m,,0.6,2,66,0.0
causal,EleutherAI/pythia-160m,pythia-160m,,0.6,2,67,0.0
causal,EleutherAI/pythia-160m,pythia-160m,,0.6,2,68,0.0
causal,EleutherAI/pythia-160m,pythia-160m,,0.6,2,69,0.0
causal,EleutherAI/pythia-160m,pythia-160m,,0.6,2,70,0.0
causal,EleutherAI/pythia-160m,pythia-160m,,0.6,2,71,0.0
causal,EleutherAI/pythia-160m,pythia-160m,,0.6,2,72,0.0
causal,EleutherAI/pythia-160m,pythia-160m,,0.6,2,73,0.0
causal,EleutherAI/pythia-160m,pythia-160m,,0.6,2,74,0.0
causal,EleutherAI/pythia-160m,pythia-160m,,0.6,2,75,0.0
causal,EleutherAI/pythia-160m,pythia-160m,,0.6,2,76,0.0
causal,EleutherAI/pythia-160m,pythia-160m,,0.6,2,77,0.0
causal,EleutherAI/pythia-160m,pythia-160m,,0.6,2,78,0.0
causal,EleutherAI/pythia-160m,pythia-160m,,0.6,2,79,0.0
causal,EleutherAI/pythia-160m,pythia-160m,,0.6,2,80,0.0
causal,EleutherAI/pythia-160m,pythia-160m,,0.6,3,0,1.0
causal,EleutherAI/pythia-160m,pythia-160m,,0.6,3,1,12.0
causal,EleutherAI/pythia-160m,pythia-160m,,0.6,3,2,14.0
causal,EleutherAI/pythia-160m,pythia-160m,,0.6,3,3,15.0
causal,EleutherAI/pythia-160m,pythia-160m,,0.6,3,4,17.0
causal,EleutherAI/pythia-160m,pythia-160m,,0.6,3,5,14.0
causal,EleutherAI/pythia-160m,pythia-160m,,0.6,3,6,12.0
causal,EleutherAI/pythia-160m,pythia-160m,,0.6,3,7,7.0
causal,EleutherAI/pythia-160m,pythia-160m,,0.6,3,8,8.0
causal,EleutherAI/pythia-160m,pythia-160m,,0.6,3,9,6.0
causal,EleutherAI/pythia-160m,pythia-160m,,0.6,3,10,5.0
causal,EleutherAI/pythia-160m,pythia-160m,,0.6,3,11,3.0
causal,EleutherAI/pythia-160m,pythia-160m,,0.6,3,12,5.0
causal,EleutherAI/pythia-160m,pythia-160m,,0.6,3,13,2.0
causal,EleutherAI/pythia-160m,pythia-160m,,0.6,3,14,1.0
causal,EleutherAI/pythia-160m,pythia-160m,,0.6,3,15,2.0
causal,EleutherAI/pythia-160m,pythia-160m,,0.6,3,16,0.0
causal,EleutherAI/pythia-160m,pythia-160m,,0.6,3,17,0.0
causal,EleutherAI/pythia-160m,pythia-160m,,0.6,3,18,0.0
causal,EleutherAI/pythia-160m,pythia-160m,,0.6,3,19,0.0
causal,EleutherAI/pythia-160m,pythia-160m,,0.6,3,20,0.0
causal,EleutherAI/pythia-160m,pythia-160m,,0.6,3,21,0.0
causal,EleutherAI/pythia-160m,pythia-160m,,0.6,3,22,0.0
causal,EleutherAI/pythia-160m,pythia-160m,,0.6,3,23,0.0
causal,EleutherAI/pythia-160m,pythia-160m,,0.6,3,24,0.0
causal,EleutherAI/pythia-160m,pythia-160m,,0.6,3,25,0.0
causal,EleutherAI/pythia-160m,pythia-160m,,0.6,3,26,0.0
causal,EleutherAI/pythia-160m,pythia-160m,,0.6,3,27,0.0
causal,EleutherAI/pythia-160m,pythia-160m,,0.6,3,28,0.0
causal,EleutherAI/pythia-160m,pythia-160m,,0.6,3,29,0.0
causal,EleutherAI/pythia-160m,pythia-160m,,0.6,3,30,0.0
causal,EleutherAI/pythia-160m,pythia-160m,,0.6,3,31,0.0
causal,EleutherAI/pythia-160m,pythia-160m,,0.6,3,32,0.0
causal,EleutherAI/pythia-160m,pythia-160m,,0.6,3,33,0.0
causal,EleutherAI/pythia-160m,pythia-160m,,0.6,3,34,0.0
causal,EleutherAI/pythia-160m,pythia-160m,,0.6,3,35,0.0
causal,EleutherAI/pythia-160m,pythia-160m,,0.6,3,36,0.0
causal,EleutherAI/pythia-160m,pythia-160m,,0.6,3,37,0.0
causal,EleutherAI/pythia-160m,pythia-160m,,0.6,3,38,0.0
causal,EleutherAI/pythia-160m,pythia-160m,,0.6,3,39,0.0
causal,EleutherAI/pythia-160m,pythia-160m,,0.6,3,40,0.0
causal,EleutherAI/pythia-160m,pythia-160m,,0.6,3,41,0.0
causal,EleutherAI/pythia-160m,pythia-160m,,0.6,3,42,0.0
causal,EleutherAI/pythia-160m,pythia-160m,,0.6,3,43,0.0
causal,EleutherAI/pythia-160m,pythia-160m,,0.6,3,44,0.0
causal,EleutherAI/pythia-160m,pythia-160m,,0.6,3,45,0.0
causal,EleutherAI/pythia-160m,pythia-160m,,0.6,3,46,0.0
causal,EleutherAI/pythia-160m,pythia-160m,,0.6,3,47,0.0
causal,EleutherAI/pythia-160m,pythia-160m,,0.6,3,48,0.0
causal,EleutherAI/pythia-160m,pythia-160m,,0.6,3,49,0.0
causal,EleutherAI/pythia-160m,pythia-160m,,0.6,3,50,0.0
causal,EleutherAI/pythia-160m,pythia-160m,,0.6,3,51,0.0
causal,EleutherAI/pythia-160m,pythia-160m,,0.6,3,52,0.0
causal,EleutherAI/pythia-160m,pythia-160m,,0.6,3,53,0.0
causal,EleutherAI/pythia-160m,pythia-160m,,0.6,3,54,0.0
causal,EleutherAI/pythia-160m,pythia-160m,,0.6,3,55,0.0
causal,EleutherAI/pythia-160m,pythia-160m,,0.6,3,56,0.0
causal,EleutherAI/pythia-160m,pythia-160m,,0.6,3,57,0.0
causal,EleutherAI/pythia-160m,pythia-160m,,0.6,3,58,0.0
causal,EleutherAI/pythia-160m,pythia-160m,,0.6,3,59,0.0
causal,EleutherAI/pythia-160m,pythia-160m,,0.6,3,60,0.0
causal,EleutherAI/pythia-160m,pythia-160m,,0.6,3,61,0.0
causal,EleutherAI/pythia-160m,pythia-160m,,0.6,3,62,0.0
causal,EleutherAI/pythia-160m,pythia-160m,,0.6,3,63,0.0
causal,EleutherAI/pythia-160m,pythia-160m,,0.6,3,64,0.0
causal,EleutherAI/pythia-160m,pythia-160m,,0.6,3,65,0.0
causal,EleutherAI/pythia-160m,pythia-160m,,0.6,3,66,0.0
causal,EleutherAI/pythia-160m,pythia-160m,,0.6,3,67,0.0
causal,EleutherAI/pythia-160m,pythia-160m,,0.6,3,68,0.0
causal,EleutherAI/pythia-160m,pythia-160m,,0.6,3,69,0.0
causal,EleutherAI/pythia-160m,pythia-160m,,0.6,3,70,0.0
causal,EleutherAI/pythia-160m,pythia-160m,,0.6,3,71,0.0
causal,EleutherAI/pythia-160m,pythia-160m,,0.6,3,72,0.0
causal,EleutherAI/pythia-160m,pythia-160m,,0.6,3,73,0.0
causal,EleutherAI/pythia-160m,pythia-160m,,0.6,3,74,0.0
causal,EleutherAI/pythia-160m,pythia-160m,,0.6,3,75,0.0
causal,EleutherAI/pythia-160m,pythia-160m,,0.6,3,76,0.0
causal,EleutherAI/pythia-160m,pythia-160m,,0.6,3,77,0.0
causal,EleutherAI/pythia-160m,pythia-160m,,0.6,3,78,0.0
causal,EleutherAI/pythia-160m,pythia-160m,,0.6,3,79,0.0
causal,EleutherAI/pythia-160m,pythia-160m,,0.6,3,80,0.0
causal,EleutherAI/pythia-160m,pythia-160m,,0.6,4,0,1.0
causal,EleutherAI/pythia-160m,pythia-160m,,0.6,4,1,7.0
causal,EleutherAI/pythia-160m,pythia-160m,,0.6,4,2,10.0
causal,EleutherAI/pythia-160m,pythia-160m,,0.6,4,3,9.0
causal,EleutherAI/pythia-160m,pythia-160m,,0.6,4,4,11.0
causal,EleutherAI/pythia-160m,pythia-160m,,0.6,4,5,9.0
causal,EleutherAI/pythia-160m,pythia-160m,,0.6,4,6,6.0
causal,EleutherAI/pythia-160m,pythia-160m,,0.6,4,7,5.0
causal,EleutherAI/pythia-160m,pythia-160m,,0.6,4,8,1.0
causal,EleutherAI/pythia-160m,pythia-160m,,0.6,4,9,2.0
causal,EleutherAI/pythia-160m,pythia-160m,,0.6,4,10,1.0
causal,EleutherAI/pythia-160m,pythia-160m,,0.6,4,11,0.0
causal,EleutherAI/pythia-160m,pythia-160m,,0.6,4,12,0.0
causal,EleutherAI/pythia-160m,pythia-160m,,0.6,4,13,0.0
causal,EleutherAI/pythia-160m,pythia-160m,,0.6,4,14,0.0
causal,EleutherAI/pythia-160m,pythia-160m,,0.6,4,15,0.0
causal,EleutherAI/pythia-160m,pythia-160m,,0.6,4,16,0.0
causal,EleutherAI/pythia-160m,pythia-160m,,0.6,4,17,0.0
causal,EleutherAI/pythia-160m,pythia-160m,,0.6,4,18,0.0
causal,EleutherAI/pythia-160m,pythia-160m,,0.6,4,19,0.0
causal,EleutherAI/pythia-160m,pythia-160m,,0.6,4,20,0.0
causal,EleutherAI/pythia-160m,pythia-160m,,0.6,4,21,0.0
causal,EleutherAI/pythia-160m,pythia-160m,,0.6,4,22,0.0
causal,EleutherAI/pythia-160m,pythia-160m,,0.6,4,23,0.0
causal,EleutherAI/pythia-160m,pythia-160m,,0.6,4,24,0.0
causal,EleutherAI/pythia-160m,pythia-160m,,0.6,4,25,0.0
causal,EleutherAI/pythia-160m,pythia-160m,,0.6,4,26,0.0
causal,EleutherAI/pythia-160m,pythia-160m,,0.6,4,27,0.0
causal,EleutherAI/pythia-160m,pythia-160m,,0.6,4,28,0.0
causal,EleutherAI/pythia-160m,pythia-160m,,0.6,4,29,0.0
causal,EleutherAI/pythia-160m,pythia-160m,,0.6,4,30,0.0
causal,EleutherAI/pythia-160m,pythia-160m,,0.6,4,31,0.0
causal,EleutherAI/pythia-160m,pythia-160m,,0.6,4,32,0.0
causal,EleutherAI/pythia-160m,pythia-160m,,0.6,4,33,0.0
causal,EleutherAI/pythia-160m,pythia-160m,,0.6,4,34,0.0
causal,EleutherAI/pythia-160m,pythia-160m,,0.6,4,35,0.0
causal,EleutherAI/pythia-160m,pythia-160m,,0.6,4,36,0.0
causal,EleutherAI/pythia-160m,pythia-160m,,0.6,4,37,0.0
causal,EleutherAI/pythia-160m,pythia-160m,,0.6,4,38,0.0
causal,EleutherAI/pythia-160m,pythia-160m,,0.6,4,39,0.0
causal,EleutherAI/pythia-160m,pythia-160m,,0.6,4,40,0.0
causal,EleutherAI/pythia-160m,pythia-160m,,0.6,4,41,0.0
causal,EleutherAI/pythia-160m,pythia-160m,,0.6,4,42,0.0
causal,EleutherAI/pythia-160m,pythia-160m,,0.6,4,43,0.0
causal,EleutherAI/pythia-160m,pythia-160m,,0.6,4,44,0.0
causal,EleutherAI/pythia-160m,pythia-160m,,0.6,4,45,0.0
causal,EleutherAI/pythia-160m,pythia-160m,,0.6,4,46,0.0
causal,EleutherAI/pythia-160m,pythia-160m,,0.6,4,47,0.0
causal,EleutherAI/pythia-160m,pythia-160m,,0.6,4,48,0.0
causal,EleutherAI/pythia-160m,pythia-160m,,0.6,4,49,0.0
causal,EleutherAI/pythia-160m,pythia-160m,,0.6,4,50,0.0
causal,EleutherAI/pythia-160m,pythia-160m,,0.6,4,51,0.0
causal,EleutherAI/pythia-160m,pythia-160m,,0.6,4,52,0.0
causal,EleutherAI/pythia-160m,pythia-160m,,0.6,4,53,0.0
causal,EleutherAI/pythia-160m,pythia-160m,,0.6,4,54,0.0
causal,EleutherAI/pythia-160m,pythia-160m,,0.6,4,55,0.0
causal,EleutherAI/pythia-160m,pythia-160m,,0.6,4,56,0.0
causal,EleutherAI/pythia-160m,pythia-160m,,0.6,4,57,0.0
causal,EleutherAI/pythia-160m,pythia-160m,,0.6,4,58,0.0
causal,EleutherAI/pythia-160m,pythia-160m,,0.6,4,59,0.0
causal,EleutherAI/pythia-160m,pythia-160m,,0.6,4,60,0.0
causal,EleutherAI/pythia-160m,pythia-160m,,0.6,4,61,0.0
causal,EleutherAI/pythia-160m,pythia-160m,,0.6,4,62,0.0
causal,EleutherAI/pythia-160m,pythia-160m,,0.6,4,63,0.0
causal,EleutherAI/pythia-160m,pythia-160m,,0.6,4,64,0.0
causal,EleutherAI/pythia-160m,pythia-160m,,0.6,4,65,0.0
causal,EleutherAI/pythia-160m,pythia-160m,,0.6,4,66,0.0
causal,EleutherAI/pythia-160m,pythia-160m,,0.6,4,67,0.0
causal,EleutherAI/pythia-160m,pythia-160m,,0.6,4,68,0.0
causal,EleutherAI/pythia-160m,pythia-160m,,0.6,4,69,0.0
causal,EleutherAI/pythia-160m,pythia-160m,,0.6,4,70,0.0
causal,EleutherAI/pythia-160m,pythia-160m,,0.6,4,71,0.0
causal,EleutherAI/pythia-160m,pythia-160m,,0.6,4,72,0.0
causal,EleutherAI/pythia-160m,pythia-160m,,0.6,4,73,0.0
causal,EleutherAI/pythia-160m,pythia-160m,,0.6,4,74,0.0
causal,EleutherAI/pythia-160m,pythia-160m,,0.6,4,75,0.0
causal,EleutherAI/pythia-160m,pythia-160m,,0.6,4,76,0.0
causal,EleutherAI/pythia-160m,pythia-160m,,0.6,4,77,0.0
causal,EleutherAI/pythia-160m,pythia-160m,,0.6,4,78,0.0
causal,EleutherAI/pythia-160m,pythia-160m,,0.6,4,79,0.0
causal,EleutherAI/pythia-160m,pythia-160m,,0.6,4,80,0.0
causal,EleutherAI/pythia-160m,pythia-160m,,0.6,5,0,1.0
causal,EleutherAI/pythia-160m,pythia-160m,,0.6,5,1,5.0
causal,EleutherAI/pythia-160m,pythia-160m,,0.6,5,2,6.0
causal,EleutherAI/pythia-160m,pythia-160m,,0.6,5,3,5.0
causal,EleutherAI/pythia-160m,pythia-160m,,0.6,5,4,3.0
causal,EleutherAI/pythia-160m,pythia-160m,,0.6,5,5,4.0
causal,EleutherAI/pythia-160m,pythia-160m,,0.6,5,6,2.0
causal,EleutherAI/pythia-160m,pythia-160m,,0.6,5,7,0.0
causal,EleutherAI/pythia-160m,pythia-160m,,0.6,5,8,0.0
causal,EleutherAI/pythia-160m,pythia-160m,,0.6,5,9,0.0
causal,EleutherAI/pythia-160m,pythia-160m,,0.6,5,10,0.0
causal,EleutherAI/pythia-160m,pythia-160m,,0.6,5,11,0.0
causal,EleutherAI/pythia-160m,pythia-160m,,0.6,5,12,0.0
causal,EleutherAI/pythia-160m,pythia-160m,,0.6,5,13,0.0
causal,EleutherAI/pythia-160m,pythia-160m,,0.6,5,14,0.0
causal,EleutherAI/pythia-160m,pythia-160m,,0.6,5,15,0.0
causal,EleutherAI/pythia-160m,pythia-160m,,0.6,5,16,0.0
causal,EleutherAI/pythia-160m,pythia-160m,,0.6,5,17,0.0
causal,EleutherAI/pythia-160m,pythia-160m,,0.6,5,18,0.0
causal,EleutherAI/pythia-160m,pythia-160m,,0.6,5,19,0.0
causal,EleutherAI/pythia-160m,pythia-160m,,0.6,5,20,0.0
causal,EleutherAI/pythia-160m,pythia-160m,,0.6,5,21,0.0
causal,EleutherAI/pythia-160m,pythia-160m,,0.6,5,22,0.0
causal,EleutherAI/pythia-160m,pythia-160m,,0.6,5,23,0.0
causal,EleutherAI/pythia-160m,pythia-160m,,0.6,5,24,0.0
causal,EleutherAI/pythia-160m,pythia-160m,,0.6,5,25,0.0
causal,EleutherAI/pythia-160m,pythia-160m,,0.6,5,26,0.0
causal,EleutherAI/pythia-160m,pythia-160m,,0.6,5,27,0.0
causal,EleutherAI/pythia-160m,pythia-160m,,0.6,5,28,0.0
causal,EleutherAI/pythia-160m,pythia-160m,,0.6,5,29,0.0
causal,EleutherAI/pythia-160m,pythia-160m,,0.6,5,30,0.0
causal,EleutherAI/pythia-160m,pythia-160m,,0.6,5,31,0.0
causal,EleutherAI/pythia-160m,pythia-160m,,0.6,5,32,0.0
causal,EleutherAI/pythia-160m,pythia-160m,,0.6,5,33,0.0
causal,EleutherAI/pythia-160m,pythia-160m,,0.6,5,34,0.0
causal,EleutherAI/pythia-160m,pythia-160m,,0.6,5,35,0.0
causal,EleutherAI/pythia-160m,pythia-160m,,0.6,5,36,0.0
causal,EleutherAI/pythia-160m,pythia-160m,,0.6,5,37,0.0
causal,EleutherAI/pythia-160m,pythia-160m,,0.6,5,38,0.0
causal,EleutherAI/pythia-160m,pythia-160m,,0.6,5,39,0.0
causal,EleutherAI/pythia-160m,pythia-160m,,0.6,5,40,0.0
causal,EleutherAI/pythia-160m,pythia-160m,,0.6,5,41,0.0
causal,EleutherAI/pythia-160m,pythia-160m,,0.6,5,42,0.0
causal,EleutherAI/pythia-160m,pythia-160m,,0.6,5,43,0.0
causal,EleutherAI/pythia-160m,pythia-160m,,0.6,5,44,0.0
causal,EleutherAI/pythia-160m,pythia-160m,,0.6,5,45,0.0
causal,EleutherAI/pythia-160m,pythia-160m,,0.6,5,46,0.0
causal,EleutherAI/pythia-160m,pythia-160m,,0.6,5,47,0.0
causal,EleutherAI/pythia-160m,pythia-160m,,0.6,5,48,0.0
causal,EleutherAI/pythia-160m,pythia-160m,,0.6,5,49,0.0
causal,EleutherAI/pythia-160m,pythia-160m,,0.6,5,50,0.0
causal,EleutherAI/pythia-160m,pythia-160m,,0.6,5,51,0.0
causal,EleutherAI/pythia-160m,pythia-160m,,0.6,5,52,0.0
causal,EleutherAI/pythia-160m,pythia-160m,,0.6,5,53,0.0
causal,EleutherAI/pythia-160m,pythia-160m,,0.6,5,54,0.0
causal,EleutherAI/pythia-160m,pythia-160m,,0.6,5,55,0.0
causal,EleutherAI/pythia-160m,pythia-160m,,0.6,5,56,0.0
causal,EleutherAI/pythia-160m,pythia-160m,,0.6,5,57,0.0
causal,EleutherAI/pythia-160m,pythia-160m,,0.6,5,58,0.0
causal,EleutherAI/pythia-160m,pythia-160m,,0.6,5,59,0.0
causal,EleutherAI/pythia-160m,pythia-160m,,0.6,5,60,0.0
causal,EleutherAI/pythia-160m,pythia-160m,,0.6,5,61,0.0
causal,EleutherAI/pythia-160m,pythia-160m,,0.6,5,62,0.0
causal,EleutherAI/pythia-160m,pythia-160m,,0.6,5,63,0.0
causal,EleutherAI/pythia-160m,pythia-160m,,0.6,5,64,0.0
causal,EleutherAI/pythia-160m,pythia-160m,,0.6,5,65,0.0
causal,EleutherAI/pythia-160m,pythia-160m,,0.6,5,66,0.0
causal,EleutherAI/pythia-160m,pythia-160m,,0.6,5,67,0.0
causal,EleutherAI/pythia-160m,pythia-160m,,0.6,5,68,0.0
causal,EleutherAI/pythia-160m,pythia-160m,,0.6,5,69,0.0
causal,EleutherAI/pythia-160m,pythia-160m,,0.6,5,70,0.0
causal,EleutherAI/pythia-160m,pythia-160m,,0.6,5,71,0.0
causal,EleutherAI/pythia-160m,pythia-160m,,0.6,5,72,0.0
causal,EleutherAI/pythia-160m,pythia-160m,,0.6,5,73,0.0
causal,EleutherAI/pythia-160m,pythia-160m,,0.6,5,74,0.0
causal,EleutherAI/pythia-160m,pythia-160m,,0.6,5,75,0.0
causal,EleutherAI/pythia-160m,pythia-160m,,0.6,5,76,0.0
causal,EleutherAI/pythia-160m,pythia-160m,,0.6,5,77,0.0
causal,EleutherAI/pythia-160m,pythia-160m,,0.6,5,78,0.0
causal,EleutherAI/pythia-160m,pythia-160m,,0.6,5,79,0.0
causal,EleutherAI/pythia-160m,pythia-160m,,0.6,5,80,0.0
causal,EleutherAI/pythia-160m,pythia-160m,,0.6,6,0,1.0
causal,EleutherAI/pythia-160m,pythia-160m,,0.6,6,1,3.0
causal,EleutherAI/pythia-160m,pythia-160m,,0.6,6,2,2.0
causal,EleutherAI/pythia-160m,pythia-160m,,0.6,6,3,0.0
causal,EleutherAI/pythia-160m,pythia-160m,,0.6,6,4,0.0
causal,EleutherAI/pythia-160m,pythia-160m,,0.6,6,5,0.0
causal,EleutherAI/pythia-160m,pythia-160m,,0.6,6,6,0.0
causal,EleutherAI/pythia-160m,pythia-160m,,0.6,6,7,0.0
causal,EleutherAI/pythia-160m,pythia-160m,,0.6,6,8,0.0
causal,EleutherAI/pythia-160m,pythia-160m,,0.6,6,9,0.0
causal,EleutherAI/pythia-160m,pythia-160m,,0.6,6,10,0.0
causal,EleutherAI/pythia-160m,pythia-160m,,0.6,6,11,0.0
causal,EleutherAI/pythia-160m,pythia-160m,,0.6,6,12,0.0
causal,EleutherAI/pythia-160m,pythia-160m,,0.6,6,13,0.0
causal,EleutherAI/pythia-160m,pythia-160m,,0.6,6,14,0.0
causal,EleutherAI/pythia-160m,pythia-160m,,0.6,6,15,0.0
causal,EleutherAI/pythia-160m,pythia-160m,,0.6,6,16,0.0
causal,EleutherAI/pythia-160m,pythia-160m,,0.6,6,17,0.0
causal,EleutherAI/pythia-160m,pythia-160m,,0.6,6,18,0.0
causal,EleutherAI/pythia-160m,pythia-160m,,0.6,6,19,0.0
causal,EleutherAI/pythia-160m,pythia-160m,,0.6,6,20,0.0
causal,EleutherAI/pythia-160m,pythia-160m,,0.6,6,21,0.0
causal,EleutherAI/pythia-160m,pythia-160m,,0.6,6,22,0.0
causal,EleutherAI/pythia-160m,pythia-160m,,0.6,6,23,0.0
causal,EleutherAI/pythia-160m,pythia-160m,,0.6,6,24,0.0
causal,EleutherAI/pythia-160m,pythia-160m,,0.6,6,25,0.0
causal,EleutherAI/pythia-160m,pythia-160m,,0.6,6,26,0.0
causal,EleutherAI/pythia-160m,pythia-160m,,0.6,6,27,0.0
causal,EleutherAI/pythia-160m,pythia-160m,,0.6,6,28,0.0
causal,EleutherAI/pythia-160m,pythia-160m,,0.6,6,29,0.0
causal,EleutherAI/pythia-160m,pythia-160m,,0.6,6,30,0.0
causal,EleutherAI/pythia-160m,pythia-160m,,0.6,6,31,0.0
causal,EleutherAI/pythia-160m,pythia-160m,,0.6,6,32,0.0
causal,EleutherAI/pythia-160m,pythia-160m,,0.6,6,33,0.0
causal,EleutherAI/pythia-160m,pythia-160m,,0.6,6,34,0.0
causal,EleutherAI/pythia-160m,pythia-160m,,0.6,6,35,0.0
causal,EleutherAI/pythia-160m,pythia-160m,,0.6,6,36,0.0
causal,EleutherAI/pythia-160m,pythia-160m,,0.6,6,37,0.0
causal,EleutherAI/pythia-160m,pythia-160m,,0.6,6,38,0.0
causal,EleutherAI/pythia-160m,pythia-160m,,0.6,6,39,0.0
causal,EleutherAI/pythia-160m,pythia-160m,,0.6,6,40,0.0
causal,EleutherAI/pythia-160m,pythia-160m,,0.6,6,41,0.0
causal,EleutherAI/pythia-160m,pythia-160m,,0.6,6,42,0.0
causal,EleutherAI/pythia-160m,pythia-160m,,0.6,6,43,0.0
causal,EleutherAI/pythia-160m,pythia-160m,,0.6,6,44,0.0
causal,EleutherAI/pythia-160m,pythia-160m,,0.6,6,45,0.0
causal,EleutherAI/pythia-160m,pythia-160m,,0.6,6,46,0.0
causal,EleutherAI/pythia-160m,pythia-160m,,0.6,6,47,0.0
causal,EleutherAI/pythia-160m,pythia-160m,,0.6,6,48,0.0
causal,EleutherAI/pythia-160m,pythia-160m,,0.6,6,49,0.0
causal,EleutherAI/pythia-160m,pythia-160m,,0.6,6,50,0.0
causal,EleutherAI/pythia-160m,pythia-160m,,0.6,6,51,0.0
causal,EleutherAI/pythia-160m,pythia-160m,,0.6,6,52,0.0
causal,EleutherAI/pythia-160m,pythia-160m,,0.6,6,53,0.0
causal,EleutherAI/pythia-160m,pythia-160m,,0.6,6,54,0.0
causal,EleutherAI/pythia-160m,pythia-160m,,0.6,6,55,0.0
causal,EleutherAI/pythia-160m,pythia-160m,,0.6,6,56,0.0
causal,EleutherAI/pythia-160m,pythia-160m,,0.6,6,57,0.0
causal,EleutherAI/pythia-160m,pythia-160m,,0.6,6,58,0.0
causal,EleutherAI/pythia-160m,pythia-160m,,0.6,6,59,0.0
causal,EleutherAI/pythia-160m,pythia-160m,,0.6,6,60,0.0
causal,EleutherAI/pythia-160m,pythia-160m,,0.6,6,61,0.0
causal,EleutherAI/pythia-160m,pythia-160m,,0.6,6,62,0.0
causal,EleutherAI/pythia-160m,pythia-160m,,0.6,6,63,0.0
causal,EleutherAI/pythia-160m,pythia-160m,,0.6,6,64,0.0
causal,EleutherAI/pythia-160m,pythia-160m,,0.6,6,65,0.0
causal,EleutherAI/pythia-160m,pythia-160m,,0.6,6,66,0.0
causal,EleutherAI/pythia-160m,pythia-160m,,0.6,6,67,0.0
causal,EleutherAI/pythia-160m,pythia-160m,,0.6,6,68,0.0
causal,EleutherAI/pythia-160m,pythia-160m,,0.6,6,69,0.0
causal,EleutherAI/pythia-160m,pythia-160m,,0.6,6,70,0.0
causal,EleutherAI/pythia-160m,pythia-160m,,0.6,6,71,0.0
causal,EleutherAI/pythia-160m,pythia-160m,,0.6,6,72,0.0
causal,EleutherAI/pythia-160m,pythia-160m,,0.6,6,73,0.0
causal,EleutherAI/pythia-160m,pythia-160m,,0.6,6,74,0.0
causal,EleutherAI/pythia-160m,pythia-160m,,0.6,6,75,0.0
causal,EleutherAI/pythia-160m,pythia-160m,,0.6,6,76,0.0
causal,EleutherAI/pythia-160m,pythia-160m,,0.6,6,77,0.0
causal,EleutherAI/pythia-160m,pythia-160m,,0.6,6,78,0.0
causal,EleutherAI/pythia-160m,pythia-160m,,0.6,6,79,0.0
causal,EleutherAI/pythia-160m,pythia-160m,,0.6,6,80,0.0
causal,EleutherAI/pythia-160m,pythia-160m,,0.6,7,0,1.0
causal,EleutherAI/pythia-160m,pythia-160m,,0.6,7,1,17.0
causal,EleutherAI/pythia-160m,pythia-160m,,0.6,7,2,23.0
causal,EleutherAI/pythia-160m,pythia-160m,,0.6,7,3,24.0
causal,EleutherAI/pythia-160m,pythia-160m,,0.6,7,4,21.0
causal,EleutherAI/pythia-160m,pythia-160m,,0.6,7,5,30.0
causal,EleutherAI/pythia-160m,pythia-160m,,0.6,7,6,25.0
causal,EleutherAI/pythia-160m,pythia-160m,,0.6,7,7,31.0
causal,EleutherAI/pythia-160m,pythia-160m,,0.6,7,8,27.0
causal,EleutherAI/pythia-160m,pythia-160m,,0.6,7,9,26.0
causal,EleutherAI/pythia-160m,pythia-160m,,0.6,7,10,19.0
causal,EleutherAI/pythia-160m,pythia-160m,,0.6,7,11,26.0
causal,EleutherAI/pythia-160m,pythia-160m,,0.6,7,12,22.0
causal,EleutherAI/pythia-160m,pythia-160m,,0.6,7,13,24.0
causal,EleutherAI/pythia-160m,pythia-160m,,0.6,7,14,19.0
causal,EleutherAI/pythia-160m,pythia-160m,,0.6,7,15,19.0
causal,EleutherAI/pythia-160m,pythia-160m,,0.6,7,16,19.0
causal,EleutherAI/pythia-160m,pythia-160m,,0.6,7,17,21.0
causal,EleutherAI/pythia-160m,pythia-160m,,0.6,7,18,14.0
causal,EleutherAI/pythia-160m,pythia-160m,,0.6,7,19,10.0
causal,EleutherAI/pythia-160m,pythia-160m,,0.6,7,20,13.0
causal,EleutherAI/pythia-160m,pythia-160m,,0.6,7,21,12.0
causal,EleutherAI/pythia-160m,pythia-160m,,0.6,7,22,11.0
causal,EleutherAI/pythia-160m,pythia-160m,,0.6,7,23,10.0
causal,EleutherAI/pythia-160m,pythia-160m,,0.6,7,24,9.0
causal,EleutherAI/pythia-160m,pythia-160m,,0.6,7,25,6.0
causal,EleutherAI/pythia-160m,pythia-160m,,0.6,7,26,9.0
causal,EleutherAI/pythia-160m,pythia-160m,,0.6,7,27,7.0
causal,EleutherAI/pythia-160m,pythia-160m,,0.6,7,28,3.0
causal,EleutherAI/pythia-160m,pythia-160m,,0.6,7,29,7.0
causal,EleutherAI/pythia-160m,pythia-160m,,0.6,7,30,3.0
causal,EleutherAI/pythia-160m,pythia-160m,,0.6,7,31,1.0
causal,EleutherAI/pythia-160m,pythia-160m,,0.6,7,32,2.0
causal,EleutherAI/pythia-160m,pythia-160m,,0.6,7,33,1.0
causal,EleutherAI/pythia-160m,pythia-160m,,0.6,7,34,0.0
causal,EleutherAI/pythia-160m,pythia-160m,,0.6,7,35,0.0
causal,EleutherAI/pythia-160m,pythia-160m,,0.6,7,36,0.0
causal,EleutherAI/pythia-160m,pythia-160m,,0.6,7,37,0.0
causal,EleutherAI/pythia-160m,pythia-160m,,0.6,7,38,0.0
causal,EleutherAI/pythia-160m,pythia-160m,,0.6,7,39,0.0
causal,EleutherAI/pythia-160m,pythia-160m,,0.6,7,40,0.0
causal,EleutherAI/pythia-160m,pythia-160m,,0.6,7,41,0.0
causal,EleutherAI/pythia-160m,pythia-160m,,0.6,7,42,0.0
causal,EleutherAI/pythia-160m,pythia-160m,,0.6,7,43,0.0
causal,EleutherAI/pythia-160m,pythia-160m,,0.6,7,44,0.0
causal,EleutherAI/pythia-160m,pythia-160m,,0.6,7,45,0.0
causal,EleutherAI/pythia-160m,pythia-160m,,0.6,7,46,0.0
causal,EleutherAI/pythia-160m,pythia-160m,,0.6,7,47,0.0
causal,EleutherAI/pythia-160m,pythia-160m,,0.6,7,48,0.0
causal,EleutherAI/pythia-160m,pythia-160m,,0.6,7,49,0.0
causal,EleutherAI/pythia-160m,pythia-160m,,0.6,7,50,0.0
causal,EleutherAI/pythia-160m,pythia-160m,,0.6,7,51,0.0
causal,EleutherAI/pythia-160m,pythia-160m,,0.6,7,52,0.0
causal,EleutherAI/pythia-160m,pythia-160m,,0.6,7,53,0.0
causal,EleutherAI/pythia-160m,pythia-160m,,0.6,7,54,0.0
causal,EleutherAI/pythia-160m,pythia-160m,,0.6,7,55,0.0
causal,EleutherAI/pythia-160m,pythia-160m,,0.6,7,56,0.0
causal,EleutherAI/pythia-160m,pythia-160m,,0.6,7,57,0.0
causal,EleutherAI/pythia-160m,pythia-160m,,0.6,7,58,0.0
causal,EleutherAI/pythia-160m,pythia-160m,,0.6,7,59,0.0
causal,EleutherAI/pythia-160m,pythia-160m,,0.6,7,60,0.0
causal,EleutherAI/pythia-160m,pythia-160m,,0.6,7,61,0.0
causal,EleutherAI/pythia-160m,pythia-160m,,0.6,7,62,0.0
causal,EleutherAI/pythia-160m,pythia-160m,,0.6,7,63,0.0
causal,EleutherAI/pythia-160m,pythia-160m,,0.6,7,64,0.0
causal,EleutherAI/pythia-160m,pythia-160m,,0.6,7,65,0.0
causal,EleutherAI/pythia-160m,pythia-160m,,0.6,7,66,0.0
causal,EleutherAI/pythia-160m,pythia-160m,,0.6,7,67,0.0
causal,EleutherAI/pythia-160m,pythia-160m,,0.6,7,68,0.0
causal,EleutherAI/pythia-160m,pythia-160m,,0.6,7,69,0.0
causal,EleutherAI/pythia-160m,pythia-160m,,0.6,7,70,0.0
causal,EleutherAI/pythia-160m,pythia-160m,,0.6,7,71,0.0
causal,EleutherAI/pythia-160m,pythia-160m,,0.6,7,72,0.0
causal,EleutherAI/pythia-160m,pythia-160m,,0.6,7,73,0.0
causal,EleutherAI/pythia-160m,pythia-160m,,0.6,7,74,0.0
causal,EleutherAI/pythia-160m,pythia-160m,,0.6,7,75,0.0
causal,EleutherAI/pythia-160m,pythia-160m,,0.6,7,76,0.0
causal,EleutherAI/pythia-160m,pythia-160m,,0.6,7,77,0.0
causal,EleutherAI/pythia-160m,pythia-160m,,0.6,7,78,0.0
causal,EleutherAI/pythia-160m,pythia-160m,,0.6,7,79,0.0
causal,EleutherAI/pythia-160m,pythia-160m,,0.6,7,80,0.0
causal,EleutherAI/pythia-160m,pythia-160m,,1.4,0,0,1.0
causal,EleutherAI/pythia-160m,pythia-160m,,1.4,0,1,12.0
causal,EleutherAI/pythia-160m,pythia-160m,,1.4,0,2,17.0
causal,EleutherAI/pythia-160m,pythia-160m,,1.4,0,3,19.0
causal,EleutherAI/pythia-160m,pythia-160m,,1.4,0,4,17.0
causal,EleutherAI/pythia-160m,pythia-160m,,1.4,0,5,18.0
causal,EleutherAI/pythia-160m,pythia-160m,,1.4,0,6,17.0
causal,EleutherAI/pythia-160m,pythia-160m,,1.4,0,7,17.0
causal,EleutherAI/pythia-160m,pythia-160m,,1.4,0,8,18.0
causal,EleutherAI/pythia-160m,pythia-160m,,1.4,0,9,15.0
causal,EleutherAI/pythia-160m,pythia-160m,,1.4,0,10,19.0
causal,EleutherAI/pythia-160m,pythia-160m,,1.4,0,11,17.0
causal,EleutherAI/pythia-160m,pythia-160m,,1.4,0,12,16.0
causal,EleutherAI/pythia-160m,pythia-160m,,1.4,0,13,9.0
causal,EleutherAI/pythia-160m,pythia-160m,,1.4,0,14,11.0
causal,EleutherAI/pythia-160m,pythia-160m,,1.4,0,15,7.0
causal,EleutherAI/pythia-160m,pythia-160m,,1.4,0,16,6.0
causal,EleutherAI/pythia-160m,pythia-160m,,1.4,0,17,8.0
causal,EleutherAI/pythia-160m,pythia-160m,,1.4,0,18,7.0
causal,EleutherAI/pythia-160m,pythia-160m,,1.4,0,19,6.0
causal,EleutherAI/pythia-160m,pythia-160m,,1.4,0,20,6.0
causal,EleutherAI/pythia-160m,pythia-160m,,1.4,0,21,8.0
causal,EleutherAI/pythia-160m,pythia-160m,,1.4,0,22,6.0
causal,EleutherAI/pythia-160m,pythia-160m,,1.4,0,23,7.0
causal,EleutherAI/pythia-160m,pythia-160m,,1.4,0,24,2.0
causal,EleutherAI/pythia-160m,pythia-160m,,1.4,0,25,2.0
causal,EleutherAI/pythia-160m,pythia-160m,,1.4,0,26,0.0
causal,EleutherAI/pythia-160m,pythia-160m,,1.4,0,27,0.0
causal,EleutherAI/pythia-160m,pythia-160m,,1.4,0,28,0.0
causal,EleutherAI/pythia-160m,pythia-160m,,1.4,0,29,0.0
causal,EleutherAI/pythia-160m,pythia-160m,,1.4,0,30,0.0
causal,EleutherAI/pythia-160m,pythia-160m,,1.4,0,31,0.0
causal,EleutherAI/pythia-160m,pythia-160m,,1.4,0,32,0.0
causal,EleutherAI/pythia-160m,pythia-160m,,1.4,0,33,0.0
causal,EleutherAI/pythia-160m,pythia-160m,,1.4,0,34,0.0
causal,EleutherAI/pythia-160m,pythia-160m,,1.4,0,35,0.0
causal,EleutherAI/pythia-160m,pythia-160m,,1.4,0,36,0.0
causal,EleutherAI/pythia-160m,pythia-160m,,1.4,0,37,0.0
causal,EleutherAI/pythia-160m,pythia-160m,,1.4,0,38,0.0
causal,EleutherAI/pythia-160m,pythia-160m,,1.4,0,39,0.0
causal,EleutherAI/pythia-160m,pythia-160m,,1.4,0,40,0.0
causal,EleutherAI/pythia-160m,pythia-160m,,1.4,0,41,0.0
causal,EleutherAI/pythia-160m,pythia-160m,,1.4,0,42,0.0
causal,EleutherAI/pythia-160m,pythia-160m,,1.4,0,43,0.0
causal,EleutherAI/pythia-160m,pythia-160m,,1.4,0,44,0.0
causal,EleutherAI/pythia-160m,pythia-160m,,1.4,0,45,0.0
causal,EleutherAI/pythia-160m,pythia-160m,,1.4,0,46,0.0
causal,EleutherAI/pythia-160m,pythia-160m,,1.4,0,47,0.0
causal,EleutherAI/pythia-160m,pythia-160m,,1.4,0,48,0.0
causal,EleutherAI/pythia-160m,pythia-160m,,1.4,0,49,0.0
causal,EleutherAI/pythia-160m,pythia-160m,,1.4,0,50,0.0
causal,EleutherAI/pythia-160m,pythia-160m,,1.4,0,51,0.0
causal,EleutherAI/pythia-160m,pythia-160m,,1.4,0,52,0.0
causal,EleutherAI/pythia-160m,pythia-160m,,1.4,0,53,0.0
causal,EleutherAI/pythia-160m,pythia-160m,,1.4,0,54,0.0
causal,EleutherAI/pythia-160m,pythia-160m,,1.4,0,55,0.0
causal,EleutherAI/pythia-160m,pythia-160m,,1.4,0,56,0.0
causal,EleutherAI/pythia-160m,pythia-160m,,1.4,0,57,0.0
causal,EleutherAI/pythia-160m,pythia-160m,,1.4,0,58,0.0
causal,EleutherAI/pythia-160m,pythia-160m,,1.4,0,59,0.0
causal,EleutherAI/pythia-160m,pythia-160m,,1.4,0,60,0.0
causal,EleutherAI/pythia-160m,pythia-160m,,1.4,0,61,0.0
causal,EleutherAI/pythia-160m,pythia-160m,,1.4,0,62,0.0
causal,EleutherAI/pythia-160m,pythia-160m,,1.4,0,63,0.0
causal,EleutherAI/pythia-160m,pythia-160m,,1.4,0,64,0.0
causal,EleutherAI/pythia-160m,pythia-160m,,1.4,0,65,0.0
causal,EleutherAI/pythia-160m,pythia-160m,,1.4,0,66,0.0
causal,EleutherAI/pythia-160m,pythia-160m,,1.4,0,67,0.0
causal,EleutherAI/pythia-160m,pythia-160m,,1.4,0,68,0.0
causal,EleutherAI/pythia-160m,pythia-160m,,1.4,0,69,0.0
causal,EleutherAI/pythia-160m,pythia-160m,,1.4,0,70,0.0
causal,EleutherAI/pythia-160m,pythia-160m,,1.4,0,71,0.0
causal,EleutherAI/pythia-160m,pythia-160m,,1.4,0,72,0.0
causal,EleutherAI/pythia-160m,pythia-160m,,1.4,0,73,0.0
causal,EleutherAI/pythia-160m,pythia-160m,,1.4,0,74,0.0
causal,EleutherAI/pythia-160m,pythia-160m,,1.4,0,75,0.0
causal,EleutherAI/pythia-160m,pythia-160m,,1.4,0,76,0.0
causal,EleutherAI/pythia-160m,pythia-160m,,1.4,0,77,0.0
causal,EleutherAI/pythia-160m,pythia-160m,,1.4,0,78,0.0
causal,EleutherAI/pythia-160m,pythia-160m,,1.4,0,79,0.0
causal,EleutherAI/pythia-160m,pythia-160m,,1.4,0,80,0.0
causal,EleutherAI/pythia-160m,pythia-160m,,1.4,1,0,1.0
causal,EleutherAI/pythia-160m,pythia-160m,,1.4,1,1,8.0
causal,EleutherAI/pythia-160m,pythia-160m,,1.4,1,2,18.0
causal,EleutherAI/pythia-160m,pythia-160m,,1.4,1,3,15.0
causal,EleutherAI/pythia-160m,pythia-160m,,1.4,1,4,8.0
causal,EleutherAI/pythia-160m,pythia-160m,,1.4,1,5,9.0
causal,EleutherAI/pythia-160m,pythia-160m,,1.4,1,6,12.0
causal,EleutherAI/pythia-160m,pythia-160m,,1.4,1,7,13.0
causal,EleutherAI/pythia-160m,pythia-160m,,1.4,1,8,14.0
causal,EleutherAI/pythia-160m,pythia-160m,,1.4,1,9,15.0
causal,EleutherAI/pythia-160m,pythia-160m,,1.4,1,10,14.0
causal,EleutherAI/pythia-160m,pythia-160m,,1.4,1,11,12.0
causal,EleutherAI/pythia-160m,pythia-160m,,1.4,1,12,11.0
causal,EleutherAI/pythia-160m,pythia-160m,,1.4,1,13,6.0
causal,EleutherAI/pythia-160m,pythia-160m,,1.4,1,14,4.0
causal,EleutherAI/pythia-160m,pythia-160m,,1.4,1,15,7.0
causal,EleutherAI/pythia-160m,pythia-160m,,1.4,1,16,5.0
causal,EleutherAI/pythia-160m,pythia-160m,,1.4,1,17,6.0
causal,EleutherAI/pythia-160m,pythia-160m,,1.4,1,18,2.0
causal,EleutherAI/pythia-160m,pythia-160m,,1.4,1,19,0.0
causal,EleutherAI/pythia-160m,pythia-160m,,1.4,1,20,0.0
causal,EleutherAI/pythia-160m,pythia-160m,,1.4,1,21,0.0
causal,EleutherAI/pythia-160m,pythia-160m,,1.4,1,22,0.0
causal,EleutherAI/pythia-160m,pythia-160m,,1.4,1,23,0.0
causal,EleutherAI/pythia-160m,pythia-160m,,1.4,1,24,0.0
causal,EleutherAI/pythia-160m,pythia-160m,,1.4,1,25,0.0
causal,EleutherAI/pythia-160m,pythia-160m,,1.4,1,26,0.0
causal,EleutherAI/pythia-160m,pythia-160m,,1.4,1,27,0.0
causal,EleutherAI/pythia-160m,pythia-160m,,1.4,1,28,0.0
causal,EleutherAI/pythia-160m,pythia-160m,,1.4,1,29,0.0
causal,EleutherAI/pythia-160m,pythia-160m,,1.4,1,30,0.0
causal,EleutherAI/pythia-160m,pythia-160m,,1.4,1,31,0.0
causal,EleutherAI/pythia-160m,pythia-160m,,1.4,1,32,0.0
causal,EleutherAI/pythia-160m,pythia-160m,,1.4,1,33,0.0
causal,EleutherAI/pythia-160m,pythia-160m,,1.4,1,34,0.0
causal,EleutherAI/pythia-160m,pythia-160m,,1.4,1,35,0.0
causal,EleutherAI/pythia-160m,pythia-160m,,1.4,1,36,0.0
causal,EleutherAI/pythia-160m,pythia-160m,,1.4,1,37,0.0
causal,EleutherAI/pythia-160m,pythia-160m,,1.4,1,38,0.0
causal,EleutherAI/pythia-160m,pythia-160m,,1.4,1,39,0.0
causal,EleutherAI/pythia-160m,pythia-160m,,1.4,1,40,0.0
causal,EleutherAI/pythia-160m,pythia-160m,,1.4,1,41,0.0
causal,EleutherAI/pythia-160m,pythia-160m,,1.4,1,42,0.0
causal,EleutherAI/pythia-160m,pythia-160m,,1.4,1,43,0.0
causal,EleutherAI/pythia-160m,pythia-160m,,1.4,1,44,0.0
causal,EleutherAI/pythia-160m,pythia-160m,,1.4,1,45,0.0
causal,EleutherAI/pythia-160m,pythia-160m,,1.4,1,46,0.0
causal,EleutherAI/pythia-160m,pythia-160m,,1.4,1,47,0.0
causal,EleutherAI/pythia-160m,pythia-160m,,1.4,1,48,0.0
causal,EleutherAI/pythia-160m,pythia-160m,,1.4,1,49,0.0
causal,EleutherAI/pythia-160m,pythia-160m,,1.4,1,50,0.0
causal,EleutherAI/pythia-160m,pythia-160m,,1.4,1,51,0.0
causal,EleutherAI/pythia-160m,pythia-160m,,1.4,1,52,0.0
causal,EleutherAI/pythia-160m,pythia-160m,,1.4,1,53,0.0
causal,EleutherAI/pythia-160m,pythia-160m,,1.4,1,54,0.0
causal,EleutherAI/pythia-160m,pythia-160m,,1.4,1,55,0.0
causal,EleutherAI/pythia-160m,pythia-160m,,1.4,1,56,0.0
causal,EleutherAI/pythia-160m,pythia-160m,,1.4,1,57,0.0
causal,EleutherAI/pythia-160m,pythia-160m,,1.4,1,58,0.0
causal,EleutherAI/pythia-160m,pythia-160m,,1.4,1,59,0.0
causal,EleutherAI/pythia-160m,pythia-160m,,1.4,1,60,0.0
causal,EleutherAI/pythia-160m,pythia-160m,,1.4,1,61,0.0
causal,EleutherAI/pythia-160m,pythia-160m,,1.4,1,62,0.0
causal,EleutherAI/pythia-160m,pythia-160m,,1.4,1,63,0.0
causal,EleutherAI/pythia-160m,pythia-160m,,1.4,1,64,0.0
causal,EleutherAI/pythia-160m,pythia-160m,,1.4,1,65,0.0
causal,EleutherAI/pythia-160m,pythia-160m,,1.4,1,66,0.0
causal,EleutherAI/pythia-160m,pythia-160m,,1.4,1,67,0.0
causal,EleutherAI/pythia-160m,pythia-160m,,1.4,1,68,0.0
causal,EleutherAI/pythia-160m,pythia-160m,,1.4,1,69,0.0
causal,EleutherAI/pythia-160m,pythia-160m,,1.4,1,70,0.0
causal,EleutherAI/pythia-160m,pythia-160m,,1.4,1,71,0.0
causal,EleutherAI/pythia-160m,pythia-160m,,1.4,1,72,0.0
causal,EleutherAI/pythia-160m,pythia-160m,,1.4,1,73,0.0
causal,EleutherAI/pythia-160m,pythia-160m,,1.4,1,74,0.0
causal,EleutherAI/pythia-160m,pythia-160m,,1.4,1,75,0.0
causal,EleutherAI/pythia-160m,pythia-160m,,1.4,1,76,0.0
causal,EleutherAI/pythia-160m,pythia-160m,,1.4,1,77,0.0
causal,EleutherAI/pythia-160m,pythia-160m,,1.4,1,78,0.0
causal,EleutherAI/pythia-160m,pythia-160m,,1.4,1,79,0.0
causal,EleutherAI/pythia-160m,pythia-160m,,1.4,1,80,0.0
causal,EleutherAI/pythia-160m,pythia-160m,,1.4,2,0,1.0
causal,EleutherAI/pythia-160m,pythia-160m,,1.4,2,1,3.0
causal,EleutherAI/pythia-160m,pythia-160m,,1.4,2,2,3.0
causal,EleutherAI/pythia-160m,pythia-160m,,1.4,2,3,7.0
causal,EleutherAI/pythia-160m,pythia-160m,,1.4,2,4,9.0
causal,EleutherAI/pythia-160m,pythia-160m,,1.4,2,5,6.0
causal,EleutherAI/pythia-160m,pythia-160m,,1.4,2,6,3.0
causal,EleutherAI/pythia-160m,pythia-160m,,1.4,2,7,3.0
causal,EleutherAI/pythia-160m,pythia-160m,,1.4,2,8,2.0
causal,EleutherAI/pythia-160m,pythia-160m,,1.4,2,9,3.0
causal,EleutherAI/pythia-160m,pythia-160m,,1.4,2,10,3.0
causal,EleutherAI/pythia-160m,pythia-160m,,1.4,2,11,3.0
causal,EleutherAI/pythia-160m,pythia-160m,,1.4,2,12,0.0
causal,EleutherAI/pythia-160m,pythia-160m,,1.4,2,13,0.0
causal,EleutherAI/pythia-160m,pythia-160m,,1.4,2,14,0.0
causal,EleutherAI/pythia-160m,pythia-160m,,1.4,2,15,0.0
causal,EleutherAI/pythia-160m,pythia-160m,,1.4,2,16,0.0
causal,EleutherAI/pythia-160m,pythia-160m,,1.4,2,17,0.0
causal,EleutherAI/pythia-160m,pythia-160m,,1.4,2,18,0.0
causal,EleutherAI/pythia-160m,pythia-160m,,1.4,2,19,0.0
causal,EleutherAI/pythia-160m,pythia-160m,,1.4,2,20,0.0
causal,EleutherAI/pythia-160m,pythia-160m,,1.4,2,21,0.0
causal,EleutherAI/pythia-160m,pythia-160m,,1.4,2,22,0.0
causal,EleutherAI/pythia-160m,pythia-160m,,1.4,2,23,0.0
causal,EleutherAI/pythia-160m,pythia-160m,,1.4,2,24,0.0
causal,EleutherAI/pythia-160m,pythia-160m,,1.4,2,25,0.0
causal,EleutherAI/pythia-160m,pythia-160m,,1.4,2,26,0.0
causal,EleutherAI/pythia-160m,pythia-160m,,1.4,2,27,0.0
causal,EleutherAI/pythia-160m,pythia-160m,,1.4,2,28,0.0
causal,EleutherAI/pythia-160m,pythia-160m,,1.4,2,29,0.0
causal,EleutherAI/pythia-160m,pythia-160m,,1.4,2,30,0.0
causal,EleutherAI/pythia-160m,pythia-160m,,1.4,2,31,0.0
causal,EleutherAI/pythia-160m,pythia-160m,,1.4,2,32,0.0
causal,EleutherAI/pythia-160m,pythia-160m,,1.4,2,33,0.0
causal,EleutherAI/pythia-160m,pythia-160m,,1.4,2,34,0.0
causal,EleutherAI/pythia-160m,pythia-160m,,1.4,2,35,0.0
causal,EleutherAI/pythia-160m,pythia-160m,,1.4,2,36,0.0
causal,EleutherAI/pythia-160m,pythia-160m,,1.4,2,37,0.0
causal,EleutherAI/pythia-160m,pythia-160m,,1.4,2,38,0.0
causal,EleutherAI/pythia-160m,pythia-160m,,1.4,2,39,0.0
causal,EleutherAI/pythia-160m,pythia-160m,,1.4,2,40,0.0
causal,EleutherAI/pythia-160m,pythia-160m,,1.4,2,41,0.0
causal,EleutherAI/pythia-160m,pythia-160m,,1.4,2,42,0.0
causal,EleutherAI/pythia-160m,pythia-160m,,1.4,2,43,0.0
causal,EleutherAI/pythia-160m,pythia-160m,,1.4,2,44,0.0
causal,EleutherAI/pythia-160m,pythia-160m,,1.4,2,45,0.0
causal,EleutherAI/pythia-160m,pythia-160m,,1.4,2,46,0.0
causal,EleutherAI/pythia-160m,pythia-160m,,1.4,2,47,0.0
causal,EleutherAI/pythia-160m,pythia-160m,,1.4,2,48,0.0
causal,EleutherAI/pythia-160m,pythia-160m,,1.4,2,49,0.0
causal,EleutherAI/pythia-160m,pythia-160m,,1.4,2,50,0.0
causal,EleutherAI/pythia-160m,pythia-160m,,1.4,2,51,0.0
causal,EleutherAI/pythia-160m,pythia-160m,,1.4,2,52,0.0
causal,EleutherAI/pythia-160m,pythia-160m,,1.4,2,53,0.0
causal,EleutherAI/pythia-160m,pythia-160m,,1.4,2,54,0.0
causal,EleutherAI/pythia-160m,pythia-160m,,1.4,2,55,0.0
causal,EleutherAI/pythia-160m,pythia-160m,,1.4,2,56,0.0
causal,EleutherAI/pythia-160m,pythia-160m,,1.4,2,57,0.0
causal,EleutherAI/pythia-160m,pythia-160m,,1.4,2,58,0.0
causal,EleutherAI/pythia-160m,pythia-160m,,1.4,2,59,0.0
causal,EleutherAI/pythia-160m,pythia-160m,,1.4,2,60,0.0
causal,EleutherAI/pythia-160m,pythia-160m,,1.4,2,61,0.0
causal,EleutherAI/pythia-160m,pythia-160m,,1.4,2,62,0.0
causal,EleutherAI/pythia-160m,pythia-160m,,1.4,2,63,0.0
causal,EleutherAI/pythia-160m,pythia-160m,,1.4,2,64,0.0
causal,EleutherAI/pythia-160m,pythia-160m,,1.4,2,65,0.0
causal,EleutherAI/pythia-160m,pythia-160m,,1.4,2,66,0.0
causal,EleutherAI/pythia-160m,pythia-160m,,1.4,2,67,0.0
causal,EleutherAI/pythia-160m,pythia-160m,,1.4,2,68,0.0
causal,EleutherAI/pythia-160m,pythia-160m,,1.4,2,69,0.0
causal,EleutherAI/pythia-160m,pythia-160m,,1.4,2,70,0.0
causal,EleutherAI/pythia-160m,pythia-160m,,1.4,2,71,0.0
causal,EleutherAI/pythia-160m,pythia-160m,,1.4,2,72,0.0
causal,EleutherAI/pythia-160m,pythia-160m,,1.4,2,73,0.0
causal,EleutherAI/pythia-160m,pythia-160m,,1.4,2,74,0.0
causal,EleutherAI/pythia-160m,pythia-160m,,1.4,2,75,0.0
causal,EleutherAI/pythia-160m,pythia-160m,,1.4,2,76,0.0
causal,EleutherAI/pythia-160m,pythia-160m,,1.4,2,77,0.0
causal,EleutherAI/pythia-160m,pythia-160m,,1.4,2,78,0.0
causal,EleutherAI/pythia-160m,pythia-160m,,1.4,2,79,0.0
causal,EleutherAI/pythia-160m,pythia-160m,,1.4,2,80,0.0
causal,EleutherAI/pythia-160m,pythia-160m,,1.4,3,0,1.0
causal,EleutherAI/pythia-160m,pythia-160m,,1.4,3,1,8.0
causal,EleutherAI/pythia-160m,pythia-160m,,1.4,3,2,8.0
causal,EleutherAI/pythia-160m,pythia-160m,,1.4,3,3,8.0
causal,EleutherAI/pythia-160m,pythia-160m,,1.4,3,4,4.0
causal,EleutherAI/pythia-160m,pythia-160m,,1.4,3,5,4.0
causal,EleutherAI/pythia-160m,pythia-160m,,1.4,3,6,3.0
causal,EleutherAI/pythia-160m,pythia-160m,,1.4,3,7,1.0
causal,EleutherAI/pythia-160m,pythia-160m,,1.4,3,8,0.0
causal,EleutherAI/pythia-160m,pythia-160m,,1.4,3,9,0.0
causal,EleutherAI/pythia-160m,pythia-160m,,1.4,3,10,0.0
causal,EleutherAI/pythia-160m,pythia-160m,,1.4,3,11,0.0
causal,EleutherAI/pythia-160m,pythia-160m,,1.4,3,12,0.0
causal,EleutherAI/pythia-160m,pythia-160m,,1.4,3,13,0.0
causal,EleutherAI/pythia-160m,pythia-160m,,1.4,3,14,0.0
causal,EleutherAI/pythia-160m,pythia-160m,,1.4,3,15,0.0
causal,EleutherAI/pythia-160m,pythia-160m,,1.4,3,16,0.0
causal,EleutherAI/pythia-160m,pythia-160m,,1.4,3,17,0.0
causal,EleutherAI/pythia-160m,pythia-160m,,1.4,3,18,0.0
causal,EleutherAI/pythia-160m,pythia-160m,,1.4,3,19,0.0
causal,EleutherAI/pythia-160m,pythia-160m,,1.4,3,20,0.0
causal,EleutherAI/pythia-160m,pythia-160m,,1.4,3,21,0.0
causal,EleutherAI/pythia-160m,pythia-160m,,1.4,3,22,0.0
causal,EleutherAI/pythia-160m,pythia-160m,,1.4,3,23,0.0
causal,EleutherAI/pythia-160m,pythia-160m,,1.4,3,24,0.0
causal,EleutherAI/pythia-160m,pythia-160m,,1.4,3,25,0.0
causal,EleutherAI/pythia-160m,pythia-160m,,1.4,3,26,0.0
causal,EleutherAI/pythia-160m,pythia-160m,,1.4,3,27,0.0
causal,EleutherAI/pythia-160m,pythia-160m,,1.4,3,28,0.0
causal,EleutherAI/pythia-160m,pythia-160m,,1.4,3,29,0.0
causal,EleutherAI/pythia-160m,pythia-160m,,1.4,3,30,0.0
causal,EleutherAI/pythia-160m,pythia-160m,,1.4,3,31,0.0
causal,EleutherAI/pythia-160m,pythia-160m,,1.4,3,32,0.0
causal,EleutherAI/pythia-160m,pythia-160m,,1.4,3,33,0.0
causal,EleutherAI/pythia-160m,pythia-160m,,1.4,3,34,0.0
causal,EleutherAI/pythia-160m,pythia-160m,,1.4,3,35,0.0
causal,EleutherAI/pythia-160m,pythia-160m,,1.4,3,36,0.0
causal,EleutherAI/pythia-160m,pythia-160m,,1.4,3,37,0.0
causal,EleutherAI/pythia-160m,pythia-160m,,1.4,3,38,0.0
causal,EleutherAI/pythia-160m,pythia-160m,,1.4,3,39,0.0
causal,EleutherAI/pythia-160m,pythia-160m,,1.4,3,40,0.0
causal,EleutherAI/pythia-160m,pythia-160m,,1.4,3,41,0.0
causal,EleutherAI/pythia-160m,pythia-160m,,1.4,3,42,0.0
causal,EleutherAI/pythia-160m,pythia-160m,,1.4,3,43,0.0
causal,EleutherAI/pythia-160m,pythia-160m,,1.4,3,44,0.0
causal,EleutherAI/pythia-160m,pythia-160m,,1.4,3,45,0.0
causal,EleutherAI/pythia-160m,pythia-160m,,1.4,3,46,0.0
causal,EleutherAI/pythia-160m,pythia-160m,,1.4,3,47,0.0
causal,EleutherAI/pythia-160m,pythia-160m,,1.4,3,48,0.0
causal,EleutherAI/pythia-160m,pythia-160m,,1.4,3,49,0.0
causal,EleutherAI/pythia-160m,pythia-160m,,1.4,3,50,0.0
causal,EleutherAI/pythia-160m,pythia-160m,,1.4,3,51,0.0
causal,EleutherAI/pythia-160m,pythia-160m,,1.4,3,52,0.0
causal,EleutherAI/pythia-160m,pythia-160m,,1.4,3,53,0.0
causal,EleutherAI/pythia-160m,pythia-160m,,1.4,3,54,0.0
causal,EleutherAI/pythia-160m,pythia-160m,,1.4,3,55,0.0
causal,EleutherAI/pythia-160m,pythia-160m,,1.4,3,56,0.0
causal,EleutherAI/pythia-160m,pythia-160m,,1.4,3,57,0.0
causal,EleutherAI/pythia-160m,pythia-160m,,1.4,3,58,0.0
causal,EleutherAI/pythia-160m,pythia-160m,,1.4,3,59,0.0
causal,EleutherAI/pythia-160m,pythia-160m,,1.4,3,60,0.0
causal,EleutherAI/pythia-160m,pythia-160m,,1.4,3,61,0.0
causal,EleutherAI/pythia-160m,pythia-160m,,1.4,3,62,0.0
causal,EleutherAI/pythia-160m,pythia-160m,,1.4,3,63,0.0
causal,EleutherAI/pythia-160m,pythia-160m,,1.4,3,64,0.0
causal,EleutherAI/pythia-160m,pythia-160m,,1.4,3,65,0.0
causal,EleutherAI/pythia-160m,pythia-160m,,1.4,3,66,0.0
causal,EleutherAI/pythia-160m,pythia-160m,,1.4,3,67,0.0
causal,EleutherAI/pythia-160m,pythia-160m,,1.4,3,68,0.0
causal,EleutherAI/pythia-160m,pythia-160m,,1.4,3,69,0.0
causal,EleutherAI/pythia-160m,pythia-160m,,1.4,3,70,0.0
causal,EleutherAI/pythia-160m,pythia-160m,,1.4,3,71,0.0
causal,EleutherAI/pythia-160m,pythia-160m,,1.4,3,72,0.0
causal,EleutherAI/pythia-160m,pythia-160m,,1.4,3,73,0.0
causal,EleutherAI/pythia-160m,pythia-160m,,1.4,3,74,0.0
causal,EleutherAI/pythia-160m,pythia-160m,,1.4,3,75,0.0
causal,EleutherAI/pythia-160m,pythia-160m,,1.4,3,76,0.0
causal,EleutherAI/pythia-160m,pythia-160m,,1.4,3,77,0.0
causal,EleutherAI/pythia-160m,pythia-160m,,1.4,3,78,0.0
causal,EleutherAI/pythia-160m,pythia-160m,,1.4,3,79,0.0
causal,EleutherAI/pythia-160m,pythia-160m,,1.4,3,80,0.0
causal,EleutherAI/pythia-160m,pythia-160m,,1.4,4,0,1.0
causal,EleutherAI/pythia-160m,pythia-160m,,1.4,4,1,1.0
causal,EleutherAI/pythia-160m,pythia-160m,,1.4,4,2,0.0
causal,EleutherAI/pythia-160m,pythia-160m,,1.4,4,3,0.0
causal,EleutherAI/pythia-160m,pythia-160m,,1.4,4,4,0.0
causal,EleutherAI/pythia-160m,pythia-160m,,1.4,4,5,0.0
causal,EleutherAI/pythia-160m,pythia-160m,,1.4,4,6,0.0
causal,EleutherAI/pythia-160m,pythia-160m,,1.4,4,7,0.0
causal,EleutherAI/pythia-160m,pythia-160m,,1.4,4,8,0.0
causal,EleutherAI/pythia-160m,pythia-160m,,1.4,4,9,0.0
causal,EleutherAI/pythia-160m,pythia-160m,,1.4,4,10,0.0
causal,EleutherAI/pythia-160m,pythia-160m,,1.4,4,11,0.0
causal,EleutherAI/pythia-160m,pythia-160m,,1.4,4,12,0.0
causal,EleutherAI/pythia-160m,pythia-160m,,1.4,4,13,0.0
causal,EleutherAI/pythia-160m,pythia-160m,,1.4,4,14,0.0
causal,EleutherAI/pythia-160m,pythia-160m,,1.4,4,15,0.0
causal,EleutherAI/pythia-160m,pythia-160m,,1.4,4,16,0.0
causal,EleutherAI/pythia-160m,pythia-160m,,1.4,4,17,0.0
causal,EleutherAI/pythia-160m,pythia-160m,,1.4,4,18,0.0
causal,EleutherAI/pythia-160m,pythia-160m,,1.4,4,19,0.0
causal,EleutherAI/pythia-160m,pythia-160m,,1.4,4,20,0.0
causal,EleutherAI/pythia-160m,pythia-160m,,1.4,4,21,0.0
causal,EleutherAI/pythia-160m,pythia-160m,,1.4,4,22,0.0
causal,EleutherAI/pythia-160m,pythia-160m,,1.4,4,23,0.0
causal,EleutherAI/pythia-160m,pythia-160m,,1.4,4,24,0.0
causal,EleutherAI/pythia-160m,pythia-160m,,1.4,4,25,0.0
causal,EleutherAI/pythia-160m,pythia-160m,,1.4,4,26,0.0
causal,EleutherAI/pythia-160m,pythia-160m,,1.4,4,27,0.0
causal,EleutherAI/pythia-160m,pythia-160m,,1.4,4,28,0.0
causal,EleutherAI/pythia-160m,pythia-160m,,1.4,4,29,0.0
causal,EleutherAI/pythia-160m,pythia-160m,,1.4,4,30,0.0
causal,EleutherAI/pythia-160m,pythia-160m,,1.4,4,31,0.0
causal,EleutherAI/pythia-160m,pythia-160m,,1.4,4,32,0.0
causal,EleutherAI/pythia-160m,pythia-160m,,1.4,4,33,0.0
causal,EleutherAI/pythia-160m,pythia-160m,,1.4,4,34,0.0
causal,EleutherAI/pythia-160m,pythia-160m,,1.4,4,35,0.0
causal,EleutherAI/pythia-160m,pythia-160m,,1.4,4,36,0.0
causal,EleutherAI/pythia-160m,pythia-160m,,1.4,4,37,0.0
causal,EleutherAI/pythia-160m,pythia-160m,,1.4,4,38,0.0
causal,EleutherAI/pythia-160m,pythia-160m,,1.4,4,39,0.0
causal,EleutherAI/pythia-160m,pythia-160m,,1.4,4,40,0.0
causal,EleutherAI/pythia-160m,pythia-160m,,1.4,4,41,0.0
causal,EleutherAI/pythia-160m,pythia-160m,,1.4,4,42,0.0
causal,EleutherAI/pythia-160m,pythia-160m,,1.4,4,43,0.0
causal,EleutherAI/pythia-160m,pythia-160m,,1.4,4,44,0.0
causal,EleutherAI/pythia-160m,pythia-160m,,1.4,4,45,0.0
causal,EleutherAI/pythia-160m,pythia-160m,,1.4,4,46,0.0
causal,EleutherAI/pythia-160m,pythia-160m,,1.4,4,47,0.0
causal,EleutherAI/pythia-160m,pythia-160m,,1.4,4,48,0.0
causal,EleutherAI/pythia-160m,pythia-160m,,1.4,4,49,0.0
causal,EleutherAI/pythia-160m,pythia-160m,,1.4,4,50,0.0
causal,EleutherAI/pythia-160m,pythia-160m,,1.4,4,51,0.0
causal,EleutherAI/pythia-160m,pythia-160m,,1.4,4,52,0.0
causal,EleutherAI/pythia-160m,pythia-160m,,1.4,4,53,0.0
causal,EleutherAI/pythia-160m,pythia-160m,,1.4,4,54,0.0
causal,EleutherAI/pythia-160m,pythia-160m,,1.4,4,55,0.0
causal,EleutherAI/pythia-160m,pythia-160m,,1.4,4,56,0.0
causal,EleutherAI/pythia-160m,pythia-160m,,1.4,4,57,0.0
causal,EleutherAI/pythia-160m,pythia-160m,,1.4,4,58,0.0
causal,EleutherAI/pythia-160m,pythia-160m,,1.4,4,59,0.0
causal,EleutherAI/pythia-160m,pythia-160m,,1.4,4,60,0.0
causal,EleutherAI/pythia-160m,pythia-160m,,1.4,4,61,0.0
causal,EleutherAI/pythia-160m,pythia-160m,,1.4,4,62,0.0
causal,EleutherAI/pythia-160m,pythia-160m,,1.4,4,63,0.0
causal,EleutherAI/pythia-160m,pythia-160m,,1.4,4,64,0.0
causal,EleutherAI/pythia-160m,pythia-160m,,1.4,4,65,0.0
causal,EleutherAI/pythia-160m,pythia-160m,,1.4,4,66,0.0
causal,EleutherAI/pythia-160m,pythia-160m,,1.4,4,67,0.0
causal,EleutherAI/pythia-160m,pythia-160m,,1.4,4,68,0.0
causal,EleutherAI/pythia-160m,pythia-160m,,1.4,4,69,0.0
causal,EleutherAI/pythia-160m,pythia-160m,,1.4,4,70,0.0
causal,EleutherAI/pythia-160m,pythia-160m,,1.4,4,71,0.0
causal,EleutherAI/pythia-160m,pythia-160m,,1.4,4,72,0.0
causal,EleutherAI/pythia-160m,pythia-160m,,1.4,4,73,0.0
causal,EleutherAI/pythia-160m,pythia-160m,,1.4,4,74,0.0
causal,EleutherAI/pythia-160m,pythia-160m,,1.4,4,75,0.0
causal,EleutherAI/pythia-160m,pythia-160m,,1.4,4,76,0.0
causal,EleutherAI/pythia-160m,pythia-160m,,1.4,4,77,0.0
causal,EleutherAI/pythia-160m,pythia-160m,,1.4,4,78,0.0
causal,EleutherAI/pythia-160m,pythia-160m,,1.4,4,79,0.0
causal,EleutherAI/pythia-160m,pythia-160m,,1.4,4,80,0.0
causal,EleutherAI/pythia-160m,pythia-160m,,1.4,5,0,1.0
causal,EleutherAI/pythia-160m,pythia-160m,,1.4,5,1,4.0
causal,EleutherAI/pythia-160m,pythia-160m,,1.4,5,2,5.0
causal,EleutherAI/pythia-160m,pythia-160m,,1.4,5,3,5.0
causal,EleutherAI/pythia-160m,pythia-160m,,1.4,5,4,3.0
causal,EleutherAI/pythia-160m,pythia-160m,,1.4,5,5,2.0
causal,EleutherAI/pythia-160m,pythia-160m,,1.4,5,6,0.0
causal,EleutherAI/pythia-160m,pythia-160m,,1.4,5,7,0.0
causal,EleutherAI/pythia-160m,pythia-160m,,1.4,5,8,0.0
causal,EleutherAI/pythia-160m,pythia-160m,,1.4,5,9,0.0
causal,EleutherAI/pythia-160m,pythia-160m,,1.4,5,10,0.0
causal,EleutherAI/pythia-160m,pythia-160m,,1.4,5,11,0.0
causal,EleutherAI/pythia-160m,pythia-160m,,1.4,5,12,0.0
causal,EleutherAI/pythia-160m,pythia-160m,,1.4,5,13,0.0
causal,EleutherAI/pythia-160m,pythia-160m,,1.4,5,14,0.0
causal,EleutherAI/pythia-160m,pythia-160m,,1.4,5,15,0.0
causal,EleutherAI/pythia-160m,pythia-160m,,1.4,5,16,0.0
causal,EleutherAI/pythia-160m,pythia-160m,,1.4,5,17,0.0
causal,EleutherAI/pythia-160m,pythia-160m,,1.4,5,18,0.0
causal,EleutherAI/pythia-160m,pythia-160m,,1.4,5,19,0.0
causal,EleutherAI/pythia-160m,pythia-160m,,1.4,5,20,0.0
causal,EleutherAI/pythia-160m,pythia-160m,,1.4,5,21,0.0
causal,EleutherAI/pythia-160m,pythia-160m,,1.4,5,22,0.0
causal,EleutherAI/pythia-160m,pythia-160m,,1.4,5,23,0.0
causal,EleutherAI/pythia-160m,pythia-160m,,1.4,5,24,0.0
causal,EleutherAI/pythia-160m,pythia-160m,,1.4,5,25,0.0
causal,EleutherAI/pythia-160m,pythia-160m,,1.4,5,26,0.0
causal,EleutherAI/pythia-160m,pythia-160m,,1.4,5,27,0.0
causal,EleutherAI/pythia-160m,pythia-160m,,1.4,5,28,0.0
causal,EleutherAI/pythia-160m,pythia-160m,,1.4,5,29,0.0
causal,EleutherAI/pythia-160m,pythia-160m,,1.4,5,30,0.0
causal,EleutherAI/pythia-160m,pythia-160m,,1.4,5,31,0.0
causal,EleutherAI/pythia-160m,pythia-160m,,1.4,5,32,0.0
causal,EleutherAI/pythia-160m,pythia-160m,,1.4,5,33,0.0
causal,EleutherAI/pythia-160m,pythia-160m,,1.4,5,34,0.0
causal,EleutherAI/pythia-160m,pythia-160m,,1.4,5,35,0.0
causal,EleutherAI/pythia-160m,pythia-160m,,1.4,5,36,0.0
causal,EleutherAI/pythia-160m,pythia-160m,,1.4,5,37,0.0
causal,EleutherAI/pythia-160m,pythia-160m,,1.4,5,38,0.0
causal,EleutherAI/pythia-160m,pythia-160m,,1.4,5,39,0.0
causal,EleutherAI/pythia-160m,pythia-160m,,1.4,5,40,0.0
causal,EleutherAI/pythia-160m,pythia-160m,,1.4,5,41,0.0
causal,EleutherAI/pythia-160m,pythia-160m,,1.4,5,42,0.0
causal,EleutherAI/pythia-160m,pythia-160m,,1.4,5,43,0.0
causal,EleutherAI/pythia-160m,pythia-160m,,1.4,5,44,0.0
causal,EleutherAI/pythia-160m,pythia-160m,,1.4,5,45,0.0
causal,EleutherAI/pythia-160m,pythia-160m,,1.4,5,46,0.0
causal,EleutherAI/pythia-160m,pythia-160m,,1.4,5,47,0.0
causal,EleutherAI/pythia-160m,pythia-160m,,1.4,5,48,0.0
causal,EleutherAI/pythia-160m,pythia-160m,,1.4,5,49,0.0
causal,EleutherAI/pythia-160m,pythia-160m,,1.4,5,50,0.0
causal,EleutherAI/pythia-160m,pythia-160m,,1.4,5,51,0.0
causal,EleutherAI/pythia-160m,pythia-160m,,1.4,5,52,0.0
causal,EleutherAI/pythia-160m,pythia-160m,,1.4,5,53,0.0
causal,EleutherAI/pythia-160m,pythia-160m,,1.4,5,54,0.0
causal,EleutherAI/pythia-160m,pythia-160m,,1.4,5,55,0.0
causal,EleutherAI/pythia-160m,pythia-160m,,1.4,5,56,0.0
causal,EleutherAI/pythia-160m,pythia-160m,,1.4,5,57,0.0
causal,EleutherAI/pythia-160m,pythia-160m,,1.4,5,58,0.0
causal,EleutherAI/pythia-160m,pythia-160m,,1.4,5,59,0.0
causal,EleutherAI/pythia-160m,pythia-160m,,1.4,5,60,0.0
causal,EleutherAI/pythia-160m,pythia-160m,,1.4,5,61,0.0
causal,EleutherAI/pythia-160m,pythia-160m,,1.4,5,62,0.0
causal,EleutherAI/pythia-160m,pythia-160m,,1.4,5,63,0.0
causal,EleutherAI/pythia-160m,pythia-160m,,1.4,5,64,0.0
causal,EleutherAI/pythia-160m,pythia-160m,,1.4,5,65,0.0
causal,EleutherAI/pythia-160m,pythia-160m,,1.4,5,66,0.0
causal,EleutherAI/pythia-160m,pythia-160m,,1.4,5,67,0.0
causal,EleutherAI/pythia-160m,pythia-160m,,1.4,5,68,0.0
causal,EleutherAI/pythia-160m,pythia-160m,,1.4,5,69,0.0
causal,EleutherAI/pythia-160m,pythia-160m,,1.4,5,70,0.0
causal,EleutherAI/pythia-160m,pythia-160m,,1.4,5,71,0.0
causal,EleutherAI/pythia-160m,pythia-160m,,1.4,5,72,0.0
causal,EleutherAI/pythia-160m,pythia-160m,,1.4,5,73,0.0
causal,EleutherAI/pythia-160m,pythia-160m,,1.4,5,74,0.0
causal,EleutherAI/pythia-160m,pythia-160m,,1.4,5,75,0.0
causal,EleutherAI/pythia-160m,pythia-160m,,1.4,5,76,0.0
causal,EleutherAI/pythia-160m,pythia-160m,,1.4,5,77,0.0
causal,EleutherAI/pythia-160m,pythia-160m,,1.4,5,78,0.0
causal,EleutherAI/pythia-160m,pythia-160m,,1.4,5,79,0.0
causal,EleutherAI/pythia-160m,pythia-160m,,1.4,5,80,0.0
causal,EleutherAI/pythia-160m,pythia-160m,,1.4,6,0,1.0
causal,EleutherAI/pythia-160m,pythia-160m,,1.4,6,1,0.0
causal,EleutherAI/pythia-160m,pythia-160m,,1.4,6,2,0.0
causal,EleutherAI/pythia-160m,pythia-160m,,1.4,6,3,0.0
causal,EleutherAI/pythia-160m,pythia-160m,,1.4,6,4,0.0
causal,EleutherAI/pythia-160m,pythia-160m,,1.4,6,5,0.0
causal,EleutherAI/pythia-160m,pythia-160m,,1.4,6,6,0.0
causal,EleutherAI/pythia-160m,pythia-160m,,1.4,6,7,0.0
causal,EleutherAI/pythia-160m,pythia-160m,,1.4,6,8,0.0
causal,EleutherAI/pythia-160m,pythia-160m,,1.4,6,9,0.0
causal,EleutherAI/pythia-160m,pythia-160m,,1.4,6,10,0.0
causal,EleutherAI/pythia-160m,pythia-160m,,1.4,6,11,0.0
causal,EleutherAI/pythia-160m,pythia-160m,,1.4,6,12,0.0
causal,EleutherAI/pythia-160m,pythia-160m,,1.4,6,13,0.0
causal,EleutherAI/pythia-160m,pythia-160m,,1.4,6,14,0.0
causal,EleutherAI/pythia-160m,pythia-160m,,1.4,6,15,0.0
causal,EleutherAI/pythia-160m,pythia-160m,,1.4,6,16,0.0
causal,EleutherAI/pythia-160m,pythia-160m,,1.4,6,17,0.0
causal,EleutherAI/pythia-160m,pythia-160m,,1.4,6,18,0.0
causal,EleutherAI/pythia-160m,pythia-160m,,1.4,6,19,0.0
causal,EleutherAI/pythia-160m,pythia-160m,,1.4,6,20,0.0
causal,EleutherAI/pythia-160m,pythia-160m,,1.4,6,21,0.0
causal,EleutherAI/pythia-160m,pythia-160m,,1.4,6,22,0.0
causal,EleutherAI/pythia-160m,pythia-160m,,1.4,6,23,0.0
causal,EleutherAI/pythia-160m,pythia-160m,,1.4,6,24,0.0
causal,EleutherAI/pythia-160m,pythia-160m,,1.4,6,25,0.0
causal,EleutherAI/pythia-160m,pythia-160m,,1.4,6,26,0.0
causal,EleutherAI/pythia-160m,pythia-160m,,1.4,6,27,0.0
causal,EleutherAI/pythia-160m,pythia-160m,,1.4,6,28,0.0
causal,EleutherAI/pythia-160m,pythia-160m,,1.4,6,29,0.0
causal,EleutherAI/pythia-160m,pythia-160m,,1.4,6,30,0.0
causal,EleutherAI/pythia-160m,pythia-160m,,1.4,6,31,0.0
causal,EleutherAI/pythia-160m,pythia-160m,,1.4,6,32,0.0
causal,EleutherAI/pythia-160m,pythia-160m,,1.4,6,33,0.0
causal,EleutherAI/pythia-160m,pythia-160m,,1.4,6,34,0.0
causal,EleutherAI/pythia-160m,pythia-160m,,1.4,6,35,0.0
causal,EleutherAI/pythia-160m,pythia-160m,,1.4,6,36,0.0
causal,EleutherAI/pythia-160m,pythia-160m,,1.4,6,37,0.0
causal,EleutherAI/pythia-160m,pythia-160m,,1.4,6,38,0.0
causal,EleutherAI/pythia-160m,pythia-160m,,1.4,6,39,0.0
causal,EleutherAI/pythia-160m,pythia-160m,,1.4,6,40,0.0
causal,EleutherAI/pythia-160m,pythia-160m,,1.4,6,41,0.0
causal,EleutherAI/pythia-160m,pythia-160m,,1.4,6,42,0.0
causal,EleutherAI/pythia-160m,pythia-160m,,1.4,6,43,0.0
causal,EleutherAI/pythia-160m,pythia-160m,,1.4,6,44,0.0
causal,EleutherAI/pythia-160m,pythia-160m,,1.4,6,45,0.0
causal,EleutherAI/pythia-160m,pythia-160m,,1.4,6,46,0.0
causal,EleutherAI/pythia-160m,pythia-160m,,1.4,6,47,0.0
causal,EleutherAI/pythia-160m,pythia-160m,,1.4,6,48,0.0
causal,EleutherAI/pythia-160m,pythia-160m,,1.4,6,49,0.0
causal,EleutherAI/pythia-160m,pythia-160m,,1.4,6,50,0.0
causal,EleutherAI/pythia-160m,pythia-160m,,1.4,6,51,0.0
causal,EleutherAI/pythia-160m,pythia-160m,,1.4,6,52,0.0
causal,EleutherAI/pythia-160m,pythia-160m,,1.4,6,53,0.0
causal,EleutherAI/pythia-160m,pythia-160m,,1.4,6,54,0.0
causal,EleutherAI/pythia-160m,pythia-160m,,1.4,6,55,0.0
causal,EleutherAI/pythia-160m,pythia-160m,,1.4,6,56,0.0
causal,EleutherAI/pythia-160m,pythia-160m,,1.4,6,57,0.0
causal,EleutherAI/pythia-160m,pythia-160m,,1.4,6,58,0.0
causal,EleutherAI/pythia-160m,pythia-160m,,1.4,6,59,0.0
causal,EleutherAI/pythia-160m,pythia-160m,,1.4,6,60,0.0
causal,EleutherAI/pythia-160m,pythia-160m,,1.4,6,61,0.0
causal,EleutherAI/pythia-160m,pythia-160m,,1.4,6,62,0.0
causal,EleutherAI/pythia-160m,pythia-160m,,1.4,6,63,0.0
causal,EleutherAI/pythia-160m,pythia-160m,,1.4,6,64,0.0
causal,EleutherAI/pythia-160m,pythia-160m,,1.4,6,65,0.0
causal,EleutherAI/pythia-160m,pythia-160m,,1.4,6,66,0.0
causal,EleutherAI/pythia-160m,pythia-160m,,1.4,6,67,0.0
causal,EleutherAI/pythia-160m,pythia-160m,,1.4,6,68,0.0
causal,EleutherAI/pythia-160m,pythia-160m,,1.4,6,69,0.0
causal,EleutherAI/pythia-160m,pythia-160m,,1.4,6,70,0.0
causal,EleutherAI/pythia-160m,pythia-160m,,1.4,6,71,0.0
causal,EleutherAI/pythia-160m,pythia-160m,,1.4,6,72,0.0
causal,EleutherAI/pythia-160m,pythia-160m,,1.4,6,73,0.0
causal,EleutherAI/pythia-160m,pythia-160m,,1.4,6,74,0.0
causal,EleutherAI/pythia-160m,pythia-160m,,1.4,6,75,0.0
causal,EleutherAI/pythia-160m,pythia-160m,,1.4,6,76,0.0
causal,EleutherAI/pythia-160m,pythia-160m,,1.4,6,77,0.0
causal,EleutherAI/pythia-160m,pythia-160m,,1.4,6,78,0.0
causal,EleutherAI/pythia-160m,pythia-160m,,1.4,6,79,0.0
causal,EleutherAI/pythia-160m,pythia-160m,,1.4,6,80,0.0
causal,EleutherAI/pythia-160m,pythia-160m,,1.4,7,0,1.0
causal,EleutherAI/pythia-160m,pythia-160m,,1.4,7,1,9.0
causal,EleutherAI/pythia-160m,pythia-160m,,1.4,7,2,12.0
causal,EleutherAI/pythia-160m,pythia-160m,,1.4,7,3,15.0
causal,EleutherAI/pythia-160m,pythia-160m,,1.4,7,4,12.0
causal,EleutherAI/pythia-160m,pythia-160m,,1.4,7,5,20.0
causal,EleutherAI/pythia-160m,pythia-160m,,1.4,7,6,12.0
causal,EleutherAI/pythia-160m,pythia-160m,,1.4,7,7,14.0
causal,EleutherAI/pythia-160m,pythia-160m,,1.4,7,8,11.0
causal,EleutherAI/pythia-160m,pythia-160m,,1.4,7,9,12.0
causal,EleutherAI/pythia-160m,pythia-160m,,1.4,7,10,12.0
causal,EleutherAI/pythia-160m,pythia-160m,,1.4,7,11,14.0
causal,EleutherAI/pythia-160m,pythia-160m,,1.4,7,12,12.0
causal,EleutherAI/pythia-160m,pythia-160m,,1.4,7,13,8.0
causal,EleutherAI/pythia-160m,pythia-160m,,1.4,7,14,10.0
causal,EleutherAI/pythia-160m,pythia-160m,,1.4,7,15,13.0
causal,EleutherAI/pythia-160m,pythia-160m,,1.4,7,16,11.0
causal,EleutherAI/pythia-160m,pythia-160m,,1.4,7,17,7.0
causal,EleutherAI/pythia-160m,pythia-160m,,1.4,7,18,3.0
causal,EleutherAI/pythia-160m,pythia-160m,,1.4,7,19,3.0
causal,EleutherAI/pythia-160m,pythia-160m,,1.4,7,20,0.0
causal,EleutherAI/pythia-160m,pythia-160m,,1.4,7,21,0.0
causal,EleutherAI/pythia-160m,pythia-160m,,1.4,7,22,0.0
causal,EleutherAI/pythia-160m,pythia-160m,,1.4,7,23,0.0
causal,EleutherAI/pythia-160m,pythia-160m,,1.4,7,24,0.0
causal,EleutherAI/pythia-160m,pythia-160m,,1.4,7,25,0.0
causal,EleutherAI/pythia-160m,pythia-160m,,1.4,7,26,0.0
causal,EleutherAI/pythia-160m,pythia-160m,,1.4,7,27,0.0
causal,EleutherAI/pythia-160m,pythia-160m,,1.4,7,28,0.0
causal,EleutherAI/pythia-160m,pythia-160m,,1.4,7,29,0.0
causal,EleutherAI/pythia-160m,pythia-160m,,1.4,7,30,0.0
causal,EleutherAI/pythia-160m,pythia-160m,,1.4,7,31,0.0
causal,EleutherAI/pythia-160m,pythia-160m,,1.4,7,32,0.0
causal,EleutherAI/pythia-160m,pythia-160m,,1.4,7,33,0.0
causal,EleutherAI/pythia-160m,pythia-160m,,1.4,7,34,0.0
causal,EleutherAI/pythia-160m,pythia-160m,,1.4,7,35,0.0
causal,EleutherAI/pythia-160m,pythia-160m,,1.4,7,36,0.0
causal,EleutherAI/pythia-160m,pythia-160m,,1.4,7,37,0.0
causal,EleutherAI/pythia-160m,pythia-160m,,1.4,7,38,0.0
causal,EleutherAI/pythia-160m,pythia-160m,,1.4,7,39,0.0
causal,EleutherAI/pythia-160m,pythia-160m,,1.4,7,40,0.0
causal,EleutherAI/pythia-160m,pythia-160m,,1.4,7,41,0.0
causal,EleutherAI/pythia-160m,pythia-160m,,1.4,7,42,0.0
causal,EleutherAI/pythia-160m,pythia-160m,,1.4,7,43,0.0
causal,EleutherAI/pythia-160m,pythia-160m,,1.4,7,44,0.0
causal,EleutherAI/pythia-160m,pythia-160m,,1.4,7,45,0.0
causal,EleutherAI/pythia-160m,pythia-160m,,1.4,7,46,0.0
causal,EleutherAI/pythia-160m,pythia-160m,,1.4,7,47,0.0
causal,EleutherAI/pythia-160m,pythia-160m,,1.4,7,48,0.0
causal,EleutherAI/pythia-160m,pythia-160m,,1.4,7,49,0.0
causal,EleutherAI/pythia-160m,pythia-160m,,1.4,7,50,0.0
causal,EleutherAI/pythia-160m,pythia-160m,,1.4,7,51,0.0
causal,EleutherAI/pythia-160m,pythia-160m,,1.4,7,52,0.0
causal,EleutherAI/pythia-160m,pythia-160m,,1.4,7,53,0.0
causal,EleutherAI/pythia-160m,pythia-160m,,1.4,7,54,0.0
causal,EleutherAI/pythia-160m,pythia-160m,,1.4,7,55,0.0
causal,EleutherAI/pythia-160m,pythia-160m,,1.4,7,56,0.0
causal,EleutherAI/pythia-160m,pythia-160m,,1.4,7,57,0.0
causal,EleutherAI/pythia-160m,pythia-160m,,1.4,7,58,0.0
causal,EleutherAI/pythia-160m,pythia-160m,,1.4,7,59,0.0
causal,EleutherAI/pythia-160m,pythia-160m,,1.4,7,60,0.0
causal,EleutherAI/pythia-160m,pythia-160m,,1.4,7,61,0.0
causal,EleutherAI/pythia-160m,pythia-160m,,1.4,7,62,0.0
causal,EleutherAI/pythia-160m,pythia-160m,,1.4,7,63,0.0
causal,EleutherAI/pythia-160m,pythia-160m,,1.4,7,64,0.0
causal,EleutherAI/pythia-160m,pythia-160m,,1.4,7,65,0.0
causal,EleutherAI/pythia-160m,pythia-160m,,1.4,7,66,0.0
causal,EleutherAI/pythia-160m,pythia-160m,,1.4,7,67,0.0
causal,EleutherAI/pythia-160m,pythia-160m,,1.4,7,68,0.0
causal,EleutherAI/pythia-160m,pythia-160m,,1.4,7,69,0.0
causal,EleutherAI/pythia-160m,pythia-160m,,1.4,7,70,0.0
causal,EleutherAI/pythia-160m,pythia-160m,,1.4,7,71,0.0
causal,EleutherAI/pythia-160m,pythia-160m,,1.4,7,72,0.0
causal,EleutherAI/pythia-160m,pythia-160m,,1.4,7,73,0.0
causal,EleutherAI/pythia-160m,pythia-160m,,1.4,7,74,0.0
causal,EleutherAI/pythia-160m,pythia-160m,,1.4,7,75,0.0
causal,EleutherAI/pythia-160m,pythia-160m,,1.4,7,76,0.0
causal,EleutherAI/pythia-160m,pythia-160m,,1.4,7,77,0.0
causal,EleutherAI/pythia-160m,pythia-160m,,1.4,7,78,0.0
causal,EleutherAI/pythia-160m,pythia-160m,,1.4,7,79,0.0
causal,EleutherAI/pythia-160m,pythia-160m,,1.4,7,80,0.0
masked,distilroberta-base,distilroberta-base,,0.6,0,0,1.0
masked,distilroberta-base,distilroberta-base,,0.6,0,1,14.0
masked,distilroberta-base,distilroberta-base,,0.6,0,2,26.0
masked,distilroberta-base,distilroberta-base,,0.6,0,3,28.0
masked,distilroberta-base,distilroberta-base,,0.6,0,4,32.0
masked,distilroberta-base,distilroberta-base,,0.6,0,5,33.0
masked,distilroberta-base,distilroberta-base,,0.6,0,6,34.0
masked,distilroberta-base,distilroberta-base,,0.6,0,7,36.0
masked,distilroberta-base,distilroberta-base,,0.6,0,8,30.0
masked,distilroberta-base,distilroberta-base,,0.6,0,9,31.0
masked,distilroberta-base,distilroberta-base,,0.6,0,10,32.0
masked,distilroberta-base,distilroberta-base,,0.6,0,11,30.0
masked,distilroberta-base,distilroberta-base,,0.6,0,12,32.0
masked,distilroberta-base,distilroberta-base,,0.6,0,13,29.0
masked,distilroberta-base,distilroberta-base,,0.6,0,14,35.0
masked,distilroberta-base,distilroberta-base,,0.6,0,15,31.0
masked,distilroberta-base,distilroberta-base,,0.6,0,16,34.0
masked,distilroberta-base,distilroberta-base,,0.6,0,17,31.0
masked,distilroberta-base,distilroberta-base,,0.6,0,18,34.0
masked,distilroberta-base,distilroberta-base,,0.6,0,19,33.0
masked,distilroberta-base,distilroberta-base,,0.6,0,20,34.0
masked,distilroberta-base,distilroberta-base,,0.6,0,21,34.0
masked,distilroberta-base,distilroberta-base,,0.6,0,22,35.0
masked,distilroberta-base,distilroberta-base,,0.6,0,23,33.0
masked,distilroberta-base,distilroberta-base,,0.6,0,24,35.0
masked,distilroberta-base,distilroberta-base,,0.6,0,25,34.0
masked,distilroberta-base,distilroberta-base,,0.6,0,26,35.0
masked,distilroberta-base,distilroberta-base,,0.6,0,27,32.0
masked,distilroberta-base,distilroberta-base,,0.6,0,28,35.0
masked,distilroberta-base,distilroberta-base,,0.6,0,29,34.0
masked,distilroberta-base,distilroberta-base,,0.6,0,30,35.0
masked,distilroberta-base,distilroberta-base,,0.6,0,31,36.0
masked,distilroberta-base,distilroberta-base,,0.6,0,32,33.0
masked,distilroberta-base,distilroberta-base,,0.6,0,33,34.0
masked,distilroberta-base,distilroberta-base,,0.6,0,34,33.0
masked,distilroberta-base,distilroberta-base,,0.6,0,35,34.0
masked,distilroberta-base,distilroberta-base,,0.6,0,36,33.0
masked,distilroberta-base,distilroberta-base,,0.6,0,37,34.0
masked,distilroberta-base,distilroberta-base,,0.6,0,38,34.0
masked,distilroberta-base,distilroberta-base,,0.6,0,39,33.0
masked,distilroberta-base,distilroberta-base,,0.6,0,40,30.0
masked,distilroberta-base,distilroberta-base,,0.6,0,41,29.0
masked,distilroberta-base,distilroberta-base,,0.6,0,42,31.0
masked,distilroberta-base,distilroberta-base,,0.6,0,43,27.0
masked,distilroberta-base,distilroberta-base,,0.6,0,44,31.0
masked,distilroberta-base,distilroberta-base,,0.6,0,45,28.0
masked,distilroberta-base,distilroberta-base,,0.6,0,46,30.0
masked,distilroberta-base,distilroberta-base,,0.6,0,47,27.0
masked,distilroberta-base,distilroberta-base,,0.6,0,48,30.0
masked,distilroberta-base,distilroberta-base,,0.6,0,49,27.0
masked,distilroberta-base,distilroberta-base,,0.6,0,50,30.0
masked,distilroberta-base,distilroberta-base,,0.6,0,51,27.0
masked,distilroberta-base,distilroberta-base,,0.6,0,52,30.0
masked,distilroberta-base,distilroberta-base,,0.6,0,53,27.0
masked,distilroberta-base,distilroberta-base,,0.6,0,54,30.0
masked,distilroberta-base,distilroberta-base,,0.6,0,55,27.0
masked,distilroberta-base,distilroberta-base,,0.6,0,56,30.0
masked,distilroberta-base,distilroberta-base,,0.6,0,57,27.0
masked,distilroberta-base,distilroberta-base,,0.6,0,58,30.0
masked,distilroberta-base,distilroberta-base,,0.6,0,59,27.0
masked,distilroberta-base,distilroberta-base,,0.6,0,60,30.0
masked,distilroberta-base,distilroberta-base,,0.6,0,61,27.0
masked,distilroberta-base,distilroberta-base,,0.6,0,62,30.0
masked,distilroberta-base,distilroberta-base,,0.6,0,63,27.0
masked,distilroberta-base,distilroberta-base,,0.6,0,64,30.0
masked,distilroberta-base,distilroberta-base,,0.6,0,65,27.0
masked,distilroberta-base,distilroberta-base,,0.6,0,66,30.0
masked,distilroberta-base,distilroberta-base,,0.6,0,67,27.0
masked,distilroberta-base,distilroberta-base,,0.6,0,68,30.0
masked,distilroberta-base,distilroberta-base,,0.6,0,69,27.0
masked,distilroberta-base,distilroberta-base,,0.6,0,70,30.0
masked,distilroberta-base,distilroberta-base,,0.6,0,71,27.0
masked,distilroberta-base,distilroberta-base,,0.6,0,72,30.0
masked,distilroberta-base,distilroberta-base,,0.6,0,73,27.0
masked,distilroberta-base,distilroberta-base,,0.6,0,74,30.0
masked,distilroberta-base,distilroberta-base,,0.6,0,75,27.0
masked,distilroberta-base,distilroberta-base,,0.6,0,76,30.0
masked,distilroberta-base,distilroberta-base,,0.6,0,77,27.0
masked,distilroberta-base,distilroberta-base,,0.6,0,78,29.0
masked,distilroberta-base,distilroberta-base,,0.6,0,79,27.0
masked,distilroberta-base,distilroberta-base,,0.6,0,80,29.0
masked,distilroberta-base,distilroberta-base,,0.6,1,0,1.0
masked,distilroberta-base,distilroberta-base,,0.6,1,1,8.0
masked,distilroberta-base,distilroberta-base,,0.6,1,2,23.0
masked,distilroberta-base,distilroberta-base,,0.6,1,3,19.0
masked,distilroberta-base,distilroberta-base,,0.6,1,4,2.0
masked,distilroberta-base,distilroberta-base,,0.6,1,5,0.0
masked,distilroberta-base,distilroberta-base,,0.6,1,6,0.0
masked,distilroberta-base,distilroberta-base,,0.6,1,7,0.0
masked,distilroberta-base,distilroberta-base,,0.6,1,8,0.0
masked,distilroberta-base,distilroberta-base,,0.6,1,9,0.0
masked,distilroberta-base,distilroberta-base,,0.6,1,10,0.0
masked,distilroberta-base,distilroberta-base,,0.6,1,11,0.0
masked,distilroberta-base,distilroberta-base,,0.6,1,12,0.0
masked,distilroberta-base,distilroberta-base,,0.6,1,13,0.0
masked,distilroberta-base,distilroberta-base,,0.6,1,14,0.0
masked,distilroberta-base,distilroberta-base,,0.6,1,15,0.0
masked,distilroberta-base,distilroberta-base,,0.6,1,16,0.0
masked,distilroberta-base,distilroberta-base,,0.6,1,17,0.0
masked,distilroberta-base,distilroberta-base,,0.6,1,18,0.0
masked,distilroberta-base,distilroberta-base,,0.6,1,19,0.0
masked,distilroberta-base,distilroberta-base,,0.6,1,20,0.0
masked,distilroberta-base,distilroberta-base,,0.6,1,21,0.0
masked,distilroberta-base,distilroberta-base,,0.6,1,22,0.0
masked,distilroberta-base,distilroberta-base,,0.6,1,23,0.0
masked,distilroberta-base,distilroberta-base,,0.6,1,24,0.0
masked,distilroberta-base,distilroberta-base,,0.6,1,25,0.0
masked,distilroberta-base,distilroberta-base,,0.6,1,26,0.0
masked,distilroberta-base,distilroberta-base,,0.6,1,27,0.0
masked,distilroberta-base,distilroberta-base,,0.6,1,28,0.0
masked,distilroberta-base,distilroberta-base,,0.6,1,29,0.0
masked,distilroberta-base,distilroberta-base,,0.6,1,30,0.0
masked,distilroberta-base,distilroberta-base,,0.6,1,31,0.0
masked,distilroberta-base,distilroberta-base,,0.6,1,32,0.0
masked,distilroberta-base,distilroberta-base,,0.6,1,33,0.0
masked,distilroberta-base,distilroberta-base,,0.6,1,34,0.0
masked,distilroberta-base,distilroberta-base,,0.6,1,35,0.0
masked,distilroberta-base,distilroberta-base,,0.6,1,36,0.0
masked,distilroberta-base,distilroberta-base,,0.6,1,37,0.0
masked,distilroberta-base,distilroberta-base,,0.6,1,38,0.0
masked,distilroberta-base,distilroberta-base,,0.6,1,39,0.0
masked,distilroberta-base,distilroberta-base,,0.6,1,40,0.0
masked,distilroberta-base,distilroberta-base,,0.6,1,41,0.0
masked,distilroberta-base,distilroberta-base,,0.6,1,42,0.0
masked,distilroberta-base,distilroberta-base,,0.6,1,43,0.0
masked,distilroberta-base,distilroberta-base,,0.6,1,44,0.0
masked,distilroberta-base,distilroberta-base,,0.6,1,45,0.0
masked,distilroberta-base,distilroberta-base,,0.6,1,46,0.0
masked,distilroberta-base,distilroberta-base,,0.6,1,47,0.0
masked,distilroberta-base,distilroberta-base,,0.6,1,48,0.0
masked,distilroberta-base,distilroberta-base,,0.6,1,49,0.0
masked,distilroberta-base,distilroberta-base,,0.6,1,50,0.0
masked,distilroberta-base,distilroberta-base,,0.6,1,51,0.0
masked,distilroberta-base,distilroberta-base,,0.6,1,52,0.0
masked,distilroberta-base,distilroberta-base,,0.6,1,53,0.0
masked,distilroberta-base,distilroberta-base,,0.6,1,54,0.0
masked,distilroberta-base,distilroberta-base,,0.6,1,55,0.0
masked,distilroberta-base,distilroberta-base,,0.6,1,56,0.0
masked,distilroberta-base,distilroberta-base,,0.6,1,57,0.0
masked,distilroberta-base,distilroberta-base,,0.6,1,58,0.0
masked,distilroberta-base,distilroberta-base,,0.6,1,59,0.0
masked,distilroberta-base,distilroberta-base,,0.6,1,60,0.0
masked,distilroberta-base,distilroberta-base,,0.6,1,61,0.0
masked,distilroberta-base,distilroberta-base,,0.6,1,62,0.0
masked,distilroberta-base,distilroberta-base,,0.6,1,63,0.0
masked,distilroberta-base,distilroberta-base,,0.6,1,64,0.0
masked,distilroberta-base,distilroberta-base,,0.6,1,65,0.0
masked,distilroberta-base,distilroberta-base,,0.6,1,66,0.0
masked,distilroberta-base,distilroberta-base,,0.6,1,67,0.0
masked,distilroberta-base,distilroberta-base,,0.6,1,68,0.0
masked,distilroberta-base,distilroberta-base,,0.6,1,69,0.0
masked,distilroberta-base,distilroberta-base,,0.6,1,70,0.0
masked,distilroberta-base,distilroberta-base,,0.6,1,71,0.0
masked,distilroberta-base,distilroberta-base,,0.6,1,72,0.0
masked,distilroberta-base,distilroberta-base,,0.6,1,73,0.0
masked,distilroberta-base,distilroberta-base,,0.6,1,74,0.0
masked,distilroberta-base,distilroberta-base,,0.6,1,75,0.0
masked,distilroberta-base,distilroberta-base,,0.6,1,76,0.0
masked,distilroberta-base,distilroberta-base,,0.6,1,77,0.0
masked,distilroberta-base,distilroberta-base,,0.6,1,78,0.0
masked,distilroberta-base,distilroberta-base,,0.6,1,79,0.0
masked,distilroberta-base,distilroberta-base,,0.6,1,80,0.0
masked,distilroberta-base,distilroberta-base,,0.6,2,0,1.0
masked,distilroberta-base,distilroberta-base,,0.6,2,1,6.0
masked,distilroberta-base,distilroberta-base,,0.6,2,2,17.0
masked,distilroberta-base,distilroberta-base,,0.6,2,3,8.0
masked,distilroberta-base,distilroberta-base,,0.6,2,4,1.0
masked,distilroberta-base,distilroberta-base,,0.6,2,5,0.0
masked,distilroberta-base,distilroberta-base,,0.6,2,6,0.0
masked,distilroberta-base,distilroberta-base,,0.6,2,7,0.0
masked,distilroberta-base,distilroberta-base,,0.6,2,8,0.0
masked,distilroberta-base,distilroberta-base,,0.6,2,9,0.0
masked,distilroberta-base,distilroberta-base,,0.6,2,10,0.0
masked,distilroberta-base,distilroberta-base,,0.6,2,11,0.0
masked,distilroberta-base,distilroberta-base,,0.6,2,12,0.0
masked,distilroberta-base,distilroberta-base,,0.6,2,13,0.0
masked,distilroberta-base,distilroberta-base,,0.6,2,14,0.0
masked,distilroberta-base,distilroberta-base,,0.6,2,15,0.0
masked,distilroberta-base,distilroberta-base,,0.6,2,16,0.0
masked,distilroberta-base,distilroberta-base,,0.6,2,17,0.0
masked,distilroberta-base,distilroberta-base,,0.6,2,18,0.0
masked,distilroberta-base,distilroberta-base,,0.6,2,19,0.0
masked,distilroberta-base,distilroberta-base,,0.6,2,20,0.0
masked,distilroberta-base,distilroberta-base,,0.6,2,21,0.0
masked,distilroberta-base,distilroberta-base,,0.6,2,22,0.0
masked,distilroberta-base,distilroberta-base,,0.6,2,23,0.0
masked,distilroberta-base,distilroberta-base,,0.6,2,24,0.0
masked,distilroberta-base,distilroberta-base,,0.6,2,25,0.0
masked,distilroberta-base,distilroberta-base,,0.6,2,26,0.0
masked,distilroberta-base,distilroberta-base,,0.6,2,27,0.0
masked,distilroberta-base,distilroberta-base,,0.6,2,28,0.0
masked,distilroberta-base,distilroberta-base,,0.6,2,29,0.0
masked,distilroberta-base,distilroberta-base,,0.6,2,30,0.0
masked,distilroberta-base,distilroberta-base,,0.6,2,31,0.0
masked,distilroberta-base,distilroberta-base,,0.6,2,32,0.0
masked,distilroberta-base,distilroberta-base,,0.6,2,33,0.0
masked,distilroberta-base,distilroberta-base,,0.6,2,34,0.0
masked,distilroberta-base,distilroberta-base,,0.6,2,35,0.0
masked,distilroberta-base,distilroberta-base,,0.6,2,36,0.0
masked,distilroberta-base,distilroberta-base,,0.6,2,37,0.0
masked,distilroberta-base,distilroberta-base,,0.6,2,38,0.0
masked,distilroberta-base,distilroberta-base,,0.6,2,39,0.0
masked,distilroberta-base,distilroberta-base,,0.6,2,40,0.0
masked,distilroberta-base,distilroberta-base,,0.6,2,41,0.0
masked,distilroberta-base,distilroberta-base,,0.6,2,42,0.0
masked,distilroberta-base,distilroberta-base,,0.6,2,43,0.0
masked,distilroberta-base,distilroberta-base,,0.6,2,44,0.0
masked,distilroberta-base,distilroberta-base,,0.6,2,45,0.0
masked,distilroberta-base,distilroberta-base,,0.6,2,46,0.0
masked,distilroberta-base,distilroberta-base,,0.6,2,47,0.0
masked,distilroberta-base,distilroberta-base,,0.6,2,48,0.0
masked,distilroberta-base,distilroberta-base,,0.6,2,49,0.0
masked,distilroberta-base,distilroberta-base,,0.6,2,50,0.0
masked,distilroberta-base,distilroberta-base,,0.6,2,51,0.0
masked,distilroberta-base,distilroberta-base,,0.6,2,52,0.0
masked,distilroberta-base,distilroberta-base,,0.6,2,53,0.0
masked,distilroberta-base,distilroberta-base,,0.6,2,54,0.0
masked,distilroberta-base,distilroberta-base,,0.6,2,55,0.0
masked,distilroberta-base,distilroberta-base,,0.6,2,56,0.0
masked,distilroberta-base,distilroberta-base,,0.6,2,57,0.0
masked,distilroberta-base,distilroberta-base,,0.6,2,58,0.0
masked,distilroberta-base,distilroberta-base,,0.6,2,59,0.0
masked,distilroberta-base,distilroberta-base,,0.6,2,60,0.0
masked,distilroberta-base,distilroberta-base,,0.6,2,61,0.0
masked,distilroberta-base,distilroberta-base,,0.6,2,62,0.0
masked,distilroberta-base,distilroberta-base,,0.6,2,63,0.0
masked,distilroberta-base,distilroberta-base,,0.6,2,64,0.0
masked,distilroberta-base,distilroberta-base,,0.6,2,65,0.0
masked,distilroberta-base,distilroberta-base,,0.6,2,66,0.0
masked,distilroberta-base,distilroberta-base,,0.6,2,67,0.0
masked,distilroberta-base,distilroberta-base,,0.6,2,68,0.0
masked,distilroberta-base,distilroberta-base,,0.6,2,69,0.0
masked,distilroberta-base,distilroberta-base,,0.6,2,70,0.0
masked,distilroberta-base,distilroberta-base,,0.6,2,71,0.0
masked,distilroberta-base,distilroberta-base,,0.6,2,72,0.0
masked,distilroberta-base,distilroberta-base,,0.6,2,73,0.0
masked,distilroberta-base,distilroberta-base,,0.6,2,74,0.0
masked,distilroberta-base,distilroberta-base,,0.6,2,75,0.0
masked,distilroberta-base,distilroberta-base,,0.6,2,76,0.0
masked,distilroberta-base,distilroberta-base,,0.6,2,77,0.0
masked,distilroberta-base,distilroberta-base,,0.6,2,78,0.0
masked,distilroberta-base,distilroberta-base,,0.6,2,79,0.0
masked,distilroberta-base,distilroberta-base,,0.6,2,80,0.0
masked,distilroberta-base,distilroberta-base,,0.6,3,0,1.0
masked,distilroberta-base,distilroberta-base,,0.6,3,1,12.0
masked,distilroberta-base,distilroberta-base,,0.6,3,2,31.0
masked,distilroberta-base,distilroberta-base,,0.6,3,3,43.0
masked,distilroberta-base,distilroberta-base,,0.6,3,4,45.0
masked,distilroberta-base,distilroberta-base,,0.6,3,5,44.0
masked,distilroberta-base,distilroberta-base,,0.6,3,6,48.0
masked,distilroberta-base,distilroberta-base,,0.6,3,7,48.0
masked,distilroberta-base,distilroberta-base,,0.6,3,8,48.0
masked,distilroberta-base,distilroberta-base,,0.6,3,9,48.0
masked,distilroberta-base,distilroberta-base,,0.6,3,10,48.0
masked,distilroberta-base,distilroberta-base,,0.6,3,11,48.0
masked,distilroberta-base,distilroberta-base,,0.6,3,12,48.0
masked,distilroberta-base,distilroberta-base,,0.6,3,13,48.0
masked,distilroberta-base,distilroberta-base,,0.6,3,14,48.0
masked,distilroberta-base,distilroberta-base,,0.6,3,15,48.0
masked,distilroberta-base,distilroberta-base,,0.6,3,16,48.0
masked,distilroberta-base,distilroberta-base,,0.6,3,17,48.0
masked,distilroberta-base,distilroberta-base,,0.6,3,18,48.0
masked,distilroberta-base,distilroberta-base,,0.6,3,19,48.0
masked,distilroberta-base,distilroberta-base,,0.6,3,20,48.0
masked,distilroberta-base,distilroberta-base,,0.6,3,21,48.0
masked,distilroberta-base,distilroberta-base,,0.6,3,22,48.0
masked,distilroberta-base,distilroberta-base,,0.6,3,23,48.0
masked,distilroberta-base,distilroberta-base,,0.6,3,24,48.0
masked,distilroberta-base,distilroberta-base,,0.6,3,25,48.0
masked,distilroberta-base,distilroberta-base,,0.6,3,26,48.0
masked,distilroberta-base,distilroberta-base,,0.6,3,27,48.0
masked,distilroberta-base,distilroberta-base,,0.6,3,28,48.0
masked,distilroberta-base,distilroberta-base,,0.6,3,29,48.0
masked,distilroberta-base,distilroberta-base,,0.6,3,30,48.0
masked,distilroberta-base,distilroberta-base,,0.6,3,31,48.0
masked,distilroberta-base,distilroberta-base,,0.6,3,32,48.0
masked,distilroberta-base,distilroberta-base,,0.6,3,33,48.0
masked,distilroberta-base,distilroberta-base,,0.6,3,34,48.0
masked,distilroberta-base,distilroberta-base,,0.6,3,35,48.0
masked,distilroberta-base,distilroberta-base,,0.6,3,36,48.0
masked,distilroberta-base,distilroberta-base,,0.6,3,37,48.0
masked,distilroberta-base,distilroberta-base,,0.6,3,38,48.0
masked,distilroberta-base,distilroberta-base,,0.6,3,39,48.0
masked,distilroberta-base,distilroberta-base,,0.6,3,40,48.0
masked,distilroberta-base,distilroberta-base,,0.6,3,41,48.0
masked,distilroberta-base,distilroberta-base,,0.6,3,42,48.0
masked,distilroberta-base,distilroberta-base,,0.6,3,43,48.0
masked,distilroberta-base,distilroberta-base,,0.6,3,44,48.0
masked,distilroberta-base,distilroberta-base,,0.6,3,45,48.0
masked,distilroberta-base,distilroberta-base,,0.6,3,46,48.0
masked,distilroberta-base,distilroberta-base,,0.6,3,47,48.0
masked,distilroberta-base,distilroberta-base,,0.6,3,48,48.0
masked,distilroberta-base,distilroberta-base,,0.6,3,49,48.0
masked,distilroberta-base,distilroberta-base,,0.6,3,50,48.0
masked,distilroberta-base,distilroberta-base,,0.6,3,51,48.0
masked,distilroberta-base,distilroberta-base,,0.6,3,52,48.0
masked,distilroberta-base,distilroberta-base,,0.6,3,53,48.0
masked,distilroberta-base,distilroberta-base,,0.6,3,54,48.0
masked,distilroberta-base,distilroberta-base,,0.6,3,55,48.0
masked,distilroberta-base,distilroberta-base,,0.6,3,56,48.0
masked,distilroberta-base,distilroberta-base,,0.6,3,57,48.0
masked,distilroberta-base,distilroberta-base,,0.6,3,58,48.0
masked,distilroberta-base,distilroberta-base,,0.6,3,59,48.0
masked,distilroberta-base,distilroberta-base,,0.6,3,60,48.0
masked,distilroberta-base,distilroberta-base,,0.6,3,61,48.0
masked,distilroberta-base,distilroberta-base,,0.6,3,62,48.0
masked,distilroberta-base,distilroberta-base,,0.6,3,63,48.0
masked,distilroberta-base,distilroberta-base,,0.6,3,64,48.0
masked,distilroberta-base,distilroberta-base,,0.6,3,65,48.0
masked,distilroberta-base,distilroberta-base,,0.6,3,66,48.0
masked,distilroberta-base,distilroberta-base,,0.6,3,67,48.0
masked,distilroberta-base,distilroberta-base,,0.6,3,68,48.0
masked,distilroberta-base,distilroberta-base,,0.6,3,69,48.0
masked,distilroberta-base,distilroberta-base,,0.6,3,70,48.0
masked,distilroberta-base,distilroberta-base,,0.6,3,71,48.0
masked,distilroberta-base,distilroberta-base,,0.6,3,72,48.0
masked,distilroberta-base,distilroberta-base,,0.6,3,73,48.0
masked,distilroberta-base,distilroberta-base,,0.6,3,74,48.0
masked,distilroberta-base,distilroberta-base,,0.6,3,75,48.0
masked,distilroberta-base,distilroberta-base,,0.6,3,76,48.0
masked,distilroberta-base,distilroberta-base,,0.6,3,77,48.0
masked,distilroberta-base,distilroberta-base,,0.6,3,78,48.0
masked,distilroberta-base,distilroberta-base,,0.6,3,79,48.0
masked,distilroberta-base,distilroberta-base,,0.6,3,80,48.0
masked,distilroberta-base,distilroberta-base,,0.6,4,0,1.0
masked,distilroberta-base,distilroberta-base,,0.6,4,1,12.0
masked,distilroberta-base,distilroberta-base,,0.6,4,2,31.0
masked,distilroberta-base,distilroberta-base,,0.6,4,3,45.0
masked,distilroberta-base,distilroberta-base,,0.6,4,4,47.0
masked,distilroberta-base,distilroberta-base,,0.6,4,5,48.0
masked,distilroberta-base,distilroberta-base,,0.6,4,6,48.0
masked,distilroberta-base,distilroberta-base,,0.6,4,7,48.0
masked,distilroberta-base,distilroberta-base,,0.6,4,8,48.0
masked,distilroberta-base,distilroberta-base,,0.6,4,9,48.0
masked,distilroberta-base,distilroberta-base,,0.6,4,10,48.0
masked,distilroberta-base,distilroberta-base,,0.6,4,11,48.0
masked,distilroberta-base,distilroberta-base,,0.6,4,12,48.0
masked,distilroberta-base,distilroberta-base,,0.6,4,13,48.0
masked,distilroberta-base,distilroberta-base,,0.6,4,14,48.0
masked,distilroberta-base,distilroberta-base,,0.6,4,15,48.0
masked,distilroberta-base,distilroberta-base,,0.6,4,16,48.0
masked,distilroberta-base,distilroberta-base,,0.6,4,17,48.0
masked,distilroberta-base,distilroberta-base,,0.6,4,18,48.0
masked,distilroberta-base,distilroberta-base,,0.6,4,19,48.0
masked,distilroberta-base,distilroberta-base,,0.6,4,20,48.0
masked,distilroberta-base,distilroberta-base,,0.6,4,21,48.0
masked,distilroberta-base,distilroberta-base,,0.6,4,22,48.0
masked,distilroberta-base,distilroberta-base,,0.6,4,23,48.0
masked,distilroberta-base,distilroberta-base,,0.6,4,24,48.0
masked,distilroberta-base,distilroberta-base,,0.6,4,25,48.0
masked,distilroberta-base,distilroberta-base,,0.6,4,26,48.0
masked,distilroberta-base,distilroberta-base,,0.6,4,27,48.0
masked,distilroberta-base,distilroberta-base,,0.6,4,28,48.0
masked,distilroberta-base,distilroberta-base,,0.6,4,29,48.0
masked,distilroberta-base,distilroberta-base,,0.6,4,30,48.0
masked,distilroberta-base,distilroberta-base,,0.6,4,31,48.0
masked,distilroberta-base,distilroberta-base,,0.6,4,32,48.0
masked,distilroberta-base,distilroberta-base,,0.6,4,33,48.0
masked,distilroberta-base,distilroberta-base,,0.6,4,34,48.0
masked,distilroberta-base,distilroberta-base,,0.6,4,35,48.0
masked,distilroberta-base,distilroberta-base,,0.6,4,36,48.0
masked,distilroberta-base,distilroberta-base,,0.6,4,37,48.0
masked,distilroberta-base,distilroberta-base,,0.6,4,38,48.0
masked,distilroberta-base,distilroberta-base,,0.6,4,39,48.0
masked,distilroberta-base,distilroberta-base,,0.6,4,40,48.0
masked,distilroberta-base,distilroberta-base,,0.6,4,41,48.0
masked,distilroberta-base,distilroberta-base,,0.6,4,42,48.0
masked,distilroberta-base,distilroberta-base,,0.6,4,43,48.0
masked,distilroberta-base,distilroberta-base,,0.6,4,44,48.0
masked,distilroberta-base,distilroberta-base,,0.6,4,45,48.0
masked,distilroberta-base,distilroberta-base,,0.6,4,46,48.0
masked,distilroberta-base,distilroberta-base,,0.6,4,47,48.0
masked,distilroberta-base,distilroberta-base,,0.6,4,48,48.0
masked,distilroberta-base,distilroberta-base,,0.6,4,49,48.0
masked,distilroberta-base,distilroberta-base,,0.6,4,50,48.0
masked,distilroberta-base,distilroberta-base,,0.6,4,51,48.0
masked,distilroberta-base,distilroberta-base,,0.6,4,52,48.0
masked,distilroberta-base,distilroberta-base,,0.6,4,53,48.0
masked,distilroberta-base,distilroberta-base,,0.6,4,54,48.0
masked,distilroberta-base,distilroberta-base,,0.6,4,55,48.0
masked,distilroberta-base,distilroberta-base,,0.6,4,56,48.0
masked,distilroberta-base,distilroberta-base,,0.6,4,57,48.0
masked,distilroberta-base,distilroberta-base,,0.6,4,58,48.0
masked,distilroberta-base,distilroberta-base,,0.6,4,59,48.0
masked,distilroberta-base,distilroberta-base,,0.6,4,60,48.0
masked,distilroberta-base,distilroberta-base,,0.6,4,61,48.0
masked,distilroberta-base,distilroberta-base,,0.6,4,62,48.0
masked,distilroberta-base,distilroberta-base,,0.6,4,63,48.0
masked,distilroberta-base,distilroberta-base,,0.6,4,64,48.0
masked,distilroberta-base,distilroberta-base,,0.6,4,65,48.0
masked,distilroberta-base,distilroberta-base,,0.6,4,66,48.0
masked,distilroberta-base,distilroberta-base,,0.6,4,67,48.0
masked,distilroberta-base,distilroberta-base,,0.6,4,68,48.0
masked,distilroberta-base,distilroberta-base,,0.6,4,69,48.0
masked,distilroberta-base,distilroberta-base,,0.6,4,70,48.0
masked,distilroberta-base,distilroberta-base,,0.6,4,71,48.0
masked,distilroberta-base,distilroberta-base,,0.6,4,72,48.0
masked,distilroberta-base,distilroberta-base,,0.6,4,73,48.0
masked,distilroberta-base,distilroberta-base,,0.6,4,74,48.0
masked,distilroberta-base,distilroberta-base,,0.6,4,75,48.0
masked,distilroberta-base,distilroberta-base,,0.6,4,76,48.0
masked,distilroberta-base,distilroberta-base,,0.6,4,77,48.0
masked,distilroberta-base,distilroberta-base,,0.6,4,78,48.0
masked,distilroberta-base,distilroberta-base,,0.6,4,79,48.0
masked,distilroberta-base,distilroberta-base,,0.6,4,80,48.0
masked,distilroberta-base,distilroberta-base,,0.6,5,0,1.0
masked,distilroberta-base,distilroberta-base,,0.6,5,1,10.0
masked,distilroberta-base,distilroberta-base,,0.6,5,2,25.0
masked,distilroberta-base,distilroberta-base,,0.6,5,3,45.0
masked,distilroberta-base,distilroberta-base,,0.6,5,4,48.0
masked,distilroberta-base,distilroberta-base,,0.6,5,5,48.0
masked,distilroberta-base,distilroberta-base,,0.6,5,6,48.0
masked,distilroberta-base,distilroberta-base,,0.6,5,7,48.0
masked,distilroberta-base,distilroberta-base,,0.6,5,8,48.0
masked,distilroberta-base,distilroberta-base,,0.6,5,9,48.0
masked,distilroberta-base,distilroberta-base,,0.6,5,10,48.0
masked,distilroberta-base,distilroberta-base,,0.6,5,11,48.0
masked,distilroberta-base,distilroberta-base,,0.6,5,12,48.0
masked,distilroberta-base,distilroberta-base,,0.6,5,13,48.0
masked,distilroberta-base,distilroberta-base,,0.6,5,14,48.0
masked,distilroberta-base,distilroberta-base,,0.6,5,15,48.0
masked,distilroberta-base,distilroberta-base,,0.6,5,16,48.0
masked,distilroberta-base,distilroberta-base,,0.6,5,17,48.0
masked,distilroberta-base,distilroberta-base,,0.6,5,18,48.0
masked,distilroberta-base,distilroberta-base,,0.6,5,19,48.0
masked,distilroberta-base,distilroberta-base,,0.6,5,20,48.0
masked,distilroberta-base,distilroberta-base,,0.6,5,21,48.0
masked,distilroberta-base,distilroberta-base,,0.6,5,22,48.0
masked,distilroberta-base,distilroberta-base,,0.6,5,23,48.0
masked,distilroberta-base,distilroberta-base,,0.6,5,24,48.0
masked,distilroberta-base,distilroberta-base,,0.6,5,25,48.0
masked,distilroberta-base,distilroberta-base,,0.6,5,26,48.0
masked,distilroberta-base,distilroberta-base,,0.6,5,27,48.0
masked,distilroberta-base,distilroberta-base,,0.6,5,28,48.0
masked,distilroberta-base,distilroberta-base,,0.6,5,29,48.0
masked,distilroberta-base,distilroberta-base,,0.6,5,30,48.0
masked,distilroberta-base,distilroberta-base,,0.6,5,31,48.0
masked,distilroberta-base,distilroberta-base,,0.6,5,32,48.0
masked,distilroberta-base,distilroberta-base,,0.6,5,33,48.0
masked,distilroberta-base,distilroberta-base,,0.6,5,34,48.0
masked,distilroberta-base,distilroberta-base,,0.6,5,35,48.0
masked,distilroberta-base,distilroberta-base,,0.6,5,36,48.0
masked,distilroberta-base,distilroberta-base,,0.6,5,37,48.0
masked,distilroberta-base,distilroberta-base,,0.6,5,38,48.0
masked,distilroberta-base,distilroberta-base,,0.6,5,39,48.0
masked,distilroberta-base,distilroberta-base,,0.6,5,40,48.0
masked,distilroberta-base,distilroberta-base,,0.6,5,41,48.0
masked,distilroberta-base,distilroberta-base,,0.6,5,42,48.0
masked,distilroberta-base,distilroberta-base,,0.6,5,43,48.0
masked,distilroberta-base,distilroberta-base,,0.6,5,44,48.0
masked,distilroberta-base,distilroberta-base,,0.6,5,45,48.0
masked,distilroberta-base,distilroberta-base,,0.6,5,46,48.0
masked,distilroberta-base,distilroberta-base,,0.6,5,47,48.0
masked,distilroberta-base,distilroberta-base,,0.6,5,48,48.0
masked,distilroberta-base,distilroberta-base,,0.6,5,49,48.0
masked,distilroberta-base,distilroberta-base,,0.6,5,50,48.0
masked,distilroberta-base,distilroberta-base,,0.6,5,51,48.0
masked,distilroberta-base,distilroberta-base,,0.6,5,52,48.0
masked,distilroberta-base,distilroberta-base,,0.6,5,53,48.0
masked,distilroberta-base,distilroberta-base,,0.6,5,54,48.0
masked,distilroberta-base,distilroberta-base,,0.6,5,55,48.0
masked,distilroberta-base,distilroberta-base,,0.6,5,56,48.0
masked,distilroberta-base,distilroberta-base,,0.6,5,57,48.0
masked,distilroberta-base,distilroberta-base,,0.6,5,58,48.0
masked,distilroberta-base,distilroberta-base,,0.6,5,59,48.0
masked,distilroberta-base,distilroberta-base,,0.6,5,60,48.0
masked,distilroberta-base,distilroberta-base,,0.6,5,61,48.0
masked,distilroberta-base,distilroberta-base,,0.6,5,62,48.0
masked,distilroberta-base,distilroberta-base,,0.6,5,63,48.0
masked,distilroberta-base,distilroberta-base,,0.6,5,64,48.0
masked,distilroberta-base,distilroberta-base,,0.6,5,65,48.0
masked,distilroberta-base,distilroberta-base,,0.6,5,66,48.0
masked,distilroberta-base,distilroberta-base,,0.6,5,67,48.0
masked,distilroberta-base,distilroberta-base,,0.6,5,68,48.0
masked,distilroberta-base,distilroberta-base,,0.6,5,69,48.0
masked,distilroberta-base,distilroberta-base,,0.6,5,70,48.0
masked,distilroberta-base,distilroberta-base,,0.6,5,71,48.0
masked,distilroberta-base,distilroberta-base,,0.6,5,72,48.0
masked,distilroberta-base,distilroberta-base,,0.6,5,73,48.0
masked,distilroberta-base,distilroberta-base,,0.6,5,74,48.0
masked,distilroberta-base,distilroberta-base,,0.6,5,75,48.0
masked,distilroberta-base,distilroberta-base,,0.6,5,76,48.0
masked,distilroberta-base,distilroberta-base,,0.6,5,77,48.0
masked,distilroberta-base,distilroberta-base,,0.6,5,78,48.0
masked,distilroberta-base,distilroberta-base,,0.6,5,79,48.0
masked,distilroberta-base,distilroberta-base,,0.6,5,80,48.0
masked,distilroberta-base,distilroberta-base,,0.6,6,0,1.0
masked,distilroberta-base,distilroberta-base,,0.6,6,1,13.0
masked,distilroberta-base,distilroberta-base,,0.6,6,2,28.0
masked,distilroberta-base,distilroberta-base,,0.6,6,3,46.0
masked,distilroberta-base,distilroberta-base,,0.6,6,4,45.0
masked,distilroberta-base,distilroberta-base,,0.6,6,5,48.0
masked,distilroberta-base,distilroberta-base,,0.6,6,6,48.0
masked,distilroberta-base,distilroberta-base,,0.6,6,7,48.0
masked,distilroberta-base,distilroberta-base,,0.6,6,8,48.0
masked,distilroberta-base,distilroberta-base,,0.6,6,9,48.0
masked,distilroberta-base,distilroberta-base,,0.6,6,10,48.0
masked,distilroberta-base,distilroberta-base,,0.6,6,11,48.0
masked,distilroberta-base,distilroberta-base,,0.6,6,12,48.0
masked,distilroberta-base,distilroberta-base,,0.6,6,13,48.0
masked,distilroberta-base,distilroberta-base,,0.6,6,14,48.0
masked,distilroberta-base,distilroberta-base,,0.6,6,15,48.0
masked,distilroberta-base,distilroberta-base,,0.6,6,16,48.0
masked,distilroberta-base,distilroberta-base,,0.6,6,17,48.0
masked,distilroberta-base,distilroberta-base,,0.6,6,18,48.0
masked,distilroberta-base,distilroberta-base,,0.6,6,19,48.0
masked,distilroberta-base,distilroberta-base,,0.6,6,20,48.0
masked,distilroberta-base,distilroberta-base,,0.6,6,21,48.0
masked,distilroberta-base,distilroberta-base,,0.6,6,22,48.0
masked,distilroberta-base,distilroberta-base,,0.6,6,23,48.0
masked,distilroberta-base,distilroberta-base,,0.6,6,24,48.0
masked,distilroberta-base,distilroberta-base,,0.6,6,25,48.0
masked,distilroberta-base,distilroberta-base,,0.6,6,26,48.0
masked,distilroberta-base,distilroberta-base,,0.6,6,27,48.0
masked,distilroberta-base,distilroberta-base,,0.6,6,28,48.0
masked,distilroberta-base,distilroberta-base,,0.6,6,29,48.0
masked,distilroberta-base,distilroberta-base,,0.6,6,30,48.0
masked,distilroberta-base,distilroberta-base,,0.6,6,31,48.0
masked,distilroberta-base,distilroberta-base,,0.6,6,32,48.0
masked,distilroberta-base,distilroberta-base,,0.6,6,33,48.0
masked,distilroberta-base,distilroberta-base,,0.6,6,34,48.0
masked,distilroberta-base,distilroberta-base,,0.6,6,35,48.0
masked,distilroberta-base,distilroberta-base,,0.6,6,36,48.0
masked,distilroberta-base,distilroberta-base,,0.6,6,37,48.0
masked,distilroberta-base,distilroberta-base,,0.6,6,38,48.0
masked,distilroberta-base,distilroberta-base,,0.6,6,39,48.0
masked,distilroberta-base,distilroberta-base,,0.6,6,40,48.0
masked,distilroberta-base,distilroberta-base,,0.6,6,41,48.0
masked,distilroberta-base,distilroberta-base,,0.6,6,42,48.0
masked,distilroberta-base,distilroberta-base,,0.6,6,43,48.0
masked,distilroberta-base,distilroberta-base,,0.6,6,44,48.0
masked,distilroberta-base,distilroberta-base,,0.6,6,45,48.0
masked,distilroberta-base,distilroberta-base,,0.6,6,46,48.0
masked,distilroberta-base,distilroberta-base,,0.6,6,47,48.0
masked,distilroberta-base,distilroberta-base,,0.6,6,48,48.0
masked,distilroberta-base,distilroberta-base,,0.6,6,49,48.0
masked,distilroberta-base,distilroberta-base,,0.6,6,50,48.0
masked,distilroberta-base,distilroberta-base,,0.6,6,51,48.0
masked,distilroberta-base,distilroberta-base,,0.6,6,52,48.0
masked,distilroberta-base,distilroberta-base,,0.6,6,53,48.0
masked,distilroberta-base,distilroberta-base,,0.6,6,54,48.0
masked,distilroberta-base,distilroberta-base,,0.6,6,55,48.0
masked,distilroberta-base,distilroberta-base,,0.6,6,56,48.0
masked,distilroberta-base,distilroberta-base,,0.6,6,57,48.0
masked,distilroberta-base,distilroberta-base,,0.6,6,58,48.0
masked,distilroberta-base,distilroberta-base,,0.6,6,59,48.0
masked,distilroberta-base,distilroberta-base,,0.6,6,60,48.0
masked,distilroberta-base,distilroberta-base,,0.6,6,61,48.0
masked,distilroberta-base,distilroberta-base,,0.6,6,62,48.0
masked,distilroberta-base,distilroberta-base,,0.6,6,63,48.0
masked,distilroberta-base,distilroberta-base,,0.6,6,64,48.0
masked,distilroberta-base,distilroberta-base,,0.6,6,65,48.0
masked,distilroberta-base,distilroberta-base,,0.6,6,66,48.0
masked,distilroberta-base,distilroberta-base,,0.6,6,67,48.0
masked,distilroberta-base,distilroberta-base,,0.6,6,68,48.0
masked,distilroberta-base,distilroberta-base,,0.6,6,69,48.0
masked,distilroberta-base,distilroberta-base,,0.6,6,70,48.0
masked,distilroberta-base,distilroberta-base,,0.6,6,71,48.0
masked,distilroberta-base,distilroberta-base,,0.6,6,72,48.0
masked,distilroberta-base,distilroberta-base,,0.6,6,73,48.0
masked,distilroberta-base,distilroberta-base,,0.6,6,74,48.0
masked,distilroberta-base,distilroberta-base,,0.6,6,75,48.0
masked,distilroberta-base,distilroberta-base,,0.6,6,76,48.0
masked,distilroberta-base,distilroberta-base,,0.6,6,77,48.0
masked,distilroberta-base,distilroberta-base,,0.6,6,78,48.0
masked,distilroberta-base,distilroberta-base,,0.6,6,79,48.0
masked,distilroberta-base,distilroberta-base,,0.6,6,80,48.0
masked,distilroberta-base,distilroberta-base,,0.6,7,0,1.0
masked,distilroberta-base,distilroberta-base,,0.6,7,1,11.0
masked,distilroberta-base,distilroberta-base,,0.6,7,2,24.0
masked,distilroberta-base,distilroberta-base,,0.6,7,3,33.0
masked,distilroberta-base,distilroberta-base,,0.6,7,4,41.0
masked,distilroberta-base,distilroberta-base,,0.6,7,5,48.0
masked,distilroberta-base,distilroberta-base,,0.6,7,6,48.0
masked,distilroberta-base,distilroberta-base,,0.6,7,7,48.0
masked,distilroberta-base,distilroberta-base,,0.6,7,8,48.0
masked,distilroberta-base,distilroberta-base,,0.6,7,9,48.0
masked,distilroberta-base,distilroberta-base,,0.6,7,10,48.0
masked,distilroberta-base,distilroberta-base,,0.6,7,11,48.0
masked,distilroberta-base,distilroberta-base,,0.6,7,12,48.0
masked,distilroberta-base,distilroberta-base,,0.6,7,13,48.0
masked,distilroberta-base,distilroberta-base,,0.6,7,14,48.0
masked,distilroberta-base,distilroberta-base,,0.6,7,15,48.0
masked,distilroberta-base,distilroberta-base,,0.6,7,16,48.0
masked,distilroberta-base,distilroberta-base,,0.6,7,17,48.0
masked,distilroberta-base,distilroberta-base,,0.6,7,18,48.0
masked,distilroberta-base,distilroberta-base,,0.6,7,19,48.0
masked,distilroberta-base,distilroberta-base,,0.6,7,20,48.0
masked,distilroberta-base,distilroberta-base,,0.6,7,21,48.0
masked,distilroberta-base,distilroberta-base,,0.6,7,22,48.0
masked,distilroberta-base,distilroberta-base,,0.6,7,23,48.0
masked,distilroberta-base,distilroberta-base,,0.6,7,24,48.0
masked,distilroberta-base,distilroberta-base,,0.6,7,25,48.0
masked,distilroberta-base,distilroberta-base,,0.6,7,26,48.0
masked,distilroberta-base,distilroberta-base,,0.6,7,27,48.0
masked,distilroberta-base,distilroberta-base,,0.6,7,28,48.0
masked,distilroberta-base,distilroberta-base,,0.6,7,29,48.0
masked,distilroberta-base,distilroberta-base,,0.6,7,30,48.0
masked,distilroberta-base,distilroberta-base,,0.6,7,31,48.0
masked,distilroberta-base,distilroberta-base,,0.6,7,32,48.0
masked,distilroberta-base,distilroberta-base,,0.6,7,33,48.0
masked,distilroberta-base,distilroberta-base,,0.6,7,34,48.0
masked,distilroberta-base,distilroberta-base,,0.6,7,35,48.0
masked,distilroberta-base,distilroberta-base,,0.6,7,36,48.0
masked,distilroberta-base,distilroberta-base,,0.6,7,37,48.0
masked,distilroberta-base,distilroberta-base,,0.6,7,38,48.0
masked,distilroberta-base,distilroberta-base,,0.6,7,39,48.0
masked,distilroberta-base,distilroberta-base,,0.6,7,40,48.0
masked,distilroberta-base,distilroberta-base,,0.6,7,41,48.0
masked,distilroberta-base,distilroberta-base,,0.6,7,42,48.0
masked,distilroberta-base,distilroberta-base,,0.6,7,43,48.0
masked,distilroberta-base,distilroberta-base,,0.6,7,44,48.0
masked,distilroberta-base,distilroberta-base,,0.6,7,45,48.0
masked,distilroberta-base,distilroberta-base,,0.6,7,46,48.0
masked,distilroberta-base,distilroberta-base,,0.6,7,47,48.0
masked,distilroberta-base,distilroberta-base,,0.6,7,48,48.0
masked,distilroberta-base,distilroberta-base,,0.6,7,49,48.0
masked,distilroberta-base,distilroberta-base,,0.6,7,50,48.0
masked,distilroberta-base,distilroberta-base,,0.6,7,51,48.0
masked,distilroberta-base,distilroberta-base,,0.6,7,52,48.0
masked,distilroberta-base,distilroberta-base,,0.6,7,53,48.0
masked,distilroberta-base,distilroberta-base,,0.6,7,54,48.0
masked,distilroberta-base,distilroberta-base,,0.6,7,55,48.0
masked,distilroberta-base,distilroberta-base,,0.6,7,56,48.0
masked,distilroberta-base,distilroberta-base,,0.6,7,57,48.0
masked,distilroberta-base,distilroberta-base,,0.6,7,58,48.0
masked,distilroberta-base,distilroberta-base,,0.6,7,59,48.0
masked,distilroberta-base,distilroberta-base,,0.6,7,60,48.0
masked,distilroberta-base,distilroberta-base,,0.6,7,61,48.0
masked,distilroberta-base,distilroberta-base,,0.6,7,62,48.0
masked,distilroberta-base,distilroberta-base,,0.6,7,63,48.0
masked,distilroberta-base,distilroberta-base,,0.6,7,64,48.0
masked,distilroberta-base,distilroberta-base,,0.6,7,65,48.0
masked,distilroberta-base,distilroberta-base,,0.6,7,66,48.0
masked,distilroberta-base,distilroberta-base,,0.6,7,67,48.0
masked,distilroberta-base,distilroberta-base,,0.6,7,68,48.0
masked,distilroberta-base,distilroberta-base,,0.6,7,69,48.0
masked,distilroberta-base,distilroberta-base,,0.6,7,70,48.0
masked,distilroberta-base,distilroberta-base,,0.6,7,71,48.0
masked,distilroberta-base,distilroberta-base,,0.6,7,72,48.0
masked,distilroberta-base,distilroberta-base,,0.6,7,73,48.0
masked,distilroberta-base,distilroberta-base,,0.6,7,74,48.0
masked,distilroberta-base,distilroberta-base,,0.6,7,75,48.0
masked,distilroberta-base,distilroberta-base,,0.6,7,76,48.0
masked,distilroberta-base,distilroberta-base,,0.6,7,77,48.0
masked,distilroberta-base,distilroberta-base,,0.6,7,78,48.0
masked,distilroberta-base,distilroberta-base,,0.6,7,79,48.0
masked,distilroberta-base,distilroberta-base,,0.6,7,80,48.0
masked,distilroberta-base,distilroberta-base,,1.4,0,0,1.0
masked,distilroberta-base,distilroberta-base,,1.4,0,1,4.0
masked,distilroberta-base,distilroberta-base,,1.4,0,2,7.0
masked,distilroberta-base,distilroberta-base,,1.4,0,3,15.0
masked,distilroberta-base,distilroberta-base,,1.4,0,4,21.0
masked,distilroberta-base,distilroberta-base,,1.4,0,5,26.0
masked,distilroberta-base,distilroberta-base,,1.4,0,6,25.0
masked,distilroberta-base,distilroberta-base,,1.4,0,7,26.0
masked,distilroberta-base,distilroberta-base,,1.4,0,8,29.0
masked,distilroberta-base,distilroberta-base,,1.4,0,9,32.0
masked,distilroberta-base,distilroberta-base,,1.4,0,10,24.0
masked,distilroberta-base,distilroberta-base,,1.4,0,11,25.0
masked,distilroberta-base,distilroberta-base,,1.4,0,12,19.0
masked,distilroberta-base,distilroberta-base,,1.4,0,13,25.0
masked,distilroberta-base,distilroberta-base,,1.4,0,14,28.0
masked,distilroberta-base,distilroberta-base,,1.4,0,15,28.0
masked,distilroberta-base,distilroberta-base,,1.4,0,16,27.0
masked,distilroberta-base,distilroberta-base,,1.4,0,17,32.0
masked,distilroberta-base,distilroberta-base,,1.4,0,18,29.0
masked,distilroberta-base,distilroberta-base,,1.4,0,19,27.0
masked,distilroberta-base,distilroberta-base,,1.4,0,20,27.0
masked,distilroberta-base,distilroberta-base,,1.4,0,21,32.0
masked,distilroberta-base,distilroberta-base,,1.4,0,22,29.0
masked,distilroberta-base,distilroberta-base,,1.4,0,23,29.0
masked,distilroberta-base,distilroberta-base,,1.4,0,24,34.0
masked,distilroberta-base,distilroberta-base,,1.4,0,25,24.0
masked,distilroberta-base,distilroberta-base,,1.4,0,26,26.0
masked,distilroberta-base,distilroberta-base,,1.4,0,27,28.0
masked,distilroberta-base,distilroberta-base,,1.4,0,28,27.0
masked,distilroberta-base,distilroberta-base,,1.4,0,29,32.0
masked,distilroberta-base,distilroberta-base,,1.4,0,30,35.0
masked,distilroberta-base,distilroberta-base,,1.4,0,31,34.0
masked,distilroberta-base,distilroberta-base,,1.4,0,32,34.0
masked,distilroberta-base,distilroberta-base,,1.4,0,33,33.0
masked,distilroberta-base,distilroberta-base,,1.4,0,34,33.0
masked,distilroberta-base,distilroberta-base,,1.4,0,35,34.0
masked,distilroberta-base,distilroberta-base,,1.4,0,36,29.0
masked,distilroberta-base,distilroberta-base,,1.4,0,37,27.0
masked,distilroberta-base,distilroberta-base,,1.4,0,38,24.0
masked,distilroberta-base,distilroberta-base,,1.4,0,39,23.0
masked,distilroberta-base,distilroberta-base,,1.4,0,40,22.0
masked,distilroberta-base,distilroberta-base,,1.4,0,41,20.0
masked,distilroberta-base,distilroberta-base,,1.4,0,42,23.0
masked,distilroberta-base,distilroberta-base,,1.4,0,43,25.0
masked,distilroberta-base,distilroberta-base,,1.4,0,44,30.0
masked,distilroberta-base,distilroberta-base,,1.4,0,45,32.0
masked,distilroberta-base,distilroberta-base,,1.4,0,46,27.0
masked,distilroberta-base,distilroberta-base,,1.4,0,47,32.0
masked,distilroberta-base,distilroberta-base,,1.4,0,48,35.0
masked,distilroberta-base,distilroberta-base,,1.4,0,49,34.0
masked,distilroberta-base,distilroberta-base,,1.4,0,50,33.0
masked,distilroberta-base,distilroberta-base,,1.4,0,51,26.0
masked,distilroberta-base,distilroberta-base,,1.4,0,52,27.0
masked,distilroberta-base,distilroberta-base,,1.4,0,53,29.0
masked,distilroberta-base,distilroberta-base,,1.4,0,54,29.0
masked,distilroberta-base,distilroberta-base,,1.4,0,55,27.0
masked,distilroberta-base,distilroberta-base,,1.4,0,56,28.0
masked,distilroberta-base,distilroberta-base,,1.4,0,57,35.0
masked,distilroberta-base,distilroberta-base,,1.4,0,58,37.0
masked,distilroberta-base,distilroberta-base,,1.4,0,59,39.0
masked,distilroberta-base,distilroberta-base,,1.4,0,60,39.0
masked,distilroberta-base,distilroberta-base,,1.4,0,61,43.0
masked,distilroberta-base,distilroberta-base,,1.4,0,62,40.0
masked,distilroberta-base,distilroberta-base,,1.4,0,63,39.0
masked,distilroberta-base,distilroberta-base,,1.4,0,64,35.0
masked,distilroberta-base,distilroberta-base,,1.4,0,65,33.0
masked,distilroberta-base,distilroberta-base,,1.4,0,66,37.0
masked,distilroberta-base,distilroberta-base,,1.4,0,67,35.0
masked,distilroberta-base,distilroberta-base,,1.4,0,68,35.0
masked,distilroberta-base,distilroberta-base,,1.4,0,69,34.0
masked,distilroberta-base,distilroberta-base,,1.4,0,70,35.0
masked,distilroberta-base,distilroberta-base,,1.4,0,71,38.0
masked,distilroberta-base,distilroberta-base,,1.4,0,72,40.0
masked,distilroberta-base,distilroberta-base,,1.4,0,73,38.0
masked,distilroberta-base,distilroberta-base,,1.4,0,74,36.0
masked,distilroberta-base,distilroberta-base,,1.4,0,75,35.0
masked,distilroberta-base,distilroberta-base,,1.4,0,76,35.0
masked,distilroberta-base,distilroberta-base,,1.4,0,77,32.0
masked,distilroberta-base,distilroberta-base,,1.4,0,78,31.0
masked,distilroberta-base,distilroberta-base,,1.4,0,79,34.0
masked,distilroberta-base,distilroberta-base,,1.4,0,80,35.0
masked,distilroberta-base,distilroberta-base,,1.4,1,0,1.0
masked,distilroberta-base,distilroberta-base,,1.4,1,1,5.0
masked,distilroberta-base,distilroberta-base,,1.4,1,2,12.0
masked,distilroberta-base,distilroberta-base,,1.4,1,3,25.0
masked,distilroberta-base,distilroberta-base,,1.4,1,4,25.0
masked,distilroberta-base,distilroberta-base,,1.4,1,5,25.0
masked,distilroberta-base,distilroberta-base,,1.4,1,6,21.0
masked,distilroberta-base,distilroberta-base,,1.4,1,7,24.0
masked,distilroberta-base,distilroberta-base,,1.4,1,8,29.0
masked,distilroberta-base,distilroberta-base,,1.4,1,9,35.0
masked,distilroberta-base,distilroberta-base,,1.4,1,10,33.0
masked,distilroberta-base,distilroberta-base,,1.4,1,11,28.0
masked,distilroberta-base,distilroberta-base,,1.4,1,12,31.0
masked,distilroberta-base,distilroberta-base,,1.4,1,13,30.0
masked,distilroberta-base,distilroberta-base,,1.4,1,14,29.0
masked,distilroberta-base,distilroberta-base,,1.4,1,15,32.0
masked,distilroberta-base,distilroberta-base,,1.4,1,16,32.0
masked,distilroberta-base,distilroberta-base,,1.4,1,17,32.0
masked,distilroberta-base,distilroberta-base,,1.4,1,18,45.0
masked,distilroberta-base,distilroberta-base,,1.4,1,19,45.0
masked,distilroberta-base,distilroberta-base,,1.4,1,20,45.0
masked,distilroberta-base,distilroberta-base,,1.4,1,21,45.0
masked,distilroberta-base,distilroberta-base,,1.4,1,22,48.0
masked,distilroberta-base,distilroberta-base,,1.4,1,23,47.0
masked,distilroberta-base,distilroberta-base,,1.4,1,24,48.0
masked,distilroberta-base,distilroberta-base,,1.4,1,25,48.0
masked,distilroberta-base,distilroberta-base,,1.4,1,26,48.0
masked,distilroberta-base,distilroberta-base,,1.4,1,27,47.0
masked,distilroberta-base,distilroberta-base,,1.4,1,28,47.0
masked,distilroberta-base,distilroberta-base,,1.4,1,29,48.0
masked,distilroberta-base,distilroberta-base,,1.4,1,30,47.0
masked,distilroberta-base,distilroberta-base,,1.4,1,31,47.0
masked,distilroberta-base,distilroberta-base,,1.4,1,32,48.0
masked,distilroberta-base,distilroberta-base,,1.4,1,33,48.0
masked,distilroberta-base,distilroberta-base,,1.4,1,34,47.0
masked,distilroberta-base,distilroberta-base,,1.4,1,35,48.0
masked,distilroberta-base,distilroberta-base,,1.4,1,36,46.0
masked,distilroberta-base,distilroberta-base,,1.4,1,37,48.0
masked,distilroberta-base,distilroberta-base,,1.4,1,38,47.0
masked,distilroberta-base,distilroberta-base,,1.4,1,39,47.0
masked,distilroberta-base,distilroberta-base,,1.4,1,40,47.0
masked,distilroberta-base,distilroberta-base,,1.4,1,41,48.0
masked,distilroberta-base,distilroberta-base,,1.4,1,42,47.0
masked,distilroberta-base,distilroberta-base,,1.4,1,43,46.0
masked,distilroberta-base,distilroberta-base,,1.4,1,44,48.0
masked,distilroberta-base,distilroberta-base,,1.4,1,45,46.0
masked,distilroberta-base,distilroberta-base,,1.4,1,46,48.0
masked,distilroberta-base,distilroberta-base,,1.4,1,47,48.0
masked,distilroberta-base,distilroberta-base,,1.4,1,48,47.0
masked,distilroberta-base,distilroberta-base,,1.4,1,49,48.0
masked,distilroberta-base,distilroberta-base,,1.4,1,50,48.0
masked,distilroberta-base,distilroberta-base,,1.4,1,51,48.0
masked,distilroberta-base,distilroberta-base,,1.4,1,52,48.0
masked,distilroberta-base,distilroberta-base,,1.4,1,53,47.0
masked,distilroberta-base,distilroberta-base,,1.4,1,54,48.0
masked,distilroberta-base,distilroberta-base,,1.4,1,55,48.0
masked,distilroberta-base,distilroberta-base,,1.4,1,56,48.0
masked,distilroberta-base,distilroberta-base,,1.4,1,57,47.0
masked,distilroberta-base,distilroberta-base,,1.4,1,58,47.0
masked,distilroberta-base,distilroberta-base,,1.4,1,59,46.0
masked,distilroberta-base,distilroberta-base,,1.4,1,60,48.0
masked,distilroberta-base,distilroberta-base,,1.4,1,61,48.0
masked,distilroberta-base,distilroberta-base,,1.4,1,62,48.0
masked,distilroberta-base,distilroberta-base,,1.4,1,63,48.0
masked,distilroberta-base,distilroberta-base,,1.4,1,64,48.0
masked,distilroberta-base,distilroberta-base,,1.4,1,65,48.0
masked,distilroberta-base,distilroberta-base,,1.4,1,66,48.0
masked,distilroberta-base,distilroberta-base,,1.4,1,67,48.0
masked,distilroberta-base,distilroberta-base,,1.4,1,68,48.0
masked,distilroberta-base,distilroberta-base,,1.4,1,69,48.0
masked,distilroberta-base,distilroberta-base,,1.4,1,70,48.0
masked,distilroberta-base,distilroberta-base,,1.4,1,71,48.0
masked,distilroberta-base,distilroberta-base,,1.4,1,72,48.0
masked,distilroberta-base,distilroberta-base,,1.4,1,73,48.0
masked,distilroberta-base,distilroberta-base,,1.4,1,74,48.0
masked,distilroberta-base,distilroberta-base,,1.4,1,75,46.0
masked,distilroberta-base,distilroberta-base,,1.4,1,76,48.0
masked,distilroberta-base,distilroberta-base,,1.4,1,77,48.0
masked,distilroberta-base,distilroberta-base,,1.4,1,78,48.0
masked,distilroberta-base,distilroberta-base,,1.4,1,79,46.0
masked,distilroberta-base,distilroberta-base,,1.4,1,80,47.0
masked,distilroberta-base,distilroberta-base,,1.4,2,0,1.0
masked,distilroberta-base,distilroberta-base,,1.4,2,1,3.0
masked,distilroberta-base,distilroberta-base,,1.4,2,2,9.0
masked,distilroberta-base,distilroberta-base,,1.4,2,3,17.0
masked,distilroberta-base,distilroberta-base,,1.4,2,4,24.0
masked,distilroberta-base,distilroberta-base,,1.4,2,5,33.0
masked,distilroberta-base,distilroberta-base,,1.4,2,6,36.0
masked,distilroberta-base,distilroberta-base,,1.4,2,7,35.0
masked,distilroberta-base,distilroberta-base,,1.4,2,8,39.0
masked,distilroberta-base,distilroberta-base,,1.4,2,9,36.0
masked,distilroberta-base,distilroberta-base,,1.4,2,10,34.0
masked,distilroberta-base,distilroberta-base,,1.4,2,11,38.0
masked,distilroberta-base,distilroberta-base,,1.4,2,12,38.0
masked,distilroberta-base,distilroberta-base,,1.4,2,13,46.0
masked,distilroberta-base,distilroberta-base,,1.4,2,14,45.0
masked,distilroberta-base,distilroberta-base,,1.4,2,15,44.0
masked,distilroberta-base,distilroberta-base,,1.4,2,16,46.0
masked,distilroberta-base,distilroberta-base,,1.4,2,17,46.0
masked,distilroberta-base,distilroberta-base,,1.4,2,18,48.0
masked,distilroberta-base,distilroberta-base,,1.4,2,19,48.0
masked,distilroberta-base,distilroberta-base,,1.4,2,20,47.0
masked,distilroberta-base,distilroberta-base,,1.4,2,21,48.0
masked,distilroberta-base,distilroberta-base,,1.4,2,22,48.0
masked,distilroberta-base,distilroberta-base,,1.4,2,23,48.0
masked,distilroberta-base,distilroberta-base,,1.4,2,24,48.0
masked,distilroberta-base,distilroberta-base,,1.4,2,25,48.0
masked,distilroberta-base,distilroberta-base,,1.4,2,26,48.0
masked,distilroberta-base,distilroberta-base,,1.4,2,27,48.0
masked,distilroberta-base,distilroberta-base,,1.4,2,28,48.0
masked,distilroberta-base,distilroberta-base,,1.4,2,29,48.0
masked,distilroberta-base,distilroberta-base,,1.4,2,30,48.0
masked,distilroberta-base,distilroberta-base,,1.4,2,31,47.0
masked,distilroberta-base,distilroberta-base,,1.4,2,32,48.0
masked,distilroberta-base,distilroberta-base,,1.4,2,33,48.0
masked,distilroberta-base,distilroberta-base,,1.4,2,34,48.0
masked,distilroberta-base,distilroberta-base,,1.4,2,35,47.0
masked,distilroberta-base,distilroberta-base,,1.4,2,36,48.0
masked,distilroberta-base,distilroberta-base,,1.4,2,37,48.0
masked,distilroberta-base,distilroberta-base,,1.4,2,38,48.0
masked,distilroberta-base,distilroberta-base,,1.4,2,39,48.0
masked,distilroberta-base,distilroberta-base,,1.4,2,40,48.0
masked,distilroberta-base,distilroberta-base,,1.4,2,41,48.0
masked,distilroberta-base,distilroberta-base,,1.4,2,42,48.0
masked,distilroberta-base,distilroberta-base,,1.4,2,43,48.0
masked,distilroberta-base,distilroberta-base,,1.4,2,44,48.0
masked,distilroberta-base,distilroberta-base,,1.4,2,45,48.0
masked,distilroberta-base,distilroberta-base,,1.4,2,46,48.0
masked,distilroberta-base,distilroberta-base,,1.4,2,47,48.0
masked,distilroberta-base,distilroberta-base,,1.4,2,48,48.0
masked,distilroberta-base,distilroberta-base,,1.4,2,49,48.0
masked,distilroberta-base,distilroberta-base,,1.4,2,50,48.0
masked,distilroberta-base,distilroberta-base,,1.4,2,51,47.0
masked,distilroberta-base,distilroberta-base,,1.4,2,52,48.0
masked,distilroberta-base,distilroberta-base,,1.4,2,53,48.0
masked,distilroberta-base,distilroberta-base,,1.4,2,54,48.0
masked,distilroberta-base,distilroberta-base,,1.4,2,55,48.0
masked,distilroberta-base,distilroberta-base,,1.4,2,56,48.0
masked,distilroberta-base,distilroberta-base,,1.4,2,57,48.0
masked,distilroberta-base,distilroberta-base,,1.4,2,58,48.0
masked,distilroberta-base,distilroberta-base,,1.4,2,59,48.0
masked,distilroberta-base,distilroberta-base,,1.4,2,60,47.0
masked,distilroberta-base,distilroberta-base,,1.4,2,61,48.0
masked,distilroberta-base,distilroberta-base,,1.4,2,62,48.0
masked,distilroberta-base,distilroberta-base,,1.4,2,63,48.0
masked,distilroberta-base,distilroberta-base,,1.4,2,64,48.0
masked,distilroberta-base,distilroberta-base,,1.4,2,65,48.0
masked,distilroberta-base,distilroberta-base,,1.4,2,66,47.0
masked,distilroberta-base,distilroberta-base,,1.4,2,67,48.0
masked,distilroberta-base,distilroberta-base,,1.4,2,68,48.0
masked,distilroberta-base,distilroberta-base,,1.4,2,69,48.0
masked,distilroberta-base,distilroberta-base,,1.4,2,70,48.0
masked,distilroberta-base,distilroberta-base,,1.4,2,71,48.0
masked,distilroberta-base,distilroberta-base,,1.4,2,72,48.0
masked,distilroberta-base,distilroberta-base,,1.4,2,73,48.0
masked,distilroberta-base,distilroberta-base,,1.4,2,74,48.0
masked,distilroberta-base,distilroberta-base,,1.4,2,75,48.0
masked,distilroberta-base,distilroberta-base,,1.4,2,76,48.0
masked,distilroberta-base,distilroberta-base,,1.4,2,77,48.0
masked,distilroberta-base,distilroberta-base,,1.4,2,78,48.0
masked,distilroberta-base,distilroberta-base,,1.4,2,79,48.0
masked,distilroberta-base,distilroberta-base,,1.4,2,80,48.0
masked,distilroberta-base,distilroberta-base,,1.4,3,0,1.0
masked,distilroberta-base,distilroberta-base,,1.4,3,1,7.0
masked,distilroberta-base,distilroberta-base,,1.4,3,2,11.0
masked,distilroberta-base,distilroberta-base,,1.4,3,3,23.0
masked,distilroberta-base,distilroberta-base,,1.4,3,4,25.0
masked,distilroberta-base,distilroberta-base,,1.4,3,5,26.0
masked,distilroberta-base,distilroberta-base,,1.4,3,6,26.0
masked,distilroberta-base,distilroberta-base,,1.4,3,7,29.0
masked,distilroberta-base,distilroberta-base,,1.4,3,8,25.0
masked,distilroberta-base,distilroberta-base,,1.4,3,9,29.0
masked,distilroberta-base,distilroberta-base,,1.4,3,10,32.0
masked,distilroberta-base,distilroberta-base,,1.4,3,11,35.0
masked,distilroberta-base,distilroberta-base,,1.4,3,12,39.0
masked,distilroberta-base,distilroberta-base,,1.4,3,13,35.0
masked,distilroberta-base,distilroberta-base,,1.4,3,14,32.0
masked,distilroberta-base,distilroberta-base,,1.4,3,15,33.0
masked,distilroberta-base,distilroberta-base,,1.4,3,16,37.0
masked,distilroberta-base,distilroberta-base,,1.4,3,17,37.0
masked,distilroberta-base,distilroberta-base,,1.4,3,18,37.0
masked,distilroberta-base,distilroberta-base,,1.4,3,19,40.0
masked,distilroberta-base,distilroberta-base,,1.4,3,20,43.0
masked,distilroberta-base,distilroberta-base,,1.4,3,21,43.0
masked,distilroberta-base,distilroberta-base,,1.4,3,22,42.0
masked,distilroberta-base,distilroberta-base,,1.4,3,23,41.0
masked,distilroberta-base,distilroberta-base,,1.4,3,24,41.0
masked,distilroberta-base,distilroberta-base,,1.4,3,25,42.0
masked,distilroberta-base,distilroberta-base,,1.4,3,26,44.0
masked,distilroberta-base,distilroberta-base,,1.4,3,27,44.0
masked,distilroberta-base,distilroberta-base,,1.4,3,28,43.0
masked,distilroberta-base,distilroberta-base,,1.4,3,29,45.0
masked,distilroberta-base,distilroberta-base,,1.4,3,30,43.0
masked,distilroberta-base,distilroberta-base,,1.4,3,31,43.0
masked,distilroberta-base,distilroberta-base,,1.4,3,32,43.0
masked,distilroberta-base,distilroberta-base,,1.4,3,33,43.0
masked,distilroberta-base,distilroberta-base,,1.4,3,34,39.0
masked,distilroberta-base,distilroberta-base,,1.4,3,35,37.0
masked,distilroberta-base,distilroberta-base,,1.4,3,36,40.0
masked,distilroberta-base,distilroberta-base,,1.4,3,37,39.0
masked,distilroberta-base,distilroberta-base,,1.4,3,38,40.0
masked,distilroberta-base,distilroberta-base,,1.4,3,39,40.0
masked,distilroberta-base,distilroberta-base,,1.4,3,40,37.0
masked,distilroberta-base,distilroberta-base,,1.4,3,41,36.0
masked,distilroberta-base,distilroberta-base,,1.4,3,42,36.0
masked,distilroberta-base,distilroberta-base,,1.4,3,43,35.0
masked,distilroberta-base,distilroberta-base,,1.4,3,44,36.0
masked,distilroberta-base,distilroberta-base,,1.4,3,45,36.0
masked,distilroberta-base,distilroberta-base,,1.4,3,46,32.0
masked,distilroberta-base,distilroberta-base,,1.4,3,47,33.0
masked,distilroberta-base,distilroberta-base,,1.4,3,48,36.0
masked,distilroberta-base,distilroberta-base,,1.4,3,49,37.0
masked,distilroberta-base,distilroberta-base,,1.4,3,50,36.0
masked,distilroberta-base,distilroberta-base,,1.4,3,51,33.0
masked,distilroberta-base,distilroberta-base,,1.4,3,52,38.0
masked,distilroberta-base,distilroberta-base,,1.4,3,53,34.0
masked,distilroberta-base,distilroberta-base,,1.4,3,54,34.0
masked,distilroberta-base,distilroberta-base,,1.4,3,55,33.0
masked,distilroberta-base,distilroberta-base,,1.4,3,56,34.0
masked,distilroberta-base,distilroberta-base,,1.4,3,57,38.0
masked,distilroberta-base,distilroberta-base,,1.4,3,58,40.0
masked,distilroberta-base,distilroberta-base,,1.4,3,59,37.0
masked,distilroberta-base,distilroberta-base,,1.4,3,60,36.0
masked,distilroberta-base,distilroberta-base,,1.4,3,61,34.0
masked,distilroberta-base,distilroberta-base,,1.4,3,62,34.0
masked,distilroberta-base,distilroberta-base,,1.4,3,63,35.0
masked,distilroberta-base,distilroberta-base,,1.4,3,64,37.0
masked,distilroberta-base,distilroberta-base,,1.4,3,65,34.0
masked,distilroberta-base,distilroberta-base,,1.4,3,66,32.0
masked,distilroberta-base,distilroberta-base,,1.4,3,67,33.0
masked,distilroberta-base,distilroberta-base,,1.4,3,68,35.0
masked,distilroberta-base,distilroberta-base,,1.4,3,69,34.0
masked,distilroberta-base,distilroberta-base,,1.4,3,70,34.0
masked,distilroberta-base,distilroberta-base,,1.4,3,71,34.0
masked,distilroberta-base,distilroberta-base,,1.4,3,72,34.0
masked,distilroberta-base,distilroberta-base,,1.4,3,73,32.0
masked,distilroberta-base,distilroberta-base,,1.4,3,74,34.0
masked,distilroberta-base,distilroberta-base,,1.4,3,75,36.0
masked,distilroberta-base,distilroberta-base,,1.4,3,76,35.0
masked,distilroberta-base,distilroberta-base,,1.4,3,77,35.0
masked,distilroberta-base,distilroberta-base,,1.4,3,78,34.0
masked,distilroberta-base,distilroberta-base,,1.4,3,79,33.0
masked,distilroberta-base,distilroberta-base,,1.4,3,80,39.0
masked,distilroberta-base,distilroberta-base,,1.4,4,0,1.0
masked,distilroberta-base,distilroberta-base,,1.4,4,1,6.0
masked,distilroberta-base,distilroberta-base,,1.4,4,2,11.0
masked,distilroberta-base,distilroberta-base,,1.4,4,3,18.0
masked,distilroberta-base,distilroberta-base,,1.4,4,4,26.0
masked,distilroberta-base,distilroberta-base,,1.4,4,5,32.0
masked,distilroberta-base,distilroberta-base,,1.4,4,6,41.0
masked,distilroberta-base,distilroberta-base,,1.4,4,7,40.0
masked,distilroberta-base,distilroberta-base,,1.4,4,8,37.0
masked,distilroberta-base,distilroberta-base,,1.4,4,9,37.0
masked,distilroberta-base,distilroberta-base,,1.4,4,10,29.0
masked,distilroberta-base,distilroberta-base,,1.4,4,11,35.0
masked,distilroberta-base,distilroberta-base,,1.4,4,12,34.0
masked,distilroberta-base,distilroberta-base,,1.4,4,13,36.0
masked,distilroberta-base,distilroberta-base,,1.4,4,14,27.0
masked,distilroberta-base,distilroberta-base,,1.4,4,15,28.0
masked,distilroberta-base,distilroberta-base,,1.4,4,16,33.0
masked,distilroberta-base,distilroberta-base,,1.4,4,17,26.0
masked,distilroberta-base,distilroberta-base,,1.4,4,18,30.0
masked,distilroberta-base,distilroberta-base,,1.4,4,19,27.0
masked,distilroberta-base,distilroberta-base,,1.4,4,20,28.0
masked,distilroberta-base,distilroberta-base,,1.4,4,21,31.0
masked,distilroberta-base,distilroberta-base,,1.4,4,22,31.0
masked,distilroberta-base,distilroberta-base,,1.4,4,23,33.0
masked,distilroberta-base,distilroberta-base,,1.4,4,24,33.0
masked,distilroberta-base,distilroberta-base,,1.4,4,25,28.0
masked,distilroberta-base,distilroberta-base,,1.4,4,26,33.0
masked,distilroberta-base,distilroberta-base,,1.4,4,27,29.0
masked,distilroberta-base,distilroberta-base,,1.4,4,28,33.0
masked,distilroberta-base,distilroberta-base,,1.4,4,29,28.0
masked,distilroberta-base,distilroberta-base,,1.4,4,30,34.0
masked,distilroberta-base,distilroberta-base,,1.4,4,31,37.0
masked,distilroberta-base,distilroberta-base,,1.4,4,32,35.0
masked,distilroberta-base,distilroberta-base,,1.4,4,33,31.0
masked,distilroberta-base,distilroberta-base,,1.4,4,34,31.0
masked,distilroberta-base,distilroberta-base,,1.4,4,35,37.0
masked,distilroberta-base,distilroberta-base,,1.4,4,36,31.0
masked,distilroberta-base,distilroberta-base,,1.4,4,37,29.0
masked,distilroberta-base,distilroberta-base,,1.4,4,38,38.0
masked,distilroberta-base,distilroberta-base,,1.4,4,39,40.0
masked,distilroberta-base,distilroberta-base,,1.4,4,40,37.0
masked,distilroberta-base,distilroberta-base,,1.4,4,41,42.0
masked,distilroberta-base,distilroberta-base,,1.4,4,42,35.0
masked,distilroberta-base,distilroberta-base,,1.4,4,43,39.0
masked,distilroberta-base,distilroberta-base,,1.4,4,44,36.0
masked,distilroberta-base,distilroberta-base,,1.4,4,45,37.0
masked,distilroberta-base,distilroberta-base,,1.4,4,46,31.0
masked,distilroberta-base,distilroberta-base,,1.4,4,47,37.0
masked,distilroberta-base,distilroberta-base,,1.4,4,48,36.0
masked,distilroberta-base,distilroberta-base,,1.4,4,49,36.0
masked,distilroberta-base,distilroberta-base,,1.4,4,50,40.0
masked,distilroberta-base,distilroberta-base,,1.4,4,51,42.0
masked,distilroberta-base,distilroberta-base,,1.4,4,52,45.0
masked,distilroberta-base,distilroberta-base,,1.4,4,53,47.0
masked,distilroberta-base,distilroberta-base,,1.4,4,54,45.0
masked,distilroberta-base,distilroberta-base,,1.4,4,55,45.0
masked,distilroberta-base,distilroberta-base,,1.4,4,56,47.0
masked,distilroberta-base,distilroberta-base,,1.4,4,57,48.0
masked,distilroberta-base,distilroberta-base,,1.4,4,58,47.0
masked,distilroberta-base,distilroberta-base,,1.4,4,59,47.0
masked,distilroberta-base,distilroberta-base,,1.4,4,60,48.0
masked,distilroberta-base,distilroberta-base,,1.4,4,61,48.0
masked,distilroberta-base,distilroberta-base,,1.4,4,62,48.0
masked,distilroberta-base,distilroberta-base,,1.4,4,63,48.0
masked,distilroberta-base,distilroberta-base,,1.4,4,64,48.0
masked,distilroberta-base,distilroberta-base,,1.4,4,65,48.0
masked,distilroberta-base,distilroberta-base,,1.4,4,66,48.0
masked,distilroberta-base,distilroberta-base,,1.4,4,67,48.0
masked,distilroberta-base,distilroberta-base,,1.4,4,68,48.0
masked,distilroberta-base,distilroberta-base,,1.4,4,69,47.0
masked,distilroberta-base,distilroberta-base,,1.4,4,70,47.0
masked,distilroberta-base,distilroberta-base,,1.4,4,71,47.0
masked,distilroberta-base,distilroberta-base,,1.4,4,72,48.0
masked,distilroberta-base,distilroberta-base,,1.4,4,73,48.0
masked,distilroberta-base,distilroberta-base,,1.4,4,74,48.0
masked,distilroberta-base,distilroberta-base,,1.4,4,75,48.0
masked,distilroberta-base,distilroberta-base,,1.4,4,76,48.0
masked,distilroberta-base,distilroberta-base,,1.4,4,77,47.0
masked,distilroberta-base,distilroberta-base,,1.4,4,78,48.0
masked,distilroberta-base,distilroberta-base,,1.4,4,79,48.0
masked,distilroberta-base,distilroberta-base,,1.4,4,80,48.0
masked,distilroberta-base,distilroberta-base,,1.4,5,0,1.0
masked,distilroberta-base,distilroberta-base,,1.4,5,1,4.0
masked,distilroberta-base,distilroberta-base,,1.4,5,2,11.0
masked,distilroberta-base,distilroberta-base,,1.4,5,3,19.0
masked,distilroberta-base,distilroberta-base,,1.4,5,4,23.0
masked,distilroberta-base,distilroberta-base,,1.4,5,5,26.0
masked,distilroberta-base,distilroberta-base,,1.4,5,6,25.0
masked,distilroberta-base,distilroberta-base,,1.4,5,7,30.0
masked,distilroberta-base,distilroberta-base,,1.4,5,8,30.0
masked,distilroberta-base,distilroberta-base,,1.4,5,9,29.0
masked,distilroberta-base,distilroberta-base,,1.4,5,10,37.0
masked,distilroberta-base,distilroberta-base,,1.4,5,11,29.0
masked,distilroberta-base,distilroberta-base,,1.4,5,12,27.0
masked,distilroberta-base,distilroberta-base,,1.4,5,13,28.0
masked,distilroberta-base,distilroberta-base,,1.4,5,14,24.0
masked,distilroberta-base,distilroberta-base,,1.4,5,15,29.0
masked,distilroberta-base,distilroberta-base,,1.4,5,16,33.0
masked,distilroberta-base,distilroberta-base,,1.4,5,17,28.0
masked,distilroberta-base,distilroberta-base,,1.4,5,18,25.0
masked,distilroberta-base,distilroberta-base,,1.4,5,19,21.0
masked,distilroberta-base,distilroberta-base,,1.4,5,20,25.0
masked,distilroberta-base,distilroberta-base,,1.4,5,21,27.0
masked,distilroberta-base,distilroberta-base,,1.4,5,22,25.0
masked,distilroberta-base,distilroberta-base,,1.4,5,23,30.0
masked,distilroberta-base,distilroberta-base,,1.4,5,24,28.0
masked,distilroberta-base,distilroberta-base,,1.4,5,25,23.0
masked,distilroberta-base,distilroberta-base,,1.4,5,26,27.0
masked,distilroberta-base,distilroberta-base,,1.4,5,27,25.0
masked,distilroberta-base,distilroberta-base,,1.4,5,28,22.0
masked,distilroberta-base,distilroberta-base,,1.4,5,29,20.0
masked,distilroberta-base,distilroberta-base,,1.4,5,30,23.0
masked,distilroberta-base,distilroberta-base,,1.4,5,31,22.0
masked,distilroberta-base,distilroberta-base,,1.4,5,32,17.0
masked,distilroberta-base,distilroberta-base,,1.4,5,33,21.0
masked,distilroberta-base,distilroberta-base,,1.4,5,34,28.0
masked,distilroberta-base,distilroberta-base,,1.4,5,35,29.0
masked,distilroberta-base,distilroberta-base,,1.4,5,36,30.0
masked,distilroberta-base,distilroberta-base,,1.4,5,37,27.0
masked,distilroberta-base,distilroberta-base,,1.4,5,38,28.0
masked,distilroberta-base,distilroberta-base,,1.4,5,39,27.0
masked,distilroberta-base,distilroberta-base,,1.4,5,40,24.0
masked,distilroberta-base,distilroberta-base,,1.4,5,41,20.0
masked,distilroberta-base,distilroberta-base,,1.4,5,42,24.0
masked,distilroberta-base,distilroberta-base,,1.4,5,43,28.0
masked,distilroberta-base,distilroberta-base,,1.4,5,44,35.0
masked,distilroberta-base,distilroberta-base,,1.4,5,45,30.0
masked,distilroberta-base,distilroberta-base,,1.4,5,46,26.0
masked,distilroberta-base,distilroberta-base,,1.4,5,47,27.0
masked,distilroberta-base,distilroberta-base,,1.4,5,48,30.0
masked,distilroberta-base,distilroberta-base,,1.4,5,49,30.0
masked,distilroberta-base,distilroberta-base,,1.4,5,50,25.0
masked,distilroberta-base,distilroberta-base,,1.4,5,51,22.0
masked,distilroberta-base,distilroberta-base,,1.4,5,52,24.0
masked,distilroberta-base,distilroberta-base,,1.4,5,53,23.0
masked,distilroberta-base,distilroberta-base,,1.4,5,54,22.0
masked,distilroberta-base,distilroberta-base,,1.4,5,55,27.0
masked,distilroberta-base,distilroberta-base,,1.4,5,56,26.0
masked,distilroberta-base,distilroberta-base,,1.4,5,57,26.0
masked,distilroberta-base,distilroberta-base,,1.4,5,58,21.0
masked,distilroberta-base,distilroberta-base,,1.4,5,59,20.0
masked,distilroberta-base,distilroberta-base,,1.4,5,60,20.0
masked,distilroberta-base,distilroberta-base,,1.4,5,61,17.0
masked,distilroberta-base,distilroberta-base,,1.4,5,62,23.0
masked,distilroberta-base,distilroberta-base,,1.4,5,63,27.0
masked,distilroberta-base,distilroberta-base,,1.4,5,64,28.0
masked,distilroberta-base,distilroberta-base,,1.4,5,65,26.0
masked,distilroberta-base,distilroberta-base,,1.4,5,66,25.0
masked,distilroberta-base,distilroberta-base,,1.4,5,67,22.0
masked,distilroberta-base,distilroberta-base,,1.4,5,68,22.0
masked,distilroberta-base,distilroberta-base,,1.4,5,69,30.0
masked,distilroberta-base,distilroberta-base,,1.4,5,70,28.0
masked,distilroberta-base,distilroberta-base,,1.4,5,71,28.0
masked,distilroberta-base,distilroberta-base,,1.4,5,72,25.0
masked,distilroberta-base,distilroberta-base,,1.4,5,73,30.0
masked,distilroberta-base,distilroberta-base,,1.4,5,74,31.0
masked,distilroberta-base,distilroberta-base,,1.4,5,75,22.0
masked,distilroberta-base,distilroberta-base,,1.4,5,76,29.0
masked,distilroberta-base,distilroberta-base,,1.4,5,77,29.0
masked,distilroberta-base,distilroberta-base,,1.4,5,78,27.0
masked,distilroberta-base,distilroberta-base,,1.4,5,79,21.0
masked,distilroberta-base,distilroberta-base,,1.4,5,80,22.0
masked,distilroberta-base,distilroberta-base,,1.4,6,0,1.0
masked,distilroberta-base,distilroberta-base,,1.4,6,1,6.0
masked,distilroberta-base,distilroberta-base,,1.4,6,2,13.0
masked,distilroberta-base,distilroberta-base,,1.4,6,3,18.0
masked,distilroberta-base,distilroberta-base,,1.4,6,4,21.0
masked,distilroberta-base,distilroberta-base,,1.4,6,5,23.0
masked,distilroberta-base,distilroberta-base,,1.4,6,6,29.0
masked,distilroberta-base,distilroberta-base,,1.4,6,7,33.0
masked,distilroberta-base,distilroberta-base,,1.4,6,8,30.0
masked,distilroberta-base,distilroberta-base,,1.4,6,9,33.0
masked,distilroberta-base,distilroberta-base,,1.4,6,10,35.0
masked,distilroberta-base,distilroberta-base,,1.4,6,11,33.0
masked,distilroberta-base,distilroberta-base,,1.4,6,12,39.0
masked,distilroberta-base,distilroberta-base,,1.4,6,13,42.0
masked,distilroberta-base,distilroberta-base,,1.4,6,14,43.0
masked,distilroberta-base,distilroberta-base,,1.4,6,15,40.0
masked,distilroberta-base,distilroberta-base,,1.4,6,16,43.0
masked,distilroberta-base,distilroberta-base,,1.4,6,17,48.0
masked,distilroberta-base,distilroberta-base,,1.4,6,18,47.0
masked,distilroberta-base,distilroberta-base,,1.4,6,19,48.0
masked,distilroberta-base,distilroberta-base,,1.4,6,20,48.0
masked,distilroberta-base,distilroberta-base,,1.4,6,21,48.0
masked,distilroberta-base,distilroberta-base,,1.4,6,22,48.0
masked,distilroberta-base,distilroberta-base,,1.4,6,23,46.0
masked,distilroberta-base,distilroberta-base,,1.4,6,24,48.0
masked,distilroberta-base,distilroberta-base,,1.4,6,25,48.0
masked,distilroberta-base,distilroberta-base,,1.4,6,26,47.0
masked,distilroberta-base,distilroberta-base,,1.4,6,27,48.0
masked,distilroberta-base,distilroberta-base,,1.4,6,28,48.0
masked,distilroberta-base,distilroberta-base,,1.4,6,29,48.0
masked,distilroberta-base,distilroberta-base,,1.4,6,30,47.0
masked,distilroberta-base,distilroberta-base,,1.4,6,31,48.0
masked,distilroberta-base,distilroberta-base,,1.4,6,32,48.0
masked,distilroberta-base,distilroberta-base,,1.4,6,33,47.0
masked,distilroberta-base,distilroberta-base,,1.4,6,34,48.0
masked,distilroberta-base,distilroberta-base,,1.4,6,35,48.0
masked,distilroberta-base,distilroberta-base,,1.4,6,36,48.0
masked,distilroberta-base,distilroberta-base,,1.4,6,37,48.0
masked,distilroberta-base,distilroberta-base,,1.4,6,38,48.0
masked,distilroberta-base,distilroberta-base,,1.4,6,39,47.0
masked,distilroberta-base,distilroberta-base,,1.4,6,40,48.0
masked,distilroberta-base,distilroberta-base,,1.4,6,41,48.0
masked,distilroberta-base,distilroberta-base,,1.4,6,42,47.0
masked,distilroberta-base,distilroberta-base,,1.4,6,43,47.0
masked,distilroberta-base,distilroberta-base,,1.4,6,44,48.0
masked,distilroberta-base,distilroberta-base,,1.4,6,45,48.0
masked,distilroberta-base,distilroberta-base,,1.4,6,46,47.0
masked,distilroberta-base,distilroberta-base,,1.4,6,47,48.0
masked,distilroberta-base,distilroberta-base,,1.4,6,48,47.0
masked,distilroberta-base,distilroberta-base,,1.4,6,49,47.0
masked,distilroberta-base,distilroberta-base,,1.4,6,50,47.0
masked,distilroberta-base,distilroberta-base,,1.4,6,51,48.0
masked,distilroberta-base,distilroberta-base,,1.4,6,52,47.0
masked,distilroberta-base,distilroberta-base,,1.4,6,53,48.0
masked,distilroberta-base,distilroberta-base,,1.4,6,54,46.0
masked,distilroberta-base,distilroberta-base,,1.4,6,55,48.0
masked,distilroberta-base,distilroberta-base,,1.4,6,56,47.0
masked,distilroberta-base,distilroberta-base,,1.4,6,57,48.0
masked,distilroberta-base,distilroberta-base,,1.4,6,58,48.0
masked,distilroberta-base,distilroberta-base,,1.4,6,59,47.0
masked,distilroberta-base,distilroberta-base,,1.4,6,60,47.0
masked,distilroberta-base,distilroberta-base,,1.4,6,61,46.0
masked,distilroberta-base,distilroberta-base,,1.4,6,62,48.0
masked,distilroberta-base,distilroberta-base,,1.4,6,63,48.0
masked,distilroberta-base,distilroberta-base,,1.4,6,64,47.0
masked,distilroberta-base,distilroberta-base,,1.4,6,65,46.0
masked,distilroberta-base,distilroberta-base,,1.4,6,66,44.0
masked,distilroberta-base,distilroberta-base,,1.4,6,67,46.0
masked,distilroberta-base,distilroberta-base,,1.4,6,68,48.0
masked,distilroberta-base,distilroberta-base,,1.4,6,69,48.0
masked,distilroberta-base,distilroberta-base,,1.4,6,70,47.0
masked,distilroberta-base,distilroberta-base,,1.4,6,71,48.0
masked,distilroberta-base,distilroberta-base,,1.4,6,72,45.0
masked,distilroberta-base,distilroberta-base,,1.4,6,73,47.0
masked,distilroberta-base,distilroberta-base,,1.4,6,74,48.0
masked,distilroberta-base,distilroberta-base,,1.4,6,75,48.0
masked,distilroberta-base,distilroberta-base,,1.4,6,76,46.0
masked,distilroberta-base,distilroberta-base,,1.4,6,77,48.0
masked,distilroberta-base,distilroberta-base,,1.4,6,78,46.0
masked,distilroberta-base,distilroberta-base,,1.4,6,79,47.0
masked,distilroberta-base,distilroberta-base,,1.4,6,80,47.0
masked,distilroberta-base,distilroberta-base,,1.4,7,0,1.0
masked,distilroberta-base,distilroberta-base,,1.4,7,1,6.0
masked,distilroberta-base,distilroberta-base,,1.4,7,2,7.0
masked,distilroberta-base,distilroberta-base,,1.4,7,3,10.0
masked,distilroberta-base,distilroberta-base,,1.4,7,4,16.0
masked,distilroberta-base,distilroberta-base,,1.4,7,5,20.0
masked,distilroberta-base,distilroberta-base,,1.4,7,6,27.0
masked,distilroberta-base,distilroberta-base,,1.4,7,7,29.0
masked,distilroberta-base,distilroberta-base,,1.4,7,8,26.0
masked,distilroberta-base,distilroberta-base,,1.4,7,9,26.0
masked,distilroberta-base,distilroberta-base,,1.4,7,10,32.0
masked,distilroberta-base,distilroberta-base,,1.4,7,11,32.0
masked,distilroberta-base,distilroberta-base,,1.4,7,12,22.0
masked,distilroberta-base,distilroberta-base,,1.4,7,13,17.0
masked,distilroberta-base,distilroberta-base,,1.4,7,14,20.0
masked,distilroberta-base,distilroberta-base,,1.4,7,15,25.0
masked,distilroberta-base,distilroberta-base,,1.4,7,16,26.0
masked,distilroberta-base,distilroberta-base,,1.4,7,17,29.0
masked,distilroberta-base,distilroberta-base,,1.4,7,18,21.0
masked,distilroberta-base,distilroberta-base,,1.4,7,19,24.0
masked,distilroberta-base,distilroberta-base,,1.4,7,20,29.0
masked,distilroberta-base,distilroberta-base,,1.4,7,21,23.0
masked,distilroberta-base,distilroberta-base,,1.4,7,22,30.0
masked,distilroberta-base,distilroberta-base,,1.4,7,23,29.0
masked,distilroberta-base,distilroberta-base,,1.4,7,24,29.0
masked,distilroberta-base,distilroberta-base,,1.4,7,25,27.0
masked,distilroberta-base,distilroberta-base,,1.4,7,26,26.0
masked,distilroberta-base,distilroberta-base,,1.4,7,27,28.0
masked,distilroberta-base,distilroberta-base,,1.4,7,28,28.0
masked,distilroberta-base,distilroberta-base,,1.4,7,29,29.0
masked,distilroberta-base,distilroberta-base,,1.4,7,30,25.0
masked,distilroberta-base,distilroberta-base,,1.4,7,31,27.0
masked,distilroberta-base,distilroberta-base,,1.4,7,32,27.0
masked,distilroberta-base,distilroberta-base,,1.4,7,33,21.0
masked,distilroberta-base,distilroberta-base,,1.4,7,34,19.0
masked,distilroberta-base,distilroberta-base,,1.4,7,35,17.0
masked,distilroberta-base,distilroberta-base,,1.4,7,36,22.0
masked,distilroberta-base,distilroberta-base,,1.4,7,37,27.0
masked,distilroberta-base,distilroberta-base,,1.4,7,38,30.0
masked,distilroberta-base,distilroberta-base,,1.4,7,39,27.0
masked,distilroberta-base,distilroberta-base,,1.4,7,40,31.0
masked,distilroberta-base,distilroberta-base,,1.4,7,41,31.0
masked,distilroberta-base,distilroberta-base,,1.4,7,42,32.0
masked,distilroberta-base,distilroberta-base,,1.4,7,43,28.0
masked,distilroberta-base,distilroberta-base,,1.4,7,44,22.0
masked,distilroberta-base,distilroberta-base,,1.4,7,45,23.0
masked,distilroberta-base,distilroberta-base,,1.4,7,46,22.0
masked,distilroberta-base,distilroberta-base,,1.4,7,47,20.0
masked,distilroberta-base,distilroberta-base,,1.4,7,48,27.0
masked,distilroberta-base,distilroberta-base,,1.4,7,49,32.0
masked,distilroberta-base,distilroberta-base,,1.4,7,50,33.0
masked,distilroberta-base,distilroberta-base,,1.4,7,51,31.0
masked,distilroberta-base,distilroberta-base,,1.4,7,52,25.0
masked,distilroberta-base,distilroberta-base,,1.4,7,53,33.0
masked,distilroberta-base,distilroberta-base,,1.4,7,54,34.0
masked,distilroberta-base,distilroberta-base,,1.4,7,55,35.0
masked,distilroberta-base,distilroberta-base,,1.4,7,56,39.0
masked,distilroberta-base,distilroberta-base,,1.4,7,57,39.0
masked,distilroberta-base,distilroberta-base,,1.4,7,58,43.0
masked,distilroberta-base,distilroberta-base,,1.4,7,59,44.0
masked,distilroberta-base,distilroberta-base,,1.4,7,60,48.0
masked,distilroberta-base,distilroberta-base,,1.4,7,61,47.0
masked,distilroberta-base,distilroberta-base,,1.4,7,62,47.0
masked,distilroberta-base,distilroberta-base,,1.4,7,63,48.0
masked,distilroberta-base,distilroberta-base,,1.4,7,64,48.0
masked,distilroberta-base,distilroberta-base,,1.4,7,65,48.0
masked,distilroberta-base,distilroberta-base,,1.4,7,66,46.0
masked,distilroberta-base,distilroberta-base,,1.4,7,67,47.0
masked,distilroberta-base,distilroberta-base,,1.4,7,68,45.0
masked,distilroberta-base,distilroberta-base,,1.4,7,69,48.0
masked,distilroberta-base,distilroberta-base,,1.4,7,70,48.0
masked,distilroberta-base,distilroberta-base,,1.4,7,71,47.0
masked,distilroberta-base,distilroberta-base,,1.4,7,72,48.0
masked,distilroberta-base,distilroberta-base,,1.4,7,73,48.0
masked,distilroberta-base,distilroberta-base,,1.4,7,74,47.0
masked,distilroberta-base,distilroberta-base,,1.4,7,75,48.0
masked,distilroberta-base,distilroberta-base,,1.4,7,76,48.0
masked,distilroberta-base,distilroberta-base,,1.4,7,77,47.0
masked,distilroberta-base,distilroberta-base,,1.4,7,78,48.0
masked,distilroberta-base,distilroberta-base,,1.4,7,79,48.0
masked,distilroberta-base,distilroberta-base,,1.4,7,80,48.0
