arch,model,model_tag,window,temp,pair,generation,hamming
causal,EleutherAI/pythia-160m,pythia-160m,,1.0,0,0,1.0
causal,EleutherAI/pythia-160m,pythia-160m,,1.0,0,1,13.0
causal,EleutherAI/pythia-160m,pythia-160m,,1.0,0,2,18.0
causal,EleutherAI/pythia-160m,pythia-160m,,1.0,0,3,27.0
causal,EleutherAI/pythia-160m,pythia-160m,,1.0,0,4,25.0
causal,EleutherAI/pythia-160m,pythia-160m,,1.0,0,5,28.0
causal,EleutherAI/pythia-160m,pythia-160m,,1.0,0,6,27.0
causal,EleutherAI/pythia-160m,pythia-160m,,1.0,0,7,23.0
causal,EleutherAI/pythia-160m,pythia-160m,,1.0,0,8,22.0
causal,EleutherAI/pythia-160m,pythia-160m,,1.0,0,9,21.0
causal,EleutherAI/pythia-160m,pythia-160m,,1.0,0,10,22.0
causal,EleutherAI/pythia-160m,pythia-160m,,1.0,0,11,18.0
causal,EleutherAI/pythia-160m,pythia-160m,,1.0,0,12,15.0
causal,EleutherAI/pythia-160m,pythia-160m,,1.0,0,13,14.0
causal,EleutherAI/pythia-160m,pythia-160m,,1.0,0,14,14.0
causal,EleutherAI/pythia-160m,pythia-160m,,1.0,0,15,15.0
causal,EleutherAI/pythia-160m,pythia-160m,,1.0,0,16,14.0
causal,EleutherAI/pythia-160m,pythia-160m,,1.0,0,17,14.0
causal,EleutherAI/pythia-160m,pythia-160m,,1.0,0,18,8.0
causal,EleutherAI/pythia-160m,pythia-160m,,1.0,0,19,13.0
causal,EleutherAI/pythia-160m,pythia-160m,,1.0,0,20,10.0
causal,EleutherAI/pythia-160m,pythia-160m,,1.0,0,21,10.0
causal,EleutherAI/pythia-160m,pythia-160m,,1.0,0,22,9.0
causal,EleutherAI/pythia-160m,pythia-160m,,1.0,0,23,10.0
causal,EleutherAI/pythia-160m,pythia-160m,,1.0,0,24,7.0
causal,EleutherAI/pythia-160m,pythia-160m,,1.0,0,25,5.0
causal,EleutherAI/pythia-160m,pythia-160m,,1.0,0,26,5.0
causal,EleutherAI/pythia-160m,pythia-160m,,1.0,0,27,4.0
causal,EleutherAI/pythia-160m,pythia-160m,,1.0,0,28,3.0
causal,EleutherAI/pythia-160m,pythia-160m,,1.0,0,29,1.0
causal,EleutherAI/pythia-160m,pythia-160m,,1.0,0,30,0.0
causal,EleutherAI/pythia-160m,pythia-160m,,1.0,0,31,0.0
causal,EleutherAI/pythia-160m,pythia-160m,,1.0,0,32,0.0
causal,EleutherAI/pythia-160m,pythia-160m,,1.0,0,33,0.0
causal,EleutherAI/pythia-160m,pythia-160m,,1.0,0,34,0.0
causal,EleutherAI/pythia-160m,pythia-160m,,1.0,0,35,0.0
causal,EleutherAI/pythia-160m,pythia-160m,,1.0,0,36,0.0
causal,EleutherAI/pythia-160m,pythia-160m,,1.0,0,37,0.0
causal,EleutherAI/pythia-160m,pythia-160m,,1.0,0,38,0.0
causal,EleutherAI/pythia-160m,pythia-160m,,1.0,0,39,0.0
causal,EleutherAI/pythia-160m,pythia-160m,,1.0,0,40,0.0
causal,EleutherAI/pythia-160m,pythia-160m,,1.0,0,41,0.0
causal,EleutherAI/pythia-160m,pythia-160m,,1.0,0,42,0.0
causal,EleutherAI/pythia-160m,pythia-160m,,1.0,0,43,0.0
causal,EleutherAI/pythia-160m,pythia-160m,,1.0,0,44,0.0
causal,EleutherAI/pythia-160m,pythia-160m,,1.0,0,45,0.0
causal,EleutherAI/pythia-160m,pythia-160m,,1.0,0,46,0.0
causal,EleutherAI/pythia-160m,pythia-160m,,1.0,0,47,0.0
causal,EleutherAI/pythia-160m,pythia-160m,,1.0,0,48,0.0
causal,EleutherAI/pythia-160m,pythia-160m,,1.0,0,49,0.0
causal,EleutherAI/pythia-160m,pythia-160m,,1.0,0,50,0.0
causal,EleutherAI/pythia-160m,pythia-160m,,1.0,0,51,0.0
causal,EleutherAI/pythia-160m,pythia-160m,,1.0,0,52,0.0
causal,EleutherAI/pythia-160m,pythia-160m,,1.0,0,53,0.0
causal,EleutherAI/pythia-160m,pythia-160m,,1.0,0,54,0.0
causal,EleutherAI/pythia-160m,pythia-160m,,1.0,0,55,0.0
causal,EleutherAI/pythia-160m,pythia-160m,,1.0,0,56,0.0
causal,EleutherAI/pythia-160m,pythia-160m,,1.0,0,57,0.0
causal,EleutherAI/pythia-160m,pythia-160m,,1.0,0,58,0.0
causal,EleutherAI/pythia-160m,pythia-160m,,1.0,0,59,0.0
causal,EleutherAI/pythia-160m,pythia-160m,,1.0,0,60,0.0
causal,EleutherAI/pythia-160m,pythia-160m,,1.0,0,61,0.0
causal,EleutherAI/pythia-160m,pythia-160m,,1.0,0,62,0.0
causal,EleutherAI/pythia-160m,pythia-160m,,1.0,0,63,0.0
causal,EleutherAI/pythia-160m,pythia-160m,,1.0,0,64,0.0
causal,EleutherAI/pythia-160m,pythia-160m,,1.0,0,65,0.0
causal,EleutherAI/pythia-160m,pythia-160m,,1.0,0,66,0.0
causal,EleutherAI/pythia-160m,pythia-160m,,1.0,0,67,0.0
causal,EleutherAI/pythia-160m,pythia-160m,,1.0,0,68,0.0
causal,EleutherAI/pythia-160m,pythia-160m,,1.0,0,69,0.0
causal,EleutherAI/pythia-160m,pythia-160m,,1.0,0,70,0.0
causal,EleutherAI/pythia-160m,pythia-160m,,1.0,0,71,0.0
causal,EleutherAI/pythia-160m,pythia-160m,,1.0,0,72,0.0
causal,EleutherAI/pythia-160m,pythia-160m,,1.0,0,73,0.0
causal,EleutherAI/pythia-160m,pythia-160m,,1.0,0,74,0.0
causal,EleutherAI/pythia-160m,pythia-160m,,1.0,0,75,0.0
causal,EleutherAI/pythia-160m,pythia-160m,,1.0,0,76,0.0
causal,EleutherAI/pythia-160m,pythia-160m,,1.0,0,77,0.0
causal,EleutherAI/pythia-160m,pythia-160m,,1.0,0,78,0.0
causal,EleutherAI/pythia-160m,pythia-160m,,1.0,0,79,0.0
causal,EleutherAI/pythia-160m,pythia-160m,,1.0,0,80,0.0
causal,EleutherAI/pythia-160m,pythia-160m,,1.0,0,81,0.0
causal,EleutherAI/pythia-160m,pythia-160m,,1.0,0,82,0.0
causal,EleutherAI/pythia-160m,pythia-160m,,1.0,0,83,0.0
causal,EleutherAI/pythia-160m,pythia-160m,,1.0,0,84,0.0
causal,EleutherAI/pythia-160m,pythia-160m,,1.0,0,85,0.0
causal,EleutherAI/pythia-160m,pythia-160m,,1.0,0,86,0.0
causal,EleutherAI/pythia-160m,pythia-160m,,1.0,0,87,0.0
causal,EleutherAI/pythia-160m,pythia-160m,,1.0,0,88,0.0
causal,EleutherAI/pythia-160m,pythia-160m,,1.0,0,89,0.0
causal,EleutherAI/pythia-160m,pythia-160m,,1.0,0,90,0.0
causal,EleutherAI/pythia-160m,pythia-160m,,1.0,0,91,0.0
causal,EleutherAI/pythia-160m,pythia-160m,,1.0,0,92,0.0
causal,EleutherAI/pythia-160m,pythia-160m,,1.0,0,93,0.0
causal,EleutherAI/pythia-160m,pythia-160m,,1.0,0,94,0.0
causal,EleutherAI/pythia-160m,pythia-160m,,1.0,0,95,0.0
causal,EleutherAI/pythia-160m,pythia-160m,,1.0,0,96,0.0
causal,EleutherAI/pythia-160m,pythia-160m,,1.0,0,97,0.0
causal,EleutherAI/pythia-160m,pythia-160m,,1.0,0,98,0.0
causal,EleutherAI/pythia-160m,pythia-160m,,1.0,0,99,0.0
causal,EleutherAI/pythia-160m,pythia-160m,,1.0,0,100,0.0
causal,EleutherAI/pythia-160m,pythia-160m,,1.0,0,101,0.0
causal,EleutherAI/pythia-160m,pythia-160m,,1.0,0,102,0.0
causal,EleutherAI/pythia-160m,pythia-160m,,1.0,0,103,0.0
causal,EleutherAI/pythia-160m,pythia-160m,,1.0,0,104,0.0
causal,EleutherAI/pythia-160m,pythia-160m,,1.0,0,105,0.0
causal,EleutherAI/pythia-160m,pythia-160m,,1.0,0,106,0.0
causal,EleutherAI/pythia-160m,pythia-160m,,1.0,0,107,0.0
causal,EleutherAI/pythia-160m,pythia-160m,,1.0,0,108,0.0
causal,EleutherAI/pythia-160m,pythia-160m,,1.0,0,109,0.0
causal,EleutherAI/pythia-160m,pythia-160m,,1.0,0,110,0.0
causal,EleutherAI/pythia-160m,pythia-160m,,1.0,0,111,0.0
causal,EleutherAI/pythia-160m,pythia-160m,,1.0,0,112,0.0
causal,EleutherAI/pythia-160m,pythia-160m,,1.0,0,113,0.0
causal,EleutherAI/pythia-160m,pythia-160m,,1.0,0,114,0.0
causal,EleutherAI/pythia-160m,pythia-160m,,1.0,0,115,0.0
causal,EleutherAI/pythia-160m,pythia-160m,,1.0,0,116,0.0
causal,EleutherAI/pythia-160m,pythia-160m,,1.0,0,117,0.0
causal,EleutherAI/pythia-160m,pythia-160m,,1.0,0,118,0.0
causal,EleutherAI/pythia-160m,pythia-160m,,1.0,0,119,0.0
causal,EleutherAI/pythia-160m,pythia-160m,,1.0,0,120,0.0
causal,EleutherAI/pythia-160m,pythia-160m,,1.0,1,0,1.0
causal,EleutherAI/pythia-160m,pythia-160m,,1.0,1,1,3.0
causal,EleutherAI/pythia-160m,pythia-160m,,1.0,1,2,7.0
causal,EleutherAI/pythia-160m,pythia-160m,,1.0,1,3,11.0
causal,EleutherAI/pythia-160m,pythia-160m,,1.0,1,4,9.0
causal,EleutherAI/pythia-160m,pythia-160m,,1.0,1,5,12.0
causal,EleutherAI/pythia-160m,pythia-160m,,1.0,1,6,13.0
causal,EleutherAI/pythia-160m,pythia-160m,,1.0,1,7,14.0
causal,EleutherAI/pythia-160m,pythia-160m,,1.0,1,8,14.0
causal,EleutherAI/pythia-160m,pythia-160m,,1.0,1,9,15.0
causal,EleutherAI/pythia-160m,pythia-160m,,1.0,1,10,11.0
causal,EleutherAI/pythia-160m,pythia-160m,,1.0,1,11,11.0
causal,EleutherAI/pythia-160m,pythia-160m,,1.0,1,12,13.0
causal,EleutherAI/pythia-160m,pythia-160m,,1.0,1,13,12.0
causal,EleutherAI/pythia-160m,pythia-160m,,1.0,1,14,7.0
causal,EleutherAI/pythia-160m,pythia-160m,,1.0,1,15,8.0
causal,EleutherAI/pythia-160m,pythia-160m,,1.0,1,16,7.0
causal,EleutherAI/pythia-160m,pythia-160m,,1.0,1,17,5.0
causal,EleutherAI/pythia-160m,pythia-160m,,1.0,1,18,5.0
causal,EleutherAI/pythia-160m,pythia-160m,,1.0,1,19,3.0
causal,EleutherAI/pythia-160m,pythia-160m,,1.0,1,20,2.0
causal,EleutherAI/pythia-160m,pythia-160m,,1.0,1,21,1.0
causal,EleutherAI/pythia-160m,pythia-160m,,1.0,1,22,2.0
causal,EleutherAI/pythia-160m,pythia-160m,,1.0,1,23,1.0
causal,EleutherAI/pythia-160m,pythia-160m,,1.0,1,24,0.0
causal,EleutherAI/pythia-160m,pythia-160m,,1.0,1,25,0.0
causal,EleutherAI/pythia-160m,pythia-160m,,1.0,1,26,0.0
causal,EleutherAI/pythia-160m,pythia-160m,,1.0,1,27,0.0
causal,EleutherAI/pythia-160m,pythia-160m,,1.0,1,28,0.0
causal,EleutherAI/pythia-160m,pythia-160m,,1.0,1,29,0.0
causal,EleutherAI/pythia-160m,pythia-160m,,1.0,1,30,0.0
causal,EleutherAI/pythia-160m,pythia-160m,,1.0,1,31,0.0
causal,EleutherAI/pythia-160m,pythia-160m,,1.0,1,32,0.0
causal,EleutherAI/pythia-160m,pythia-160m,,1.0,1,33,0.0
causal,EleutherAI/pythia-160m,pythia-160m,,1.0,1,34,0.0
causal,EleutherAI/pythia-160m,pythia-160m,,1.0,1,35,0.0
causal,EleutherAI/pythia-160m,pythia-160m,,1.0,1,36,0.0
causal,EleutherAI/pythia-160m,pythia-160m,,1.0,1,37,0.0
causal,EleutherAI/pythia-160m,pythia-160m,,1.0,1,38,0.0
causal,EleutherAI/pythia-160m,pythia-160m,,1.0,1,39,0.0
causal,EleutherAI/pythia-160m,pythia-160m,,1.0,1,40,0.0
causal,EleutherAI/pythia-160m,pythia-160m,,1.0,1,41,0.0
causal,EleutherAI/pythia-160m,pythia-160m,,1.0,1,42,0.0
causal,EleutherAI/pythia-160m,pythia-160m,,1.0,1,43,0.0
causal,EleutherAI/pythia-160m,pythia-160m,,1.0,1,44,0.0
causal,EleutherAI/pythia-160m,pythia-160m,,1.0,1,45,0.0
causal,EleutherAI/pythia-160m,pythia-160m,,1.0,1,46,0.0
causal,EleutherAI/pythia-160m,pythia-160m,,1.0,1,47,0.0
causal,EleutherAI/pythia-160m,pythia-160m,,1.0,1,48,0.0
causal,EleutherAI/pythia-160m,pythia-160m,,1.0,1,49,0.0
causal,EleutherAI/pythia-160m,pythia-160m,,1.0,1,50,0.0
causal,EleutherAI/pythia-160m,pythia-160m,,1.0,1,51,0.0
causal,EleutherAI/pythia-160m,pythia-160m,,1.0,1,52,0.0
causal,EleutherAI/pythia-160m,pythia-160m,,1.0,1,53,0.0
causal,EleutherAI/pythia-160m,pythia-160m,,1.0,1,54,0.0
causal,EleutherAI/pythia-160m,pythia-160m,,1.0,1,55,0.0
causal,EleutherAI/pythia-160m,pythia-160m,,1.0,1,56,0.0
causal,EleutherAI/pythia-160m,pythia-160m,,1.0,1,57,0.0
causal,EleutherAI/pythia-160m,pythia-160m,,1.0,1,58,0.0
causal,EleutherAI/pythia-160m,pythia-160m,,1.0,1,59,0.0
causal,EleutherAI/pythia-160m,pythia-160m,,1.0,1,60,0.0
causal,EleutherAI/pythia-160m,pythia-160m,,1.0,1,61,0.0
causal,EleutherAI/pythia-160m,pythia-160m,,1.0,1,62,0.0
causal,EleutherAI/pythia-160m,pythia-160m,,1.0,1,63,0.0
causal,EleutherAI/pythia-160m,pythia-160m,,1.0,1,64,0.0
causal,EleutherAI/pythia-160m,pythia-160m,,1.0,1,65,0.0
causal,EleutherAI/pythia-160m,pythia-160m,,1.0,1,66,0.0
causal,EleutherAI/pythia-160m,pythia-160m,,1.0,1,67,0.0
causal,EleutherAI/pythia-160m,pythia-160m,,1.0,1,68,0.0
causal,EleutherAI/pythia-160m,pythia-160m,,1.0,1,69,0.0
causal,EleutherAI/pythia-160m,pythia-160m,,1.0,1,70,0.0
causal,EleutherAI/pythia-160m,pythia-160m,,1.0,1,71,0.0
causal,EleutherAI/pythia-160m,pythia-160m,,1.0,1,72,0.0
causal,EleutherAI/pythia-160m,pythia-160m,,1.0,1,73,0.0
causal,EleutherAI/pythia-160m,pythia-160m,,1.0,1,74,0.0
causal,EleutherAI/pythia-160m,pythia-160m,,1.0,1,75,0.0
causal,EleutherAI/pythia-160m,pythia-160m,,1.0,1,76,0.0
causal,EleutherAI/pythia-160m,pythia-160m,,1.0,1,77,0.0
causal,EleutherAI/pythia-160m,pythia-160m,,1.0,1,78,0.0
causal,EleutherAI/pythia-160m,pythia-160m,,1.0,1,79,0.0
causal,EleutherAI/pythia-160m,pythia-160m,,1.0,1,80,0.0
causal,EleutherAI/pythia-160m,pythia-160m,,1.0,1,81,0.0
causal,EleutherAI/pythia-160m,pythia-160m,,1.0,1,82,0.0
causal,EleutherAI/pythia-160m,pythia-160m,,1.0,1,83,0.0
causal,EleutherAI/pythia-160m,pythia-160m,,1.0,1,84,0.0
causal,EleutherAI/pythia-160m,pythia-160m,,1.0,1,85,0.0
causal,EleutherAI/pythia-160m,pythia-160m,,1.0,1,86,0.0
causal,EleutherAI/pythia-160m,pythia-160m,,1.0,1,87,0.0
causal,EleutherAI/pythia-160m,pythia-160m,,1.0,1,88,0.0
causal,EleutherAI/pythia-160m,pythia-160m,,1.0,1,89,0.0
causal,EleutherAI/pythia-160m,pythia-160m,,1.0,1,90,0.0
causal,EleutherAI/pythia-160m,pythia-160m,,1.0,1,91,0.0
causal,EleutherAI/pythia-160m,pythia-160m,,1.0,1,92,0.0
causal,EleutherAI/pythia-160m,pythia-160m,,1.0,1,93,0.0
causal,EleutherAI/pythia-160m,pythia-160m,,1.0,1,94,0.0
causal,EleutherAI/pythia-160m,pythia-160m,,1.0,1,95,0.0
causal,EleutherAI/pythia-160m,pythia-160m,,1.0,1,96,0.0
causal,EleutherAI/pythia-160m,pythia-160m,,1.0,1,97,0.0
causal,EleutherAI/pythia-160m,pythia-160m,,1.0,1,98,0.0
causal,EleutherAI/pythia-160m,pythia-160m,,1.0,1,99,0.0
causal,EleutherAI/pythia-160m,pythia-160m,,1.0,1,100,0.0
causal,EleutherAI/pythia-160m,pythia-160m,,1.0,1,101,0.0
causal,EleutherAI/pythia-160m,pythia-160m,,1.0,1,102,0.0
causal,EleutherAI/pythia-160m,pythia-160m,,1.0,1,103,0.0
causal,EleutherAI/pythia-160m,pythia-160m,,1.0,1,104,0.0
causal,EleutherAI/pythia-160m,pythia-160m,,1.0,1,105,0.0
causal,EleutherAI/pythia-160m,pythia-160m,,1.0,1,106,0.0
causal,EleutherAI/pythia-160m,pythia-160m,,1.0,1,107,0.0
causal,EleutherAI/pythia-160m,pythia-160m,,1.0,1,108,0.0
causal,EleutherAI/pythia-160m,pythia-160m,,1.0,1,109,0.0
causal,EleutherAI/pythia-160m,pythia-160m,,1.0,1,110,0.0
causal,EleutherAI/pythia-160m,pythia-160m,,1.0,1,111,0.0
causal,EleutherAI/pythia-160m,pythia-160m,,1.0,1,112,0.0
causal,EleutherAI/pythia-160m,pythia-160m,,1.0,1,113,0.0
causal,EleutherAI/pythia-160m,pythia-160m,,1.0,1,114,0.0
causal,EleutherAI/pythia-160m,pythia-160m,,1.0,1,115,0.0
causal,EleutherAI/pythia-160m,pythia-160m,,1.0,1,116,0.0
causal,EleutherAI/pythia-160m,pythia-160m,,1.0,1,117,0.0
causal,EleutherAI/pythia-160m,pythia-160m,,1.0,1,118,0.0
causal,EleutherAI/pythia-160m,pythia-160m,,1.0,1,119,0.0
causal,EleutherAI/pythia-160m,pythia-160m,,1.0,1,120,0.0
causal,EleutherAI/pythia-160m,pythia-160m,,1.0,2,0,1.0
causal,EleutherAI/pythia-160m,pythia-160m,,1.0,2,1,9.0
causal,EleutherAI/pythia-160m,pythia-160m,,1.0,2,2,11.0
causal,EleutherAI/pythia-160m,pythia-160m,,1.0,2,3,15.0
causal,EleutherAI/pythia-160m,pythia-160m,,1.0,2,4,21.0
causal,EleutherAI/pythia-160m,pythia-160m,,1.0,2,5,19.0
causal,EleutherAI/pythia-160m,pythia-160m,,1.0,2,6,18.0
causal,EleutherAI/pythia-160m,pythia-160m,,1.0,2,7,14.0
causal,EleutherAI/pythia-160m,pythia-160m,,1.0,2,8,16.0
causal,EleutherAI/pythia-160m,pythia-160m,,1.0,2,9,12.0
causal,EleutherAI/pythia-160m,pythia-160m,,1.0,2,10,8.0
causal,EleutherAI/pythia-160m,pythia-160m,,1.0,2,11,5.0
causal,EleutherAI/pythia-160m,pythia-160m,,1.0,2,12,9.0
causal,EleutherAI/pythia-160m,pythia-160m,,1.0,2,13,7.0
causal,EleutherAI/pythia-160m,pythia-160m,,1.0,2,14,7.0
causal,EleutherAI/pythia-160m,pythia-160m,,1.0,2,15,3.0
causal,EleutherAI/pythia-160m,pythia-160m,,1.0,2,16,4.0
causal,EleutherAI/pythia-160m,pythia-160m,,1.0,2,17,2.0
causal,EleutherAI/pythia-160m,pythia-160m,,1.0,2,18,1.0
causal,EleutherAI/pythia-160m,pythia-160m,,1.0,2,19,0.0
causal,EleutherAI/pythia-160m,pythia-160m,,1.0,2,20,0.0
causal,EleutherAI/pythia-160m,pythia-160m,,1.0,2,21,0.0
causal,EleutherAI/pythia-160m,pythia-160m,,1.0,2,22,0.0
causal,EleutherAI/pythia-160m,pythia-160m,,1.0,2,23,0.0
causal,EleutherAI/pythia-160m,pythia-160m,,1.0,2,24,0.0
causal,EleutherAI/pythia-160m,pythia-160m,,1.0,2,25,0.0
causal,EleutherAI/pythia-160m,pythia-160m,,1.0,2,26,0.0
causal,EleutherAI/pythia-160m,pythia-160m,,1.0,2,27,0.0
causal,EleutherAI/pythia-160m,pythia-160m,,1.0,2,28,0.0
causal,EleutherAI/pythia-160m,pythia-160m,,1.0,2,29,0.0
causal,EleutherAI/pythia-160m,pythia-160m,,1.0,2,30,0.0
causal,EleutherAI/pythia-160m,pythia-160m,,1.0,2,31,0.0
causal,EleutherAI/pythia-160m,pythia-160m,,1.0,2,32,0.0
causal,EleutherAI/pythia-160m,pythia-160m,,1.0,2,33,0.0
causal,EleutherAI/pythia-160m,pythia-160m,,1.0,2,34,0.0
causal,EleutherAI/pythia-160m,pythia-160m,,1.0,2,35,0.0
causal,EleutherAI/pythia-160m,pythia-160m,,1.0,2,36,0.0
causal,EleutherAI/pythia-160m,pythia-160m,,1.0,2,37,0.0
causal,EleutherAI/pythia-160m,pythia-160m,,1.0,2,38,0.0
causal,EleutherAI/pythia-160m,pythia-160m,,1.0,2,39,0.0
causal,EleutherAI/pythia-160m,pythia-160m,,1.0,2,40,0.0
causal,EleutherAI/pythia-160m,pythia-160m,,1.0,2,41,0.0
causal,EleutherAI/pythia-160m,pythia-160m,,1.0,2,42,0.0
causal,EleutherAI/pythia-160m,pythia-160m,,1.0,2,43,0.0
causal,EleutherAI/pythia-160m,pythia-160m,,1.0,2,44,0.0
causal,EleutherAI/pythia-160m,pythia-160m,,1.0,2,45,0.0
causal,EleutherAI/pythia-160m,pythia-160m,,1.0,2,46,0.0
causal,EleutherAI/pythia-160m,pythia-160m,,1.0,2,47,0.0
causal,EleutherAI/pythia-160m,pythia-160m,,1.0,2,48,0.0
causal,EleutherAI/pythia-160m,pythia-160m,,1.0,2,49,0.0
causal,EleutherAI/pythia-160m,pythia-160m,,1.0,2,50,0.0
causal,EleutherAI/pythia-160m,pythia-160m,,1.0,2,51,0.0
causal,EleutherAI/pythia-160m,pythia-160m,,1.0,2,52,0.0
causal,EleutherAI/pythia-160m,pythia-160m,,1.0,2,53,0.0
causal,EleutherAI/pythia-160m,pythia-160m,,1.0,2,54,0.0
causal,EleutherAI/pythia-160m,pythia-160m,,1.0,2,55,0.0
causal,EleutherAI/pythia-160m,pythia-160m,,1.0,2,56,0.0
causal,EleutherAI/pythia-160m,pythia-160m,,1.0,2,57,0.0
causal,EleutherAI/pythia-160m,pythia-160m,,1.0,2,58,0.0
causal,EleutherAI/pythia-160m,pythia-160m,,1.0,2,59,0.0
causal,EleutherAI/pythia-160m,pythia-160m,,1.0,2,60,0.0
causal,EleutherAI/pythia-160m,pythia-160m,,1.0,2,61,0.0
causal,EleutherAI/pythia-160m,pythia-160m,,1.0,2,62,0.0
causal,EleutherAI/pythia-160m,pythia-160m,,1.0,2,63,0.0
causal,EleutherAI/pythia-160m,pythia-160m,,1.0,2,64,0.0
causal,EleutherAI/pythia-160m,pythia-160m,,1.0,2,65,0.0
causal,EleutherAI/pythia-160m,pythia-160m,,1.0,2,66,0.0
causal,EleutherAI/pythia-160m,pythia-160m,,1.0,2,67,0.0
causal,EleutherAI/pythia-160m,pythia-160m,,1.0,2,68,0.0
causal,EleutherAI/pythia-160m,pythia-160m,,1.0,2,69,0.0
causal,EleutherAI/pythia-160m,pythia-160m,,1.0,2,70,0.0
causal,EleutherAI/pythia-160m,pythia-160m,,1.0,2,71,0.0
causal,EleutherAI/pythia-160m,pythia-160m,,1.0,2,72,0.0
causal,EleutherAI/pythia-160m,pythia-160m,,1.0,2,73,0.0
causal,EleutherAI/pythia-160m,pythia-160m,,1.0,2,74,0.0
causal,EleutherAI/pythia-160m,pythia-160m,,1.0,2,75,0.0
causal,EleutherAI/pythia-160m,pythia-160m,,1.0,2,76,0.0
causal,EleutherAI/pythia-160m,pythia-160m,,1.0,2,77,0.0
causal,EleutherAI/pythia-160m,pythia-160m,,1.0,2,78,0.0
causal,EleutherAI/pythia-160m,pythia-160m,,1.0,2,79,0.0
causal,EleutherAI/pythia-160m,pythia-160m,,1.0,2,80,0.0
causal,EleutherAI/pythia-160m,pythia-160m,,1.0,2,81,0.0
causal,EleutherAI/pythia-160m,pythia-160m,,1.0,2,82,0.0
causal,EleutherAI/pythia-160m,pythia-160m,,1.0,2,83,0.0
causal,EleutherAI/pythia-160m,pythia-160m,,1.0,2,84,0.0
causal,EleutherAI/pythia-160m,pythia-160m,,1.0,2,85,0.0
causal,EleutherAI/pythia-160m,pythia-160m,,1.0,2,86,0.0
causal,EleutherAI/pythia-160m,pythia-160m,,1.0,2,87,0.0
causal,EleutherAI/pythia-160m,pythia-160m,,1.0,2,88,0.0
causal,EleutherAI/pythia-160m,pythia-160m,,1.0,2,89,0.0
causal,EleutherAI/pythia-160m,pythia-160m,,1.0,2,90,0.0
causal,EleutherAI/pythia-160m,pythia-160m,,1.0,2,91,0.0
causal,EleutherAI/pythia-160m,pythia-160m,,1.0,2,92,0.0
causal,EleutherAI/pythia-160m,pythia-160m,,1.0,2,93,0.0
causal,EleutherAI/pythia-160m,pythia-160m,,1.0,2,94,0.0
causal,EleutherAI/pythia-160m,pythia-160m,,1.0,2,95,0.0
causal,EleutherAI/pythia-160m,pythia-160m,,1.0,2,96,0.0
causal,EleutherAI/pythia-160m,pythia-160m,,1.0,2,97,0.0
causal,EleutherAI/pythia-160m,pythia-160m,,1.0,2,98,0.0
causal,EleutherAI/pythia-160m,pythia-160m,,1.0,2,99,0.0
causal,EleutherAI/pythia-160m,pythia-160m,,1.0,2,100,0.0
causal,EleutherAI/pythia-160m,pythia-160m,,1.0,2,101,0.0
causal,EleutherAI/pythia-160m,pythia-160m,,1.0,2,102,0.0
causal,EleutherAI/pythia-160m,pythia-160m,,1.0,2,103,0.0
causal,EleutherAI/pythia-160m,pythia-160m,,1.0,2,104,0.0
causal,EleutherAI/pythia-160m,pythia-160m,,1.0,2,105,0.0
causal,EleutherAI/pythia-160m,pythia-160m,,1.0,2,106,0.0
causal,EleutherAI/pythia-160m,pythia-160m,,1.0,2,107,0.0
causal,EleutherAI/pythia-160m,pythia-160m,,1.0,2,108,0.0
causal,EleutherAI/pythia-160m,pythia-160m,,1.0,2,109,0.0
causal,EleutherAI/pythia-160m,pythia-160m,,1.0,2,110,0.0
causal,EleutherAI/pythia-160m,pythia-160m,,1.0,2,111,0.0
causal,EleutherAI/pythia-160m,pythia-160m,,1.0,2,112,0.0
causal,EleutherAI/pythia-160m,pythia-160m,,1.0,2,113,0.0
causal,EleutherAI/pythia-160m,pythia-160m,,1.0,2,114,0.0
causal,EleutherAI/pythia-160m,pythia-160m,,1.0,2,115,0.0
causal,EleutherAI/pythia-160m,pythia-160m,,1.0,2,116,0.0
causal,EleutherAI/pythia-160m,pythia-160m,,1.0,2,117,0.0
causal,EleutherAI/pythia-160m,pythia-160m,,1.0,2,118,0.0
causal,EleutherAI/pythia-160m,pythia-160m,,1.0,2,119,0.0
causal,EleutherAI/pythia-160m,pythia-160m,,1.0,2,120,0.0
causal,EleutherAI/pythia-160m,pythia-160m,,1.0,3,0,1.0
causal,EleutherAI/pythia-160m,pythia-160m,,1.0,3,1,5.0
causal,EleutherAI/pythia-160m,pythia-160m,,1.0,3,2,9.0
causal,EleutherAI/pythia-160m,pythia-160m,,1.0,3,3,9.0
causal,EleutherAI/pythia-160m,pythia-160m,,1.0,3,4,7.0
causal,EleutherAI/pythia-160m,pythia-160m,,1.0,3,5,9.0
causal,EleutherAI/pythia-160m,pythia-160m,,1.0,3,6,6.0
causal,EleutherAI/pythia-160m,pythia-160m,,1.0,3,7,6.0
causal,EleutherAI/pythia-160m,pythia-160m,,1.0,3,8,6.0
causal,EleutherAI/pythia-160m,pythia-160m,,1.0,3,9,6.0
causal,EleutherAI/pythia-160m,pythia-160m,,1.0,3,10,7.0
causal,EleutherAI/pythia-160m,pythia-160m,,1.0,3,11,7.0
causal,EleutherAI/pythia-160m,pythia-160m,,1.0,3,12,8.0
causal,EleutherAI/pythia-160m,pythia-160m,,1.0,3,13,9.0
causal,EleutherAI/pythia-160m,pythia-160m,,1.0,3,14,5.0
causal,EleutherAI/pythia-160m,pythia-160m,,1.0,3,15,5.0
causal,EleutherAI/pythia-160m,pythia-160m,,1.0,3,16,2.0
causal,EleutherAI/pythia-160m,pythia-160m,,1.0,3,17,1.0
causal,EleutherAI/pythia-160m,pythia-160m,,1.0,3,18,0.0
causal,EleutherAI/pythia-160m,pythia-160m,,1.0,3,19,0.0
causal,EleutherAI/pythia-160m,pythia-160m,,1.0,3,20,0.0
causal,EleutherAI/pythia-160m,pythia-160m,,1.0,3,21,0.0
causal,EleutherAI/pythia-160m,pythia-160m,,1.0,3,22,0.0
causal,EleutherAI/pythia-160m,pythia-160m,,1.0,3,23,0.0
causal,EleutherAI/pythia-160m,pythia-160m,,1.0,3,24,0.0
causal,EleutherAI/pythia-160m,pythia-160m,,1.0,3,25,0.0
causal,EleutherAI/pythia-160m,pythia-160m,,1.0,3,26,0.0
causal,EleutherAI/pythia-160m,pythia-160m,,1.0,3,27,0.0
causal,EleutherAI/pythia-160m,pythia-160m,,1.0,3,28,0.0
causal,EleutherAI/pythia-160m,pythia-160m,,1.0,3,29,0.0
causal,EleutherAI/pythia-160m,pythia-160m,,1.0,3,30,0.0
causal,EleutherAI/pythia-160m,pythia-160m,,1.0,3,31,0.0
causal,EleutherAI/pythia-160m,pythia-160m,,1.0,3,32,0.0
causal,EleutherAI/pythia-160m,pythia-160m,,1.0,3,33,0.0
causal,EleutherAI/pythia-160m,pythia-160m,,1.0,3,34,0.0
causal,EleutherAI/pythia-160m,pythia-160m,,1.0,3,35,0.0
causal,EleutherAI/pythia-160m,pythia-160m,,1.0,3,36,0.0
causal,EleutherAI/pythia-160m,pythia-160m,,1.0,3,37,0.0
causal,EleutherAI/pythia-160m,pythia-160m,,1.0,3,38,0.0
causal,EleutherAI/pythia-160m,pythia-160m,,1.0,3,39,0.0
causal,EleutherAI/pythia-160m,pythia-160m,,1.0,3,40,0.0
causal,EleutherAI/pythia-160m,pythia-160m,,1.0,3,41,0.0
causal,EleutherAI/pythia-160m,pythia-160m,,1.0,3,42,0.0
causal,EleutherAI/pythia-160m,pythia-160m,,1.0,3,43,0.0
causal,EleutherAI/pythia-160m,pythia-160m,,1.0,3,44,0.0
causal,EleutherAI/pythia-160m,pythia-160m,,1.0,3,45,0.0
causal,EleutherAI/pythia-160m,pythia-160m,,1.0,3,46,0.0
causal,EleutherAI/pythia-160m,pythia-160m,,1.0,3,47,0.0
causal,EleutherAI/pythia-160m,pythia-160m,,1.0,3,48,0.0
causal,EleutherAI/pythia-160m,pythia-160m,,1.0,3,49,0.0
causal,EleutherAI/pythia-160m,pythia-160m,,1.0,3,50,0.0
causal,EleutherAI/pythia-160m,pythia-160m,,1.0,3,51,0.0
causal,EleutherAI/pythia-160m,pythia-160m,,1.0,3,52,0.0
causal,EleutherAI/pythia-160m,pythia-160m,,1.0,3,53,0.0
causal,EleutherAI/pythia-160m,pythia-160m,,1.0,3,54,0.0
causal,EleutherAI/pythia-160m,pythia-160m,,1.0,3,55,0.0
causal,EleutherAI/pythia-160m,pythia-160m,,1.0,3,56,0.0
causal,EleutherAI/pythia-160m,pythia-160m,,1.0,3,57,0.0
causal,EleutherAI/pythia-160m,pythia-160m,,1.0,3,58,0.0
causal,EleutherAI/pythia-160m,pythia-160m,,1.0,3,59,0.0
causal,EleutherAI/pythia-160m,pythia-160m,,1.0,3,60,0.0
causal,EleutherAI/pythia-160m,pythia-160m,,1.0,3,61,0.0
causal,EleutherAI/pythia-160m,pythia-160m,,1.0,3,62,0.0
causal,EleutherAI/pythia-160m,pythia-160m,,1.0,3,63,0.0
causal,EleutherAI/pythia-160m,pythia-160m,,1.0,3,64,0.0
causal,EleutherAI/pythia-160m,pythia-160m,,1.0,3,65,0.0
causal,EleutherAI/pythia-160m,pythia-160m,,1.0,3,66,0.0
causal,EleutherAI/pythia-160m,pythia-160m,,1.0,3,67,0.0
causal,EleutherAI/pythia-160m,pythia-160m,,1.0,3,68,0.0
causal,EleutherAI/pythia-160m,pythia-160m,,1.0,3,69,0.0
causal,EleutherAI/pythia-160m,pythia-160m,,1.0,3,70,0.0
causal,EleutherAI/pythia-160m,pythia-160m,,1.0,3,71,0.0
causal,EleutherAI/pythia-160m,pythia-160m,,1.0,3,72,0.0
causal,EleutherAI/pythia-160m,pythia-160m,,1.0,3,73,0.0
causal,EleutherAI/pythia-160m,pythia-160m,,1.0,3,74,0.0
causal,EleutherAI/pythia-160m,pythia-160m,,1.0,3,75,0.0
causal,EleutherAI/pythia-160m,pythia-160m,,1.0,3,76,0.0
causal,EleutherAI/pythia-160m,pythia-160m,,1.0,3,77,0.0
causal,EleutherAI/pythia-160m,pythia-160m,,1.0,3,78,0.0
causal,EleutherAI/pythia-160m,pythia-160m,,1.0,3,79,0.0
causal,EleutherAI/pythia-160m,pythia-160m,,1.0,3,80,0.0
causal,EleutherAI/pythia-160m,pythia-160m,,1.0,3,81,0.0
causal,EleutherAI/pythia-160m,pythia-160m,,1.0,3,82,0.0
causal,EleutherAI/pythia-160m,pythia-160m,,1.0,3,83,0.0
causal,EleutherAI/pythia-160m,pythia-160m,,1.0,3,84,0.0
causal,EleutherAI/pythia-160m,pythia-160m,,1.0,3,85,0.0
causal,EleutherAI/pythia-160m,pythia-160m,,1.0,3,86,0.0
causal,EleutherAI/pythia-160m,pythia-160m,,1.0,3,87,0.0
causal,EleutherAI/pythia-160m,pythia-160m,,1.0,3,88,0.0
causal,EleutherAI/pythia-160m,pythia-160m,,1.0,3,89,0.0
causal,EleutherAI/pythia-160m,pythia-160m,,1.0,3,90,0.0
causal,EleutherAI/pythia-160m,pythia-160m,,1.0,3,91,0.0
causal,EleutherAI/pythia-160m,pythia-160m,,1.0,3,92,0.0
causal,EleutherAI/pythia-160m,pythia-160m,,1.0,3,93,0.0
causal,EleutherAI/pythia-160m,pythia-160m,,1.0,3,94,0.0
causal,EleutherAI/pythia-160m,pythia-160m,,1.0,3,95,0.0
causal,EleutherAI/pythia-160m,pythia-160m,,1.0,3,96,0.0
causal,EleutherAI/pythia-160m,pythia-160m,,1.0,3,97,0.0
causal,EleutherAI/pythia-160m,pythia-160m,,1.0,3,98,0.0
causal,EleutherAI/pythia-160m,pythia-160m,,1.0,3,99,0.0
causal,EleutherAI/pythia-160m,pythia-160m,,1.0,3,100,0.0
causal,EleutherAI/pythia-160m,pythia-160m,,1.0,3,101,0.0
causal,EleutherAI/pythia-160m,pythia-160m,,1.0,3,102,0.0
causal,EleutherAI/pythia-160m,pythia-160m,,1.0,3,103,0.0
causal,EleutherAI/pythia-160m,pythia-160m,,1.0,3,104,0.0
causal,EleutherAI/pythia-160m,pythia-160m,,1.0,3,105,0.0
causal,EleutherAI/pythia-160m,pythia-160m,,1.0,3,106,0.0
causal,EleutherAI/pythia-160m,pythia-160m,,1.0,3,107,0.0
causal,EleutherAI/pythia-160m,pythia-160m,,1.0,3,108,0.0
causal,EleutherAI/pythia-160m,pythia-160m,,1.0,3,109,0.0
causal,EleutherAI/pythia-160m,pythia-160m,,1.0,3,110,0.0
causal,EleutherAI/pythia-160m,pythia-160m,,1.0,3,111,0.0
causal,EleutherAI/pythia-160m,pythia-160m,,1.0,3,112,0.0
causal,EleutherAI/pythia-160m,pythia-160m,,1.0,3,113,0.0
causal,EleutherAI/pythia-160m,pythia-160m,,1.0,3,114,0.0
causal,EleutherAI/pythia-160m,pythia-160m,,1.0,3,115,0.0
causal,EleutherAI/pythia-160m,pythia-160m,,1.0,3,116,0.0
causal,EleutherAI/pythia-160m,pythia-160m,,1.0,3,117,0.0
causal,EleutherAI/pythia-160m,pythia-160m,,1.0,3,118,0.0
causal,EleutherAI/pythia-160m,pythia-160m,,1.0,3,119,0.0
causal,EleutherAI/pythia-160m,pythia-160m,,1.0,3,120,0.0
causal,EleutherAI/pythia-160m,pythia-160m,,1.0,4,0,1.0
causal,EleutherAI/pythia-160m,pythia-160m,,1.0,4,1,1.0
causal,EleutherAI/pythia-160m,pythia-160m,,1.0,4,2,0.0
causal,EleutherAI/pythia-160m,pythia-160m,,1.0,4,3,0.0
causal,EleutherAI/pythia-160m,pythia-160m,,1.0,4,4,0.0
causal,EleutherAI/pythia-160m,pythia-160m,,1.0,4,5,0.0
causal,EleutherAI/pythia-160m,pythia-160m,,1.0,4,6,0.0
causal,EleutherAI/pythia-160m,pythia-160m,,1.0,4,7,0.0
causal,EleutherAI/pythia-160m,pythia-160m,,1.0,4,8,0.0
causal,EleutherAI/pythia-160m,pythia-160m,,1.0,4,9,0.0
causal,EleutherAI/pythia-160m,pythia-160m,,1.0,4,10,0.0
causal,EleutherAI/pythia-160m,pythia-160m,,1.0,4,11,0.0
causal,EleutherAI/pythia-160m,pythia-160m,,1.0,4,12,0.0
causal,EleutherAI/pythia-160m,pythia-160m,,1.0,4,13,0.0
causal,EleutherAI/pythia-160m,pythia-160m,,1.0,4,14,0.0
causal,EleutherAI/pythia-160m,pythia-160m,,1.0,4,15,0.0
causal,EleutherAI/pythia-160m,pythia-160m,,1.0,4,16,0.0
causal,EleutherAI/pythia-160m,pythia-160m,,1.0,4,17,0.0
causal,EleutherAI/pythia-160m,pythia-160m,,1.0,4,18,0.0
causal,EleutherAI/pythia-160m,pythia-160m,,1.0,4,19,0.0
causal,EleutherAI/pythia-160m,pythia-160m,,1.0,4,20,0.0
causal,EleutherAI/pythia-160m,pythia-160m,,1.0,4,21,0.0
causal,EleutherAI/pythia-160m,pythia-160m,,1.0,4,22,0.0
causal,EleutherAI/pythia-160m,pythia-160m,,1.0,4,23,0.0
causal,EleutherAI/pythia-160m,pythia-160m,,1.0,4,24,0.0
causal,EleutherAI/pythia-160m,pythia-160m,,1.0,4,25,0.0
causal,EleutherAI/pythia-160m,pythia-160m,,1.0,4,26,0.0
causal,EleutherAI/pythia-160m,pythia-160m,,1.0,4,27,0.0
causal,EleutherAI/pythia-160m,pythia-160m,,1.0,4,28,0.0
causal,EleutherAI/pythia-160m,pythia-160m,,1.0,4,29,0.0
causal,EleutherAI/pythia-160m,pythia-160m,,1.0,4,30,0.0
causal,EleutherAI/pythia-160m,pythia-160m,,1.0,4,31,0.0
causal,EleutherAI/pythia-160m,pythia-160m,,1.0,4,32,0.0
causal,EleutherAI/pythia-160m,pythia-160m,,1.0,4,33,0.0
causal,EleutherAI/pythia-160m,pythia-160m,,1.0,4,34,0.0
causal,EleutherAI/pythia-160m,pythia-160m,,1.0,4,35,0.0
causal,EleutherAI/pythia-160m,pythia-160m,,1.0,4,36,0.0
causal,EleutherAI/pythia-160m,pythia-160m,,1.0,4,37,0.0
causal,EleutherAI/pythia-160m,pythia-160m,,1.0,4,38,0.0
causal,EleutherAI/pythia-160m,pythia-160m,,1.0,4,39,0.0
causal,EleutherAI/pythia-160m,pythia-160m,,1.0,4,40,0.0
causal,EleutherAI/pythia-160m,pythia-160m,,1.0,4,41,0.0
causal,EleutherAI/pythia-160m,pythia-160m,,1.0,4,42,0.0
causal,EleutherAI/pythia-160m,pythia-160m,,1.0,4,43,0.0
causal,EleutherAI/pythia-160m,pythia-160m,,1.0,4,44,0.0
causal,EleutherAI/pythia-160m,pythia-160m,,1.0,4,45,0.0
causal,EleutherAI/pythia-160m,pythia-160m,,1.0,4,46,0.0
causal,EleutherAI/pythia-160m,pythia-160m,,1.0,4,47,0.0
causal,EleutherAI/pythia-160m,pythia-160m,,1.0,4,48,0.0
causal,EleutherAI/pythia-160m,pythia-160m,,1.0,4,49,0.0
causal,EleutherAI/pythia-160m,pythia-160m,,1.0,4,50,0.0
causal,EleutherAI/pythia-160m,pythia-160m,,1.0,4,51,0.0
causal,EleutherAI/pythia-160m,pythia-160m,,1.0,4,52,0.0
causal,EleutherAI/pythia-160m,pythia-160m,,1.0,4,53,0.0
causal,EleutherAI/pythia-160m,pythia-160m,,1.0,4,54,0.0
causal,EleutherAI/pythia-160m,pythia-160m,,1.0,4,55,0.0
causal,EleutherAI/pythia-160m,pythia-160m,,1.0,4,56,0.0
causal,EleutherAI/pythia-160m,pythia-160m,,1.0,4,57,0.0
causal,EleutherAI/pythia-160m,pythia-160m,,1.0,4,58,0.0
causal,EleutherAI/pythia-160m,pythia-160m,,1.0,4,59,0.0
causal,EleutherAI/pythia-160m,pythia-160m,,1.0,4,60,0.0
causal,EleutherAI/pythia-160m,pythia-160m,,1.0,4,61,0.0
causal,EleutherAI/pythia-160m,pythia-160m,,1.0,4,62,0.0
causal,EleutherAI/pythia-160m,pythia-160m,,1.0,4,63,0.0
causal,EleutherAI/pythia-160m,pythia-160m,,1.0,4,64,0.0
causal,EleutherAI/pythia-160m,pythia-160m,,1.0,4,65,0.0
causal,EleutherAI/pythia-160m,pythia-160m,,1.0,4,66,0.0
causal,EleutherAI/pythia-160m,pythia-160m,,1.0,4,67,0.0
causal,EleutherAI/pythia-160m,pythia-160m,,1.0,4,68,0.0
causal,EleutherAI/pythia-160m,pythia-160m,,1.0,4,69,0.0
causal,EleutherAI/pythia-160m,pythia-160m,,1.0,4,70,0.0
causal,EleutherAI/pythia-160m,pythia-160m,,1.0,4,71,0.0
causal,EleutherAI/pythia-160m,pythia-160m,,1.0,4,72,0.0
causal,EleutherAI/pythia-160m,pythia-160m,,1.0,4,73,0.0
causal,EleutherAI/pythia-160m,pythia-160m,,1.0,4,74,0.0
causal,EleutherAI/pythia-160m,pythia-160m,,1.0,4,75,0.0
causal,EleutherAI/pythia-160m,pythia-160m,,1.0,4,76,0.0
causal,EleutherAI/pythia-160m,pythia-160m,,1.0,4,77,0.0
causal,EleutherAI/pythia-160m,pythia-160m,,1.0,4,78,0.0
causal,EleutherAI/pythia-160m,pythia-160m,,1.0,4,79,0.0
causal,EleutherAI/pythia-160m,pythia-160m,,1.0,4,80,0.0
causal,EleutherAI/pythia-160m,pythia-160m,,1.0,4,81,0.0
causal,EleutherAI/pythia-160m,pythia-160m,,1.0,4,82,0.0
causal,EleutherAI/pythia-160m,pythia-160m,,1.0,4,83,0.0
causal,EleutherAI/pythia-160m,pythia-160m,,1.0,4,84,0.0
causal,EleutherAI/pythia-160m,pythia-160m,,1.0,4,85,0.0
causal,EleutherAI/pythia-160m,pythia-160m,,1.0,4,86,0.0
causal,EleutherAI/pythia-160m,pythia-160m,,1.0,4,87,0.0
causal,EleutherAI/pythia-160m,pythia-160m,,1.0,4,88,0.0
causal,EleutherAI/pythia-160m,pythia-160m,,1.0,4,89,0.0
causal,EleutherAI/pythia-160m,pythia-160m,,1.0,4,90,0.0
causal,EleutherAI/pythia-160m,pythia-160m,,1.0,4,91,0.0
causal,EleutherAI/pythia-160m,pythia-160m,,1.0,4,92,0.0
causal,EleutherAI/pythia-160m,pythia-160m,,1.0,4,93,0.0
causal,EleutherAI/pythia-160m,pythia-160m,,1.0,4,94,0.0
causal,EleutherAI/pythia-160m,pythia-160m,,1.0,4,95,0.0
causal,EleutherAI/pythia-160m,pythia-160m,,1.0,4,96,0.0
causal,EleutherAI/pythia-160m,pythia-160m,,1.0,4,97,0.0
causal,EleutherAI/pythia-160m,pythia-160m,,1.0,4,98,0.0
causal,EleutherAI/pythia-160m,pythia-160m,,1.0,4,99,0.0
causal,EleutherAI/pythia-160m,pythia-160m,,1.0,4,100,0.0
causal,EleutherAI/pythia-160m,pythia-160m,,1.0,4,101,0.0
causal,EleutherAI/pythia-160m,pythia-160m,,1.0,4,102,0.0
causal,EleutherAI/pythia-160m,pythia-160m,,1.0,4,103,0.0
causal,EleutherAI/pythia-160m,pythia-160m,,1.0,4,104,0.0
causal,EleutherAI/pythia-160m,pythia-160m,,1.0,4,105,0.0
causal,EleutherAI/pythia-160m,pythia-160m,,1.0,4,106,0.0
causal,EleutherAI/pythia-160m,pythia-160m,,1.0,4,107,0.0
causal,EleutherAI/pythia-160m,pythia-160m,,1.0,4,108,0.0
causal,EleutherAI/pythia-160m,pythia-160m,,1.0,4,109,0.0
causal,EleutherAI/pythia-160m,pythia-160m,,1.0,4,110,0.0
causal,EleutherAI/pythia-160m,pythia-160m,,1.0,4,111,0.0
causal,EleutherAI/pythia-160m,pythia-160m,,1.0,4,112,0.0
causal,EleutherAI/pythia-160m,pythia-160m,,1.0,4,113,0.0
causal,EleutherAI/pythia-160m,pythia-160m,,1.0,4,114,0.0
causal,EleutherAI/pythia-160m,pythia-160m,,1.0,4,115,0.0
causal,EleutherAI/pythia-160m,pythia-160m,,1.0,4,116,0.0
causal,EleutherAI/pythia-160m,pythia-160m,,1.0,4,117,0.0
causal,EleutherAI/pythia-160m,pythia-160m,,1.0,4,118,0.0
causal,EleutherAI/pythia-160m,pythia-160m,,1.0,4,119,0.0
causal,EleutherAI/pythia-160m,pythia-160m,,1.0,4,120,0.0
causal,EleutherAI/pythia-160m,pythia-160m,,1.0,5,0,1.0
causal,EleutherAI/pythia-160m,pythia-160m,,1.0,5,1,4.0
causal,EleutherAI/pythia-160m,pythia-160m,,1.0,5,2,2.0
causal,EleutherAI/pythia-160m,pythia-160m,,1.0,5,3,3.0
causal,EleutherAI/pythia-160m,pythia-160m,,1.0,5,4,3.0
causal,EleutherAI/pythia-160m,pythia-160m,,1.0,5,5,2.0
causal,EleutherAI/pythia-160m,pythia-160m,,1.0,5,6,1.0
causal,EleutherAI/pythia-160m,pythia-160m,,1.0,5,7,0.0
causal,EleutherAI/pythia-160m,pythia-160m,,1.0,5,8,0.0
causal,EleutherAI/pythia-160m,pythia-160m,,1.0,5,9,0.0
causal,EleutherAI/pythia-160m,pythia-160m,,1.0,5,10,0.0
causal,EleutherAI/pythia-160m,pythia-160m,,1.0,5,11,0.0
causal,EleutherAI/pythia-160m,pythia-160m,,1.0,5,12,0.0
causal,EleutherAI/pythia-160m,pythia-160m,,1.0,5,13,0.0
causal,EleutherAI/pythia-160m,pythia-160m,,1.0,5,14,0.0
causal,EleutherAI/pythia-160m,pythia-160m,,1.0,5,15,0.0
causal,EleutherAI/pythia-160m,pythia-160m,,1.0,5,16,0.0
causal,EleutherAI/pythia-160m,pythia-160m,,1.0,5,17,0.0
causal,EleutherAI/pythia-160m,pythia-160m,,1.0,5,18,0.0
causal,EleutherAI/pythia-160m,pythia-160m,,1.0,5,19,0.0
causal,EleutherAI/pythia-160m,pythia-160m,,1.0,5,20,0.0
causal,EleutherAI/pythia-160m,pythia-160m,,1.0,5,21,0.0
causal,EleutherAI/pythia-160m,pythia-160m,,1.0,5,22,0.0
causal,EleutherAI/pythia-160m,pythia-160m,,1.0,5,23,0.0
causal,EleutherAI/pythia-160m,pythia-160m,,1.0,5,24,0.0
causal,EleutherAI/pythia-160m,pythia-160m,,1.0,5,25,0.0
causal,EleutherAI/pythia-160m,pythia-160m,,1.0,5,26,0.0
causal,EleutherAI/pythia-160m,pythia-160m,,1.0,5,27,0.0
causal,EleutherAI/pythia-160m,pythia-160m,,1.0,5,28,0.0
causal,EleutherAI/pythia-160m,pythia-160m,,1.0,5,29,0.0
causal,EleutherAI/pythia-160m,pythia-160m,,1.0,5,30,0.0
causal,EleutherAI/pythia-160m,pythia-160m,,1.0,5,31,0.0
causal,EleutherAI/pythia-160m,pythia-160m,,1.0,5,32,0.0
causal,EleutherAI/pythia-160m,pythia-160m,,1.0,5,33,0.0
causal,EleutherAI/pythia-160m,pythia-160m,,1.0,5,34,0.0
causal,EleutherAI/pythia-160m,pythia-160m,,1.0,5,35,0.0
causal,EleutherAI/pythia-160m,pythia-160m,,1.0,5,36,0.0
causal,EleutherAI/pythia-160m,pythia-160m,,1.0,5,37,0.0
causal,EleutherAI/pythia-160m,pythia-160m,,1.0,5,38,0.0
causal,EleutherAI/pythia-160m,pythia-160m,,1.0,5,39,0.0
causal,EleutherAI/pythia-160m,pythia-160m,,1.0,5,40,0.0
causal,EleutherAI/pythia-160m,pythia-160m,,1.0,5,41,0.0
causal,EleutherAI/pythia-160m,pythia-160m,,1.0,5,42,0.0
causal,EleutherAI/pythia-160m,pythia-160m,,1.0,5,43,0.0
causal,EleutherAI/pythia-160m,pythia-160m,,1.0,5,44,0.0
causal,EleutherAI/pythia-160m,pythia-160m,,1.0,5,45,0.0
causal,EleutherAI/pythia-160m,pythia-160m,,1.0,5,46,0.0
causal,EleutherAI/pythia-160m,pythia-160m,,1.0,5,47,0.0
causal,EleutherAI/pythia-160m,pythia-160m,,1.0,5,48,0.0
causal,EleutherAI/pythia-160m,pythia-160m,,1.0,5,49,0.0
causal,EleutherAI/pythia-160m,pythia-160m,,1.0,5,50,0.0
causal,EleutherAI/pythia-160m,pythia-160m,,1.0,5,51,0.0
causal,EleutherAI/pythia-160m,pythia-160m,,1.0,5,52,0.0
causal,EleutherAI/pythia-160m,pythia-160m,,1.0,5,53,0.0
causal,EleutherAI/pythia-160m,pythia-160m,,1.0,5,54,0.0
causal,EleutherAI/pythia-160m,pythia-160m,,1.0,5,55,0.0
causal,EleutherAI/pythia-160m,pythia-160m,,1.0,5,56,0.0
causal,EleutherAI/pythia-160m,pythia-160m,,1.0,5,57,0.0
causal,EleutherAI/pythia-160m,pythia-160m,,1.0,5,58,0.0
causal,EleutherAI/pythia-160m,pythia-160m,,1.0,5,59,0.0
causal,EleutherAI/pythia-160m,pythia-160m,,1.0,5,60,0.0
causal,EleutherAI/pythia-160m,pythia-160m,,1.0,5,61,0.0
causal,EleutherAI/pythia-160m,pythia-160m,,1.0,5,62,0.0
causal,EleutherAI/pythia-160m,pythia-160m,,1.0,5,63,0.0
causal,EleutherAI/pythia-160m,pythia-160m,,1.0,5,64,0.0
causal,EleutherAI/pythia-160m,pythia-160m,,1.0,5,65,0.0
causal,EleutherAI/pythia-160m,pythia-160m,,1.0,5,66,0.0
causal,EleutherAI/pythia-160m,pythia-160m,,1.0,5,67,0.0
causal,EleutherAI/pythia-160m,pythia-160m,,1.0,5,68,0.0
causal,EleutherAI/pythia-160m,pythia-160m,,1.0,5,69,0.0
causal,EleutherAI/pythia-160m,pythia-160m,,1.0,5,70,0.0
causal,EleutherAI/pythia-160m,pythia-160m,,1.0,5,71,0.0
causal,EleutherAI/pythia-160m,pythia-160m,,1.0,5,72,0.0
causal,EleutherAI/pythia-160m,pythia-160m,,1.0,5,73,0.0
causal,EleutherAI/pythia-160m,pythia-160m,,1.0,5,74,0.0
causal,EleutherAI/pythia-160m,pythia-160m,,1.0,5,75,0.0
causal,EleutherAI/pythia-160m,pythia-160m,,1.0,5,76,0.0
causal,EleutherAI/pythia-160m,pythia-160m,,1.0,5,77,0.0
causal,EleutherAI/pythia-160m,pythia-160m,,1.0,5,78,0.0
causal,EleutherAI/pythia-160m,pythia-160m,,1.0,5,79,0.0
causal,EleutherAI/pythia-160m,pythia-160m,,1.0,5,80,0.0
causal,EleutherAI/pythia-160m,pythia-160m,,1.0,5,81,0.0
causal,EleutherAI/pythia-160m,pythia-160m,,1.0,5,82,0.0
causal,EleutherAI/pythia-160m,pythia-160m,,1.0,5,83,0.0
causal,EleutherAI/pythia-160m,pythia-160m,,1.0,5,84,0.0
causal,EleutherAI/pythia-160m,pythia-160m,,1.0,5,85,0.0
causal,EleutherAI/pythia-160m,pythia-160m,,1.0,5,86,0.0
causal,EleutherAI/pythia-160m,pythia-160m,,1.0,5,87,0.0
causal,EleutherAI/pythia-160m,pythia-160m,,1.0,5,88,0.0
causal,EleutherAI/pythia-160m,pythia-160m,,1.0,5,89,0.0
causal,EleutherAI/pythia-160m,pythia-160m,,1.0,5,90,0.0
causal,EleutherAI/pythia-160m,pythia-160m,,1.0,5,91,0.0
causal,EleutherAI/pythia-160m,pythia-160m,,1.0,5,92,0.0
causal,EleutherAI/pythia-160m,pythia-160m,,1.0,5,93,0.0
causal,EleutherAI/pythia-160m,pythia-160m,,1.0,5,94,0.0
causal,EleutherAI/pythia-160m,pythia-160m,,1.0,5,95,0.0
causal,EleutherAI/pythia-160m,pythia-160m,,1.0,5,96,0.0
causal,EleutherAI/pythia-160m,pythia-160m,,1.0,5,97,0.0
causal,EleutherAI/pythia-160m,pythia-160m,,1.0,5,98,0.0
causal,EleutherAI/pythia-160m,pythia-160m,,1.0,5,99,0.0
causal,EleutherAI/pythia-160m,pythia-160m,,1.0,5,100,0.0
causal,EleutherAI/pythia-160m,pythia-160m,,1.0,5,101,0.0
causal,EleutherAI/pythia-160m,pythia-160m,,1.0,5,102,0.0
causal,EleutherAI/pythia-160m,pythia-160m,,1.0,5,103,0.0
causal,EleutherAI/pythia-160m,pythia-160m,,1.0,5,104,0.0
causal,EleutherAI/pythia-160m,pythia-160m,,1.0,5,105,0.0
causal,EleutherAI/pythia-160m,pythia-160m,,1.0,5,106,0.0
causal,EleutherAI/pythia-160m,pythia-160m,,1.0,5,107,0.0
causal,EleutherAI/pythia-160m,pythia-160m,,1.0,5,108,0.0
causal,EleutherAI/pythia-160m,pythia-160m,,1.0,5,109,0.0
causal,EleutherAI/pythia-160m,pythia-160m,,1.0,5,110,0.0
causal,EleutherAI/pythia-160m,pythia-160m,,1.0,5,111,0.0
causal,EleutherAI/pythia-160m,pythia-160m,,1.0,5,112,0.0
causal,EleutherAI/pythia-160m,pythia-160m,,1.0,5,113,0.0
causal,EleutherAI/pythia-160m,pythia-160m,,1.0,5,114,0.0
causal,EleutherAI/pythia-160m,pythia-160m,,1.0,5,115,0.0
causal,EleutherAI/pythia-160m,pythia-160m,,1.0,5,116,0.0
causal,EleutherAI/pythia-160m,pythia-160m,,1.0,5,117,0.0
causal,EleutherAI/pythia-160m,pythia-160m,,1.0,5,118,0.0
causal,EleutherAI/pythia-160m,pythia-160m,,1.0,5,119,0.0
causal,EleutherAI/pythia-160m,pythia-160m,,1.0,5,120,0.0
causal,EleutherAI/pythia-160m,pythia-160m,,1.0,6,0,1.0
causal,EleutherAI/pythia-160m,pythia-160m,,1.0,6,1,0.0
causal,EleutherAI/pythia-160m,pythia-160m,,1.0,6,2,0.0
causal,EleutherAI/pythia-160m,pythia-160m,,1.0,6,3,0.0
causal,EleutherAI/pythia-160m,pythia-160m,,1.0,6,4,0.0
causal,EleutherAI/pythia-160m,pythia-160m,,1.0,6,5,0.0
causal,EleutherAI/pythia-160m,pythia-160m,,1.0,6,6,0.0
causal,EleutherAI/pythia-160m,pythia-160m,,1.0,6,7,0.0
causal,EleutherAI/pythia-160m,pythia-160m,,1.0,6,8,0.0
causal,EleutherAI/pythia-160m,pythia-160m,,1.0,6,9,0.0
causal,EleutherAI/pythia-160m,pythia-160m,,1.0,6,10,0.0
causal,EleutherAI/pythia-160m,pythia-160m,,1.0,6,11,0.0
causal,EleutherAI/pythia-160m,pythia-160m,,1.0,6,12,0.0
causal,EleutherAI/pythia-160m,pythia-160m,,1.0,6,13,0.0
causal,EleutherAI/pythia-160m,pythia-160m,,1.0,6,14,0.0
causal,EleutherAI/pythia-160m,pythia-160m,,1.0,6,15,0.0
causal,EleutherAI/pythia-160m,pythia-160m,,1.0,6,16,0.0
causal,EleutherAI/pythia-160m,pythia-160m,,1.0,6,17,0.0
causal,EleutherAI/pythia-160m,pythia-160m,,1.0,6,18,0.0
causal,EleutherAI/pythia-160m,pythia-160m,,1.0,6,19,0.0
causal,EleutherAI/pythia-160m,pythia-160m,,1.0,6,20,0.0
causal,EleutherAI/pythia-160m,pythia-160m,,1.0,6,21,0.0
causal,EleutherAI/pythia-160m,pythia-160m,,1.0,6,22,0.0
causal,EleutherAI/pythia-160m,pythia-160m,,1.0,6,23,0.0
causal,EleutherAI/pythia-160m,pythia-160m,,1.0,6,24,0.0
causal,EleutherAI/pythia-160m,pythia-160m,,1.0,6,25,0.0
causal,EleutherAI/pythia-160m,pythia-160m,,1.0,6,26,0.0
causal,EleutherAI/pythia-160m,pythia-160m,,1.0,6,27,0.0
causal,EleutherAI/pythia-160m,pythia-160m,,1.0,6,28,0.0
causal,EleutherAI/pythia-160m,pythia-160m,,1.0,6,29,0.0
causal,EleutherAI/pythia-160m,pythia-160m,,1.0,6,30,0.0
causal,EleutherAI/pythia-160m,pythia-160m,,1.0,6,31,0.0
causal,EleutherAI/pythia-160m,pythia-160m,,1.0,6,32,0.0
causal,EleutherAI/pythia-160m,pythia-160m,,1.0,6,33,0.0
causal,EleutherAI/pythia-160m,pythia-160m,,1.0,6,34,0.0
causal,EleutherAI/pythia-160m,pythia-160m,,1.0,6,35,0.0
causal,EleutherAI/pythia-160m,pythia-160m,,1.0,6,36,0.0
causal,EleutherAI/pythia-160m,pythia-160m,,1.0,6,37,0.0
causal,EleutherAI/pythia-160m,pythia-160m,,1.0,6,38,0.0
causal,EleutherAI/pythia-160m,pythia-160m,,1.0,6,39,0.0
causal,EleutherAI/pythia-160m,pythia-160m,,1.0,6,40,0.0
causal,EleutherAI/pythia-160m,pythia-160m,,1.0,6,41,0.0
causal,EleutherAI/pythia-160m,pythia-160m,,1.0,6,42,0.0
causal,EleutherAI/pythia-160m,pythia-160m,,1.0,6,43,0.0
causal,EleutherAI/pythia-160m,pythia-160m,,1.0,6,44,0.0
causal,EleutherAI/pythia-160m,pythia-160m,,1.0,6,45,0.0
causal,EleutherAI/pythia-160m,pythia-160m,,1.0,6,46,0.0
causal,EleutherAI/pythia-160m,pythia-160m,,1.0,6,47,0.0
causal,EleutherAI/pythia-160m,pythia-160m,,1.0,6,48,0.0
causal,EleutherAI/pythia-160m,pythia-160m,,1.0,6,49,0.0
causal,EleutherAI/pythia-160m,pythia-160m,,1.0,6,50,0.0
causal,EleutherAI/pythia-160m,pythia-160m,,1.0,6,51,0.0
causal,EleutherAI/pythia-160m,pythia-160m,,1.0,6,52,0.0
causal,EleutherAI/pythia-160m,pythia-160m,,1.0,6,53,0.0
causal,EleutherAI/pythia-160m,pythia-160m,,1.0,6,54,0.0
causal,EleutherAI/pythia-160m,pythia-160m,,1.0,6,55,0.0
causal,EleutherAI/pythia-160m,pythia-160m,,1.0,6,56,0.0
causal,EleutherAI/pythia-160m,pythia-160m,,1.0,6,57,0.0
causal,EleutherAI/pythia-160m,pythia-160m,,1.0,6,58,0.0
causal,EleutherAI/pythia-160m,pythia-160m,,1.0,6,59,0.0
causal,EleutherAI/pythia-160m,pythia-160m,,1.0,6,60,0.0
causal,EleutherAI/pythia-160m,pythia-160m,,1.0,6,61,0.0
causal,EleutherAI/pythia-160m,pythia-160m,,1.0,6,62,0.0
causal,EleutherAI/pythia-160m,pythia-160m,,1.0,6,63,0.0
causal,EleutherAI/pythia-160m,pythia-160m,,1.0,6,64,0.0
causal,EleutherAI/pythia-160m,pythia-160m,,1.0,6,65,0.0
causal,EleutherAI/pythia-160m,pythia-160m,,1.0,6,66,0.0
causal,EleutherAI/pythia-160m,pythia-160m,,1.0,6,67,0.0
causal,EleutherAI/pythia-160m,pythia-160m,,1.0,6,68,0.0
causal,EleutherAI/pythia-160m,pythia-160m,,1.0,6,69,0.0
causal,EleutherAI/pythia-160m,pythia-160m,,1.0,6,70,0.0
causal,EleutherAI/pythia-160m,pythia-160m,,1.0,6,71,0.0
causal,EleutherAI/pythia-160m,pythia-160m,,1.0,6,72,0.0
causal,EleutherAI/pythia-160m,pythia-160m,,1.0,6,73,0.0
causal,EleutherAI/pythia-160m,pythia-160m,,1.0,6,74,0.0
causal,EleutherAI/pythia-160m,pythia-160m,,1.0,6,75,0.0
causal,EleutherAI/pythia-160m,pythia-160m,,1.0,6,76,0.0
causal,EleutherAI/pythia-160m,pythia-160m,,1.0,6,77,0.0
causal,EleutherAI/pythia-160m,pythia-160m,,1.0,6,78,0.0
causal,EleutherAI/pythia-160m,pythia-160m,,1.0,6,79,0.0
causal,EleutherAI/pythia-160m,pythia-160m,,1.0,6,80,0.0
causal,EleutherAI/pythia-160m,pythia-160m,,1.0,6,81,0.0
causal,EleutherAI/pythia-160m,pythia-160m,,1.0,6,82,0.0
causal,EleutherAI/pythia-160m,pythia-160m,,1.0,6,83,0.0
causal,EleutherAI/pythia-160m,pythia-160m,,1.0,6,84,0.0
causal,EleutherAI/pythia-160m,pythia-160m,,1.0,6,85,0.0
causal,EleutherAI/pythia-160m,pythia-160m,,1.0,6,86,0.0
causal,EleutherAI/pythia-160m,pythia-160m,,1.0,6,87,0.0
causal,EleutherAI/pythia-160m,pythia-160m,,1.0,6,88,0.0
causal,EleutherAI/pythia-160m,pythia-160m,,1.0,6,89,0.0
causal,EleutherAI/pythia-160m,pythia-160m,,1.0,6,90,0.0
causal,EleutherAI/pythia-160m,pythia-160m,,1.0,6,91,0.0
causal,EleutherAI/pythia-160m,pythia-160m,,1.0,6,92,0.0
causal,EleutherAI/pythia-160m,pythia-160m,,1.0,6,93,0.0
causal,EleutherAI/pythia-160m,pythia-160m,,1.0,6,94,0.0
causal,EleutherAI/pythia-160m,pythia-160m,,1.0,6,95,0.0
causal,EleutherAI/pythia-160m,pythia-160m,,1.0,6,96,0.0
causal,EleutherAI/pythia-160m,pythia-160m,,1.0,6,97,0.0
causal,EleutherAI/pythia-160m,pythia-160m,,1.0,6,98,0.0
causal,EleutherAI/pythia-160m,pythia-160m,,1.0,6,99,0.0
causal,EleutherAI/pythia-160m,pythia-160m,,1.0,6,100,0.0
causal,EleutherAI/pythia-160m,pythia-160m,,1.0,6,101,0.0
causal,EleutherAI/pythia-160m,pythia-160m,,1.0,6,102,0.0
causal,EleutherAI/pythia-160m,pythia-160m,,1.0,6,103,0.0
causal,EleutherAI/pythia-160m,pythia-160m,,1.0,6,104,0.0
causal,EleutherAI/pythia-160m,pythia-160m,,1.0,6,105,0.0
causal,EleutherAI/pythia-160m,pythia-160m,,1.0,6,106,0.0
causal,EleutherAI/pythia-160m,pythia-160m,,1.0,6,107,0.0
causal,EleutherAI/pythia-160m,pythia-160m,,1.0,6,108,0.0
causal,EleutherAI/pythia-160m,pythia-160m,,1.0,6,109,0.0
causal,EleutherAI/pythia-160m,pythia-160m,,1.0,6,110,0.0
causal,EleutherAI/pythia-160m,pythia-160m,,1.0,6,111,0.0
causal,EleutherAI/pythia-160m,pythia-160m,,1.0,6,112,0.0
causal,EleutherAI/pythia-160m,pythia-160m,,1.0,6,113,0.0
causal,EleutherAI/pythia-160m,pythia-160m,,1.0,6,114,0.0
causal,EleutherAI/pythia-160m,pythia-160m,,1.0,6,115,0.0
causal,EleutherAI/pythia-160m,pythia-160m,,1.0,6,116,0.0
causal,EleutherAI/pythia-160m,pythia-160m,,1.0,6,117,0.0
causal,EleutherAI/pythia-160m,pythia-160m,,1.0,6,118,0.0
causal,EleutherAI/pythia-160m,pythia-160m,,1.0,6,119,0.0
causal,EleutherAI/pythia-160m,pythia-160m,,1.0,6,120,0.0
causal,EleutherAI/pythia-160m,pythia-160m,,1.0,7,0,1.0
causal,EleutherAI/pythia-160m,pythia-160m,,1.0,7,1,17.0
causal,EleutherAI/pythia-160m,pythia-160m,,1.0,7,2,21.0
causal,EleutherAI/pythia-160m,pythia-160m,,1.0,7,3,27.0
causal,EleutherAI/pythia-160m,pythia-160m,,1.0,7,4,26.0
causal,EleutherAI/pythia-160m,pythia-160m,,1.0,7,5,28.0
causal,EleutherAI/pythia-160m,pythia-160m,,1.0,7,6,24.0
causal,EleutherAI/pythia-160m,pythia-160m,,1.0,7,7,27.0
causal,EleutherAI/pythia-160m,pythia-160m,,1.0,7,8,24.0
causal,EleutherAI/pythia-160m,pythia-160m,,1.0,7,9,24.0
causal,EleutherAI/pythia-160m,pythia-160m,,1.0,7,10,21.0
causal,EleutherAI/pythia-160m,pythia-160m,,1.0,7,11,27.0
causal,EleutherAI/pythia-160m,pythia-160m,,1.0,7,12,22.0
causal,EleutherAI/pythia-160m,pythia-160m,,1.0,7,13,18.0
causal,EleutherAI/pythia-160m,pythia-160m,,1.0,7,14,17.0
causal,EleutherAI/pythia-160m,pythia-160m,,1.0,7,15,18.0
causal,EleutherAI/pythia-160m,pythia-160m,,1.0,7,16,15.0
causal,EleutherAI/pythia-160m,pythia-160m,,1.0,7,17,14.0
causal,EleutherAI/pythia-160m,pythia-160m,,1.0,7,18,13.0
causal,EleutherAI/pythia-160m,pythia-160m,,1.0,7,19,14.0
causal,EleutherAI/pythia-160m,pythia-160m,,1.0,7,20,10.0
causal,EleutherAI/pythia-160m,pythia-160m,,1.0,7,21,12.0
causal,EleutherAI/pythia-160m,pythia-160m,,1.0,7,22,11.0
causal,EleutherAI/pythia-160m,pythia-160m,,1.0,7,23,8.0
causal,EleutherAI/pythia-160m,pythia-160m,,1.0,7,24,5.0
causal,EleutherAI/pythia-160m,pythia-160m,,1.0,7,25,4.0
causal,EleutherAI/pythia-160m,pythia-160m,,1.0,7,26,3.0
causal,EleutherAI/pythia-160m,pythia-160m,,1.0,7,27,2.0
causal,EleutherAI/pythia-160m,pythia-160m,,1.0,7,28,0.0
causal,EleutherAI/pythia-160m,pythia-160m,,1.0,7,29,0.0
causal,EleutherAI/pythia-160m,pythia-160m,,1.0,7,30,0.0
causal,EleutherAI/pythia-160m,pythia-160m,,1.0,7,31,0.0
causal,EleutherAI/pythia-160m,pythia-160m,,1.0,7,32,0.0
causal,EleutherAI/pythia-160m,pythia-160m,,1.0,7,33,0.0
causal,EleutherAI/pythia-160m,pythia-160m,,1.0,7,34,0.0
causal,EleutherAI/pythia-160m,pythia-160m,,1.0,7,35,0.0
causal,EleutherAI/pythia-160m,pythia-160m,,1.0,7,36,0.0
causal,EleutherAI/pythia-160m,pythia-160m,,1.0,7,37,0.0
causal,EleutherAI/pythia-160m,pythia-160m,,1.0,7,38,0.0
causal,EleutherAI/pythia-160m,pythia-160m,,1.0,7,39,0.0
causal,EleutherAI/pythia-160m,pythia-160m,,1.0,7,40,0.0
causal,EleutherAI/pythia-160m,pythia-160m,,1.0,7,41,0.0
causal,EleutherAI/pythia-160m,pythia-160m,,1.0,7,42,0.0
causal,EleutherAI/pythia-160m,pythia-160m,,1.0,7,43,0.0
causal,EleutherAI/pythia-160m,pythia-160m,,1.0,7,44,0.0
causal,EleutherAI/pythia-160m,pythia-160m,,1.0,7,45,0.0
causal,EleutherAI/pythia-160m,pythia-160m,,1.0,7,46,0.0
causal,EleutherAI/pythia-160m,pythia-160m,,1.0,7,47,0.0
causal,EleutherAI/pythia-160m,pythia-160m,,1.0,7,48,0.0
causal,EleutherAI/pythia-160m,pythia-160m,,1.0,7,49,0.0
causal,EleutherAI/pythia-160m,pythia-160m,,1.0,7,50,0.0
causal,EleutherAI/pythia-160m,pythia-160m,,1.0,7,51,0.0
causal,EleutherAI/pythia-160m,pythia-160m,,1.0,7,52,0.0
causal,EleutherAI/pythia-160m,pythia-160m,,1.0,7,53,0.0
causal,EleutherAI/pythia-160m,pythia-160m,,1.0,7,54,0.0
causal,EleutherAI/pythia-160m,pythia-160m,,1.0,7,55,0.0
causal,EleutherAI/pythia-160m,pythia-160m,,1.0,7,56,0.0
causal,EleutherAI/pythia-160m,pythia-160m,,1.0,7,57,0.0
causal,EleutherAI/pythia-160m,pythia-160m,,1.0,7,58,0.0
causal,EleutherAI/pythia-160m,pythia-160m,,1.0,7,59,0.0
causal,EleutherAI/pythia-160m,pythia-160m,,1.0,7,60,0.0
causal,EleutherAI/pythia-160m,pythia-160m,,1.0,7,61,0.0
causal,EleutherAI/pythia-160m,pythia-160m,,1.0,7,62,0.0
causal,EleutherAI/pythia-160m,pythia-160m,,1.0,7,63,0.0
causal,EleutherAI/pythia-160m,pythia-160m,,1.0,7,64,0.0
causal,EleutherAI/pythia-160m,pythia-160m,,1.0,7,65,0.0
causal,EleutherAI/pythia-160m,pythia-160m,,1.0,7,66,0.0
causal,EleutherAI/pythia-160m,pythia-160m,,1.0,7,67,0.0
causal,EleutherAI/pythia-160m,pythia-160m,,1.0,7,68,0.0
causal,EleutherAI/pythia-160m,pythia-160m,,1.0,7,69,0.0
causal,EleutherAI/pythia-160m,pythia-160m,,1.0,7,70,0.0
causal,EleutherAI/pythia-160m,pythia-160m,,1.0,7,71,0.0
causal,EleutherAI/pythia-160m,pythia-160m,,1.0,7,72,0.0
causal,EleutherAI/pythia-160m,pythia-160m,,1.0,7,73,0.0
causal,EleutherAI/pythia-160m,pythia-160m,,1.0,7,74,0.0
causal,EleutherAI/pythia-160m,pythia-160m,,1.0,7,75,0.0
causal,EleutherAI/pythia-160m,pythia-160m,,1.0,7,76,0.0
causal,EleutherAI/pythia-160m,pythia-160m,,1.0,7,77,0.0
causal,EleutherAI/pythia-160m,pythia-160m,,1.0,7,78,0.0
causal,EleutherAI/pythia-160m,pythia-160m,,1.0,7,79,0.0
causal,EleutherAI/pythia-160m,pythia-160m,,1.0,7,80,0.0
causal,EleutherAI/pythia-160m,pythia-160m,,1.0,7,81,0.0
causal,EleutherAI/pythia-160m,pythia-160m,,1.0,7,82,0.0
causal,EleutherAI/pythia-160m,pythia-160m,,1.0,7,83,0.0
causal,EleutherAI/pythia-160m,pythia-160m,,1.0,7,84,0.0
causal,EleutherAI/pythia-160m,pythia-160m,,1.0,7,85,0.0
causal,EleutherAI/pythia-160m,pythia-160m,,1.0,7,86,0.0
causal,EleutherAI/pythia-160m,pythia-160m,,1.0,7,87,0.0
causal,EleutherAI/pythia-160m,pythia-160m,,1.0,7,88,0.0
causal,EleutherAI/pythia-160m,pythia-160m,,1.0,7,89,0.0
causal,EleutherAI/pythia-160m,pythia-160m,,1.0,7,90,0.0
causal,EleutherAI/pythia-160m,pythia-160m,,1.0,7,91,0.0
causal,EleutherAI/pythia-160m,pythia-160m,,1.0,7,92,0.0
causal,EleutherAI/pythia-160m,pythia-160m,,1.0,7,93,0.0
causal,EleutherAI/pythia-160m,pythia-160m,,1.0,7,94,0.0
causal,EleutherAI/pythia-160m,pythia-160m,,1.0,7,95,0.0
causal,EleutherAI/pythia-160m,pythia-160m,,1.0,7,96,0.0
causal,EleutherAI/pythia-160m,pythia-160m,,1.0,7,97,0.0
causal,EleutherAI/pythia-160m,pythia-160m,,1.0,7,98,0.0
causal,EleutherAI/pythia-160m,pythia-160m,,1.0,7,99,0.0
causal,EleutherAI/pythia-160m,pythia-160m,,1.0,7,100,0.0
causal,EleutherAI/pythia-160m,pythia-160m,,1.0,7,101,0.0
causal,EleutherAI/pythia-160m,pythia-160m,,1.0,7,102,0.0
causal,EleutherAI/pythia-160m,pythia-160m,,1.0,7,103,0.0
causal,EleutherAI/pythia-160m,pythia-160m,,1.0,7,104,0.0
causal,EleutherAI/pythia-160m,pythia-160m,,1.0,7,105,0.0
causal,EleutherAI/pythia-160m,pythia-160m,,1.0,7,106,0.0
causal,EleutherAI/pythia-160m,pythia-160m,,1.0,7,107,0.0
causal,EleutherAI/pythia-160m,pythia-160m,,1.0,7,108,0.0
causal,EleutherAI/pythia-160m,pythia-160m,,1.0,7,109,0.0
causal,EleutherAI/pythia-160m,pythia-160m,,1.0,7,110,0.0
causal,EleutherAI/pythia-160m,pythia-160m,,1.0,7,111,0.0
causal,EleutherAI/pythia-160m,pythia-160m,,1.0,7,112,0.0
causal,EleutherAI/pythia-160m,pythia-160m,,1.0,7,113,0.0
causal,EleutherAI/pythia-160m,pythia-160m,,1.0,7,114,0.0
causal,EleutherAI/pythia-160m,pythia-160m,,1.0,7,115,0.0
causal,EleutherAI/pythia-160m,pythia-160m,,1.0,7,116,0.0
causal,EleutherAI/pythia-160m,pythia-160m,,1.0,7,117,0.0
causal,EleutherAI/pythia-160m,pythia-160m,,1.0,7,118,0.0
causal,EleutherAI/pythia-160m,pythia-160m,,1.0,7,119,0.0
causal,EleutherAI/pythia-160m,pythia-160m,,1.0,7,120,0.0
causal,EleutherAI/pythia-160m,pythia-160m,,1.0,8,0,1.0
causal,EleutherAI/pythia-160m,pythia-160m,,1.0,8,1,10.0
causal,EleutherAI/pythia-160m,pythia-160m,,1.0,8,2,10.0
causal,EleutherAI/pythia-160m,pythia-160m,,1.0,8,3,16.0
causal,EleutherAI/pythia-160m,pythia-160m,,1.0,8,4,19.0
causal,EleutherAI/pythia-160m,pythia-160m,,1.0,8,5,17.0
causal,EleutherAI/pythia-160m,pythia-160m,,1.0,8,6,14.0
causal,EleutherAI/pythia-160m,pythia-160m,,1.0,8,7,12.0
causal,EleutherAI/pythia-160m,pythia-160m,,1.0,8,8,14.0
causal,EleutherAI/pythia-160m,pythia-160m,,1.0,8,9,14.0
causal,EleutherAI/pythia-160m,pythia-160m,,1.0,8,10,13.0
causal,EleutherAI/pythia-160m,pythia-160m,,1.0,8,11,12.0
causal,EleutherAI/pythia-160m,pythia-160m,,1.0,8,12,9.0
causal,EleutherAI/pythia-160m,pythia-160m,,1.0,8,13,13.0
causal,EleutherAI/pythia-160m,pythia-160m,,1.0,8,14,14.0
causal,EleutherAI/pythia-160m,pythia-160m,,1.0,8,15,10.0
causal,EleutherAI/pythia-160m,pythia-160m,,1.0,8,16,7.0
causal,EleutherAI/pythia-160m,pythia-160m,,1.0,8,17,6.0
causal,EleutherAI/pythia-160m,pythia-160m,,1.0,8,18,7.0
causal,EleutherAI/pythia-160m,pythia-160m,,1.0,8,19,4.0
causal,EleutherAI/pythia-160m,pythia-160m,,1.0,8,20,6.0
causal,EleutherAI/pythia-160m,pythia-160m,,1.0,8,21,6.0
causal,EleutherAI/pythia-160m,pythia-160m,,1.0,8,22,6.0
causal,EleutherAI/pythia-160m,pythia-160m,,1.0,8,23,3.0
causal,EleutherAI/pythia-160m,pythia-160m,,1.0,8,24,1.0
causal,EleutherAI/pythia-160m,pythia-160m,,1.0,8,25,0.0
causal,EleutherAI/pythia-160m,pythia-160m,,1.0,8,26,0.0
causal,EleutherAI/pythia-160m,pythia-160m,,1.0,8,27,0.0
causal,EleutherAI/pythia-160m,pythia-160m,,1.0,8,28,0.0
causal,EleutherAI/pythia-160m,pythia-160m,,1.0,8,29,0.0
causal,EleutherAI/pythia-160m,pythia-160m,,1.0,8,30,0.0
causal,EleutherAI/pythia-160m,pythia-160m,,1.0,8,31,0.0
causal,EleutherAI/pythia-160m,pythia-160m,,1.0,8,32,0.0
causal,EleutherAI/pythia-160m,pythia-160m,,1.0,8,33,0.0
causal,EleutherAI/pythia-160m,pythia-160m,,1.0,8,34,0.0
causal,EleutherAI/pythia-160m,pythia-160m,,1.0,8,35,0.0
causal,EleutherAI/pythia-160m,pythia-160m,,1.0,8,36,0.0
causal,EleutherAI/pythia-160m,pythia-160m,,1.0,8,37,0.0
causal,EleutherAI/pythia-160m,pythia-160m,,1.0,8,38,0.0
causal,EleutherAI/pythia-160m,pythia-160m,,1.0,8,39,0.0
causal,EleutherAI/pythia-160m,pythia-160m,,1.0,8,40,0.0
causal,EleutherAI/pythia-160m,pythia-160m,,1.0,8,41,0.0
causal,EleutherAI/pythia-160m,pythia-160m,,1.0,8,42,0.0
causal,EleutherAI/pythia-160m,pythia-160m,,1.0,8,43,0.0
causal,EleutherAI/pythia-160m,pythia-160m,,1.0,8,44,0.0
causal,EleutherAI/pythia-160m,pythia-160m,,1.0,8,45,0.0
causal,EleutherAI/pythia-160m,pythia-160m,,1.0,8,46,0.0
causal,EleutherAI/pythia-160m,pythia-160m,,1.0,8,47,0.0
causal,EleutherAI/pythia-160m,pythia-160m,,1.0,8,48,0.0
causal,EleutherAI/pythia-160m,pythia-160m,,1.0,8,49,0.0
causal,EleutherAI/pythia-160m,pythia-160m,,1.0,8,50,0.0
causal,EleutherAI/pythia-160m,pythia-160m,,1.0,8,51,0.0
causal,EleutherAI/pythia-160m,pythia-160m,,1.0,8,52,0.0
causal,EleutherAI/pythia-160m,pythia-160m,,1.0,8,53,0.0
causal,EleutherAI/pythia-160m,pythia-160m,,1.0,8,54,0.0
causal,EleutherAI/pythia-160m,pythia-160m,,1.0,8,55,0.0
causal,EleutherAI/pythia-160m,pythia-160m,,1.0,8,56,0.0
causal,EleutherAI/pythia-160m,pythia-160m,,1.0,8,57,0.0
causal,EleutherAI/pythia-160m,pythia-160m,,1.0,8,58,0.0
causal,EleutherAI/pythia-160m,pythia-160m,,1.0,8,59,0.0
causal,EleutherAI/pythia-160m,pythia-160m,,1.0,8,60,0.0
causal,EleutherAI/pythia-160m,pythia-160m,,1.0,8,61,0.0
causal,EleutherAI/pythia-160m,pythia-160m,,1.0,8,62,0.0
causal,EleutherAI/pythia-160m,pythia-160m,,1.0,8,63,0.0
causal,EleutherAI/pythia-160m,pythia-160m,,1.0,8,64,0.0
causal,EleutherAI/pythia-160m,pythia-160m,,1.0,8,65,0.0
causal,EleutherAI/pythia-160m,pythia-160m,,1.0,8,66,0.0
causal,EleutherAI/pythia-160m,pythia-160m,,1.0,8,67,0.0
causal,EleutherAI/pythia-160m,pythia-160m,,1.0,8,68,0.0
causal,EleutherAI/pythia-160m,pythia-160m,,1.0,8,69,0.0
causal,EleutherAI/pythia-160m,pythia-160m,,1.0,8,70,0.0
causal,EleutherAI/pythia-160m,pythia-160m,,1.0,8,71,0.0
causal,EleutherAI/pythia-160m,pythia-160m,,1.0,8,72,0.0
causal,EleutherAI/pythia-160m,pythia-160m,,1.0,8,73,0.0
causal,EleutherAI/pythia-160m,pythia-160m,,1.0,8,74,0.0
causal,EleutherAI/pythia-160m,pythia-160m,,1.0,8,75,0.0
causal,EleutherAI/pythia-160m,pythia-160m,,1.0,8,76,0.0
causal,EleutherAI/pythia-160m,pythia-160m,,1.0,8,77,0.0
causal,EleutherAI/pythia-160m,pythia-160m,,1.0,8,78,0.0
causal,EleutherAI/pythia-160m,pythia-160m,,1.0,8,79,0.0
causal,EleutherAI/pythia-160m,pythia-160m,,1.0,8,80,0.0
causal,EleutherAI/pythia-160m,pythia-160m,,1.0,8,81,0.0
causal,EleutherAI/pythia-160m,pythia-160m,,1.0,8,82,0.0
causal,EleutherAI/pythia-160m,pythia-160m,,1.0,8,83,0.0
causal,EleutherAI/pythia-160m,pythia-160m,,1.0,8,84,0.0
causal,EleutherAI/pythia-160m,pythia-160m,,1.0,8,85,0.0
causal,EleutherAI/pythia-160m,pythia-160m,,1.0,8,86,0.0
causal,EleutherAI/pythia-160m,pythia-160m,,1.0,8,87,0.0
causal,EleutherAI/pythia-160m,pythia-160m,,1.0,8,88,0.0
causal,EleutherAI/pythia-160m,pythia-160m,,1.0,8,89,0.0
causal,EleutherAI/pythia-160m,pythia-160m,,1.0,8,90,0.0
causal,EleutherAI/pythia-160m,pythia-160m,,1.0,8,91,0.0
causal,EleutherAI/pythia-160m,pythia-160m,,1.0,8,92,0.0
causal,EleutherAI/pythia-160m,pythia-160m,,1.0,8,93,0.0
causal,EleutherAI/pythia-160m,pythia-160m,,1.0,8,94,0.0
causal,EleutherAI/pythia-160m,pythia-160m,,1.0,8,95,0.0
causal,EleutherAI/pythia-160m,pythia-160m,,1.0,8,96,0.0
causal,EleutherAI/pythia-160m,pythia-160m,,1.0,8,97,0.0
causal,EleutherAI/pythia-160m,pythia-160m,,1.0,8,98,0.0
causal,EleutherAI/pythia-160m,pythia-160m,,1.0,8,99,0.0
causal,EleutherAI/pythia-160m,pythia-160m,,1.0,8,100,0.0
causal,EleutherAI/pythia-160m,pythia-160m,,1.0,8,101,0.0
causal,EleutherAI/pythia-160m,pythia-160m,,1.0,8,102,0.0
causal,EleutherAI/pythia-160m,pythia-160m,,1.0,8,103,0.0
causal,EleutherAI/pythia-160m,pythia-160m,,1.0,8,104,0.0
causal,EleutherAI/pythia-160m,pythia-160m,,1.0,8,105,0.0
causal,EleutherAI/pythia-160m,pythia-160m,,1.0,8,106,0.0
causal,EleutherAI/pythia-160m,pythia-160m,,1.0,8,107,0.0
causal,EleutherAI/pythia-160m,pythia-160m,,1.0,8,108,0.0
causal,EleutherAI/pythia-160m,pythia-160m,,1.0,8,109,0.0
causal,EleutherAI/pythia-160m,pythia-160m,,1.0,8,110,0.0
causal,EleutherAI/pythia-160m,pythia-160m,,1.0,8,111,0.0
causal,EleutherAI/pythia-160m,pythia-160m,,1.0,8,112,0.0
causal,EleutherAI/pythia-160m,pythia-160m,,1.0,8,113,0.0
causal,EleutherAI/pythia-160m,pythia-160m,,1.0,8,114,0.0
causal,EleutherAI/pythia-160m,pythia-160m,,1.0,8,115,0.0
causal,EleutherAI/pythia-160m,pythia-160m,,1.0,8,116,0.0
causal,EleutherAI/pythia-160m,pythia-160m,,1.0,8,117,0.0
causal,EleutherAI/pythia-160m,pythia-160m,,1.0,8,118,0.0
causal,EleutherAI/pythia-160m,pythia-160m,,1.0,8,119,0.0
causal,EleutherAI/pythia-160m,pythia-160m,,1.0,8,120,0.0
causal,EleutherAI/pythia-160m,pythia-160m,,1.0,9,0,1.0
causal,EleutherAI/pythia-160m,pythia-160m,,1.0,9,1,8.0
causal,EleutherAI/pythia-160m,pythia-160m,,1.0,9,2,14.0
causal,EleutherAI/pythia-160m,pythia-160m,,1.0,9,3,18.0
causal,EleutherAI/pythia-160m,pythia-160m,,1.0,9,4,14.0
causal,EleutherAI/pythia-160m,pythia-160m,,1.0,9,5,16.0
causal,EleutherAI/pythia-160m,pythia-160m,,1.0,9,6,14.0
causal,EleutherAI/pythia-160m,pythia-160m,,1.0,9,7,18.0
causal,EleutherAI/pythia-160m,pythia-160m,,1.0,9,8,11.0
causal,EleutherAI/pythia-160m,pythia-160m,,1.0,9,9,9.0
causal,EleutherAI/pythia-160m,pythia-160m,,1.0,9,10,6.0
causal,EleutherAI/pythia-160m,pythia-160m,,1.0,9,11,4.0
causal,EleutherAI/pythia-160m,pythia-160m,,1.0,9,12,5.0
causal,EleutherAI/pythia-160m,pythia-160m,,1.0,9,13,4.0
causal,EleutherAI/pythia-160m,pythia-160m,,1.0,9,14,3.0
causal,EleutherAI/pythia-160m,pythia-160m,,1.0,9,15,4.0
causal,EleutherAI/pythia-160m,pythia-160m,,1.0,9,16,6.0
causal,EleutherAI/pythia-160m,pythia-160m,,1.0,9,17,5.0
causal,EleutherAI/pythia-160m,pythia-160m,,1.0,9,18,4.0
causal,EleutherAI/pythia-160m,pythia-160m,,1.0,9,19,4.0
causal,EleutherAI/pythia-160m,pythia-160m,,1.0,9,20,2.0
causal,EleutherAI/pythia-160m,pythia-160m,,1.0,9,21,2.0
causal,EleutherAI/pythia-160m,pythia-160m,,1.0,9,22,2.0
causal,EleutherAI/pythia-160m,pythia-160m,,1.0,9,23,1.0
causal,EleutherAI/pythia-160m,pythia-160m,,1.0,9,24,0.0
causal,EleutherAI/pythia-160m,pythia-160m,,1.0,9,25,0.0
causal,EleutherAI/pythia-160m,pythia-160m,,1.0,9,26,0.0
causal,EleutherAI/pythia-160m,pythia-160m,,1.0,9,27,0.0
causal,EleutherAI/pythia-160m,pythia-160m,,1.0,9,28,0.0
causal,EleutherAI/pythia-160m,pythia-160m,,1.0,9,29,0.0
causal,EleutherAI/pythia-160m,pythia-160m,,1.0,9,30,0.0
causal,EleutherAI/pythia-160m,pythia-160m,,1.0,9,31,0.0
causal,EleutherAI/pythia-160m,pythia-160m,,1.0,9,32,0.0
causal,EleutherAI/pythia-160m,pythia-160m,,1.0,9,33,0.0
causal,EleutherAI/pythia-160m,pythia-160m,,1.0,9,34,0.0
causal,EleutherAI/pythia-160m,pythia-160m,,1.0,9,35,0.0
causal,EleutherAI/pythia-160m,pythia-160m,,1.0,9,36,0.0
causal,EleutherAI/pythia-160m,pythia-160m,,1.0,9,37,0.0
causal,EleutherAI/pythia-160m,pythia-160m,,1.0,9,38,0.0
causal,EleutherAI/pythia-160m,pythia-160m,,1.0,9,39,0.0
causal,EleutherAI/pythia-160m,pythia-160m,,1.0,9,40,0.0
causal,EleutherAI/pythia-160m,pythia-160m,,1.0,9,41,0.0
causal,EleutherAI/pythia-160m,pythia-160m,,1.0,9,42,0.0
causal,EleutherAI/pythia-160m,pythia-160m,,1.0,9,43,0.0
causal,EleutherAI/pythia-160m,pythia-160m,,1.0,9,44,0.0
causal,EleutherAI/pythia-160m,pythia-160m,,1.0,9,45,0.0
causal,EleutherAI/pythia-160m,pythia-160m,,1.0,9,46,0.0
causal,EleutherAI/pythia-160m,pythia-160m,,1.0,9,47,0.0
causal,EleutherAI/pythia-160m,pythia-160m,,1.0,9,48,0.0
causal,EleutherAI/pythia-160m,pythia-160m,,1.0,9,49,0.0
causal,EleutherAI/pythia-160m,pythia-160m,,1.0,9,50,0.0
causal,EleutherAI/pythia-160m,pythia-160m,,1.0,9,51,0.0
causal,EleutherAI/pythia-160m,pythia-160m,,1.0,9,52,0.0
causal,EleutherAI/pythia-160m,pythia-160m,,1.0,9,53,0.0
causal,EleutherAI/pythia-160m,pythia-160m,,1.0,9,54,0.0
causal,EleutherAI/pythia-160m,pythia-160m,,1.0,9,55,0.0
causal,EleutherAI/pythia-160m,pythia-160m,,1.0,9,56,0.0
causal,EleutherAI/pythia-160m,pythia-160m,,1.0,9,57,0.0
causal,EleutherAI/pythia-160m,pythia-160m,,1.0,9,58,0.0
causal,EleutherAI/pythia-160m,pythia-160m,,1.0,9,59,0.0
causal,EleutherAI/pythia-160m,pythia-160m,,1.0,9,60,0.0
causal,EleutherAI/pythia-160m,pythia-160m,,1.0,9,61,0.0
causal,EleutherAI/pythia-160m,pythia-160m,,1.0,9,62,0.0
causal,EleutherAI/pythia-160m,pythia-160m,,1.0,9,63,0.0
causal,EleutherAI/pythia-160m,pythia-160m,,1.0,9,64,0.0
causal,EleutherAI/pythia-160m,pythia-160m,,1.0,9,65,0.0
causal,EleutherAI/pythia-160m,pythia-160m,,1.0,9,66,0.0
causal,EleutherAI/pythia-160m,pythia-160m,,1.0,9,67,0.0
causal,EleutherAI/pythia-160m,pythia-160m,,1.0,9,68,0.0
causal,EleutherAI/pythia-160m,pythia-160m,,1.0,9,69,0.0
causal,EleutherAI/pythia-160m,pythia-160m,,1.0,9,70,0.0
causal,EleutherAI/pythia-160m,pythia-160m,,1.0,9,71,0.0
causal,EleutherAI/pythia-160m,pythia-160m,,1.0,9,72,0.0
causal,EleutherAI/pythia-160m,pythia-160m,,1.0,9,73,0.0
causal,EleutherAI/pythia-160m,pythia-160m,,1.0,9,74,0.0
causal,EleutherAI/pythia-160m,pythia-160m,,1.0,9,75,0.0
causal,EleutherAI/pythia-160m,pythia-160m,,1.0,9,76,0.0
causal,EleutherAI/pythia-160m,pythia-160m,,1.0,9,77,0.0
causal,EleutherAI/pythia-160m,pythia-160m,,1.0,9,78,0.0
causal,EleutherAI/pythia-160m,pythia-160m,,1.0,9,79,0.0
causal,EleutherAI/pythia-160m,pythia-160m,,1.0,9,80,0.0
causal,EleutherAI/pythia-160m,pythia-160m,,1.0,9,81,0.0
causal,EleutherAI/pythia-160m,pythia-160m,,1.0,9,82,0.0
causal,EleutherAI/pythia-160m,pythia-160m,,1.0,9,83,0.0
causal,EleutherAI/pythia-160m,pythia-160m,,1.0,9,84,0.0
causal,EleutherAI/pythia-160m,pythia-160m,,1.0,9,85,0.0
causal,EleutherAI/pythia-160m,pythia-160m,,1.0,9,86,0.0
causal,EleutherAI/pythia-160m,pythia-160m,,1.0,9,87,0.0
causal,EleutherAI/pythia-160m,pythia-160m,,1.0,9,88,0.0
causal,EleutherAI/pythia-160m,pythia-160m,,1.0,9,89,0.0
causal,EleutherAI/pythia-160m,pythia-160m,,1.0,9,90,0.0
causal,EleutherAI/pythia-160m,pythia-160m,,1.0,9,91,0.0
causal,EleutherAI/pythia-160m,pythia-160m,,1.0,9,92,0.0
causal,EleutherAI/pythia-160m,pythia-160m,,1.0,9,93,0.0
causal,EleutherAI/pythia-160m,pythia-160m,,1.0,9,94,0.0
causal,EleutherAI/pythia-160m,pythia-160m,,1.0,9,95,0.0
causal,EleutherAI/pythia-160m,pythia-160m,,1.0,9,96,0.0
causal,EleutherAI/pythia-160m,pythia-160m,,1.0,9,97,0.0
causal,EleutherAI/pythia-160m,pythia-160m,,1.0,9,98,0.0
causal,EleutherAI/pythia-160m,pythia-160m,,1.0,9,99,0.0
causal,EleutherAI/pythia-160m,pythia-160m,,1.0,9,100,0.0
causal,EleutherAI/pythia-160m,pythia-160m,,1.0,9,101,0.0
causal,EleutherAI/pythia-160m,pythia-160m,,1.0,9,102,0.0
causal,EleutherAI/pythia-160m,pythia-160m,,1.0,9,103,0.0
causal,EleutherAI/pythia-160m,pythia-160m,,1.0,9,104,0.0
causal,EleutherAI/pythia-160m,pythia-160m,,1.0,9,105,0.0
causal,EleutherAI/pythia-160m,pythia-160m,,1.0,9,106,0.0
causal,EleutherAI/pythia-160m,pythia-160m,,1.0,9,107,0.0
causal,EleutherAI/pythia-160m,pythia-160m,,1.0,9,108,0.0
causal,EleutherAI/pythia-160m,pythia-160m,,1.0,9,109,0.0
causal,EleutherAI/pythia-160m,pythia-160m,,1.0,9,110,0.0
causal,EleutherAI/pythia-160m,pythia-160m,,1.0,9,111,0.0
causal,EleutherAI/pythia-160m,pythia-160m,,1.0,9,112,0.0
causal,EleutherAI/pythia-160m,pythia-160m,,1.0,9,113,0.0
causal,EleutherAI/pythia-160m,pythia-160m,,1.0,9,114,0.0
causal,EleutherAI/pythia-160m,pythia-160m,,1.0,9,115,0.0
causal,EleutherAI/pythia-160m,pythia-160m,,1.0,9,116,0.0
causal,EleutherAI/pythia-160m,pythia-160m,,1.0,9,117,0.0
causal,EleutherAI/pythia-160m,pythia-160m,,1.0,9,118,0.0
causal,EleutherAI/pythia-160m,pythia-160m,,1.0,9,119,0.0
causal,EleutherAI/pythia-160m,pythia-160m,,1.0,9,120,0.0
causal,EleutherAI/pythia-160m,pythia-160m,,1.0,10,0,1.0
causal,EleutherAI/pythia-160m,pythia-160m,,1.0,10,1,5.0
causal,EleutherAI/pythia-160m,pythia-160m,,1.0,10,2,8.0
causal,EleutherAI/pythia-160m,pythia-160m,,1.0,10,3,13.0
causal,EleutherAI/pythia-160m,pythia-160m,,1.0,10,4,13.0
causal,EleutherAI/pythia-160m,pythia-160m,,1.0,10,5,11.0
causal,EleutherAI/pythia-160m,pythia-160m,,1.0,10,6,6.0
causal,EleutherAI/pythia-160m,pythia-160m,,1.0,10,7,9.0
causal,EleutherAI/pythia-160m,pythia-160m,,1.0,10,8,9.0
causal,EleutherAI/pythia-160m,pythia-160m,,1.0,10,9,4.0
causal,EleutherAI/pythia-160m,pythia-160m,,1.0,10,10,7.0
causal,EleutherAI/pythia-160m,pythia-160m,,1.0,10,11,3.0
causal,EleutherAI/pythia-160m,pythia-160m,,1.0,10,12,2.0
causal,EleutherAI/pythia-160m,pythia-160m,,1.0,10,13,3.0
causal,EleutherAI/pythia-160m,pythia-160m,,1.0,10,14,2.0
causal,EleutherAI/pythia-160m,pythia-160m,,1.0,10,15,1.0
causal,EleutherAI/pythia-160m,pythia-160m,,1.0,10,16,0.0
causal,EleutherAI/pythia-160m,pythia-160m,,1.0,10,17,0.0
causal,EleutherAI/pythia-160m,pythia-160m,,1.0,10,18,0.0
causal,EleutherAI/pythia-160m,pythia-160m,,1.0,10,19,0.0
causal,EleutherAI/pythia-160m,pythia-160m,,1.0,10,20,0.0
causal,EleutherAI/pythia-160m,pythia-160m,,1.0,10,21,0.0
causal,EleutherAI/pythia-160m,pythia-160m,,1.0,10,22,0.0
causal,EleutherAI/pythia-160m,pythia-160m,,1.0,10,23,0.0
causal,EleutherAI/pythia-160m,pythia-160m,,1.0,10,24,0.0
causal,EleutherAI/pythia-160m,pythia-160m,,1.0,10,25,0.0
causal,EleutherAI/pythia-160m,pythia-160m,,1.0,10,26,0.0
causal,EleutherAI/pythia-160m,pythia-160m,,1.0,10,27,0.0
causal,EleutherAI/pythia-160m,pythia-160m,,1.0,10,28,0.0
causal,EleutherAI/pythia-160m,pythia-160m,,1.0,10,29,0.0
causal,EleutherAI/pythia-160m,pythia-160m,,1.0,10,30,0.0
causal,EleutherAI/pythia-160m,pythia-160m,,1.0,10,31,0.0
causal,EleutherAI/pythia-160m,pythia-160m,,1.0,10,32,0.0
causal,EleutherAI/pythia-160m,pythia-160m,,1.0,10,33,0.0
causal,EleutherAI/pythia-160m,pythia-160m,,1.0,10,34,0.0
causal,EleutherAI/pythia-160m,pythia-160m,,1.0,10,35,0.0
causal,EleutherAI/pythia-160m,pythia-160m,,1.0,10,36,0.0
causal,EleutherAI/pythia-160m,pythia-160m,,1.0,10,37,0.0
causal,EleutherAI/pythia-160m,pythia-160m,,1.0,10,38,0.0
causal,EleutherAI/pythia-160m,pythia-160m,,1.0,10,39,0.0
causal,EleutherAI/pythia-160m,pythia-160m,,1.0,10,40,0.0
causal,EleutherAI/pythia-160m,pythia-160m,,1.0,10,41,0.0
causal,EleutherAI/pythia-160m,pythia-160m,,1.0,10,42,0.0
causal,EleutherAI/pythia-160m,pythia-160m,,1.0,10,43,0.0
causal,EleutherAI/pythia-160m,pythia-160m,,1.0,10,44,0.0
causal,EleutherAI/pythia-160m,pythia-160m,,1.0,10,45,0.0
causal,EleutherAI/pythia-160m,pythia-160m,,1.0,10,46,0.0
causal,EleutherAI/pythia-160m,pythia-160m,,1.0,10,47,0.0
causal,EleutherAI/pythia-160m,pythia-160m,,1.0,10,48,0.0
causal,EleutherAI/pythia-160m,pythia-160m,,1.0,10,49,0.0
causal,EleutherAI/pythia-160m,pythia-160m,,1.0,10,50,0.0
causal,EleutherAI/pythia-160m,pythia-160m,,1.0,10,51,0.0
causal,EleutherAI/pythia-160m,pythia-160m,,1.0,10,52,0.0
causal,EleutherAI/pythia-160m,pythia-160m,,1.0,10,53,0.0
causal,EleutherAI/pythia-160m,pythia-160m,,1.0,10,54,0.0
causal,EleutherAI/pythia-160m,pythia-160m,,1.0,10,55,0.0
causal,EleutherAI/pythia-160m,pythia-160m,,1.0,10,56,0.0
causal,EleutherAI/pythia-160m,pythia-160m,,1.0,10,57,0.0
causal,EleutherAI/pythia-160m,pythia-160m,,1.0,10,58,0.0
causal,EleutherAI/pythia-160m,pythia-160m,,1.0,10,59,0.0
causal,EleutherAI/pythia-160m,pythia-160m,,1.0,10,60,0.0
causal,EleutherAI/pythia-160m,pythia-160m,,1.0,10,61,0.0
causal,EleutherAI/pythia-160m,pythia-160m,,1.0,10,62,0.0
causal,EleutherAI/pythia-160m,pythia-160m,,1.0,10,63,0.0
causal,EleutherAI/pythia-160m,pythia-160m,,1.0,10,64,0.0
causal,EleutherAI/pythia-160m,pythia-160m,,1.0,10,65,0.0
causal,EleutherAI/pythia-160m,pythia-160m,,1.0,10,66,0.0
causal,EleutherAI/pythia-160m,pythia-160m,,1.0,10,67,0.0
causal,EleutherAI/pythia-160m,pythia-160m,,1.0,10,68,0.0
causal,EleutherAI/pythia-160m,pythia-160m,,1.0,10,69,0.0
causal,EleutherAI/pythia-160m,pythia-160m,,1.0,10,70,0.0
causal,EleutherAI/pythia-160m,pythia-160m,,1.0,10,71,0.0
causal,EleutherAI/pythia-160m,pythia-160m,,1.0,10,72,0.0
causal,EleutherAI/pythia-160m,pythia-160m,,1.0,10,73,0.0
causal,EleutherAI/pythia-160m,pythia-160m,,1.0,10,74,0.0
causal,EleutherAI/pythia-160m,pythia-160m,,1.0,10,75,0.0
causal,EleutherAI/pythia-160m,pythia-160m,,1.0,10,76,0.0
causal,EleutherAI/pythia-160m,pythia-160m,,1.0,10,77,0.0
causal,EleutherAI/pythia-160m,pythia-160m,,1.0,10,78,0.0
causal,EleutherAI/pythia-160m,pythia-160m,,1.0,10,79,0.0
causal,EleutherAI/pythia-160m,pythia-160m,,1.0,10,80,0.0
causal,EleutherAI/pythia-160m,pythia-160m,,1.0,10,81,0.0
causal,EleutherAI/pythia-160m,pythia-160m,,1.0,10,82,0.0
causal,EleutherAI/pythia-160m,pythia-160m,,1.0,10,83,0.0
causal,EleutherAI/pythia-160m,pythia-160m,,1.0,10,84,0.0
causal,EleutherAI/pythia-160m,pythia-160m,,1.0,10,85,0.0
causal,EleutherAI/pythia-160m,pythia-160m,,1.0,10,86,0.0
causal,EleutherAI/pythia-160m,pythia-160m,,1.0,10,87,0.0
causal,EleutherAI/pythia-160m,pythia-160m,,1.0,10,88,0.0
causal,EleutherAI/pythia-160m,pythia-160m,,1.0,10,89,0.0
causal,EleutherAI/pythia-160m,pythia-160m,,1.0,10,90,0.0
causal,EleutherAI/pythia-160m,pythia-160m,,1.0,10,91,0.0
causal,EleutherAI/pythia-160m,pythia-160m,,1.0,10,92,0.0
causal,EleutherAI/pythia-160m,pythia-160m,,1.0,10,93,0.0
causal,EleutherAI/pythia-160m,pythia-160m,,1.0,10,94,0.0
causal,EleutherAI/pythia-160m,pythia-160m,,1.0,10,95,0.0
causal,EleutherAI/pythia-160m,pythia-160m,,1.0,10,96,0.0
causal,EleutherAI/pythia-160m,pythia-160m,,1.0,10,97,0.0
causal,EleutherAI/pythia-160m,pythia-160m,,1.0,10,98,0.0
causal,EleutherAI/pythia-160m,pythia-160m,,1.0,10,99,0.0
causal,EleutherAI/pythia-160m,pythia-160m,,1.0,10,100,0.0
causal,EleutherAI/pythia-160m,pythia-160m,,1.0,10,101,0.0
causal,EleutherAI/pythia-160m,pythia-160m,,1.0,10,102,0.0
causal,EleutherAI/pythia-160m,pythia-160m,,1.0,10,103,0.0
causal,EleutherAI/pythia-160m,pythia-160m,,1.0,10,104,0.0
causal,EleutherAI/pythia-160m,pythia-160m,,1.0,10,105,0.0
causal,EleutherAI/pythia-160m,pythia-160m,,1.0,10,106,0.0
causal,EleutherAI/pythia-160m,pythia-160m,,1.0,10,107,0.0
causal,EleutherAI/pythia-160m,pythia-160m,,1.0,10,108,0.0
causal,EleutherAI/pythia-160m,pythia-160m,,1.0,10,109,0.0
causal,EleutherAI/pythia-160m,pythia-160m,,1.0,10,110,0.0
causal,EleutherAI/pythia-160m,pythia-160m,,1.0,10,111,0.0
causal,EleutherAI/pythia-160m,pythia-160m,,1.0,10,112,0.0
causal,EleutherAI/pythia-160m,pythia-160m,,1.0,10,113,0.0
causal,EleutherAI/pythia-160m,pythia-160m,,1.0,10,114,0.0
causal,EleutherAI/pythia-160m,pythia-160m,,1.0,10,115,0.0
causal,EleutherAI/pythia-160m,pythia-160m,,1.0,10,116,0.0
causal,EleutherAI/pythia-160m,pythia-160m,,1.0,10,117,0.0
causal,EleutherAI/pythia-160m,pythia-160m,,1.0,10,118,0.0
causal,EleutherAI/pythia-160m,pythia-160m,,1.0,10,119,0.0
causal,EleutherAI/pythia-160m,pythia-160m,,1.0,10,120,0.0
causal,EleutherAI/pythia-160m,pythia-160m,,1.0,11,0,1.0
causal,EleutherAI/pythia-160m,pythia-160m,,1.0,11,1,2.0
causal,EleutherAI/pythia-160m,pythia-160m,,1.0,11,2,6.0
causal,EleutherAI/pythia-160m,pythia-160m,,1.0,11,3,6.0
causal,EleutherAI/pythia-160m,pythia-160m,,1.0,11,4,5.0
causal,EleutherAI/pythia-160m,pythia-160m,,1.0,11,5,5.0
causal,EleutherAI/pythia-160m,pythia-160m,,1.0,11,6,8.0
causal,EleutherAI/pythia-160m,pythia-160m,,1.0,11,7,7.0
causal,EleutherAI/pythia-160m,pythia-160m,,1.0,11,8,3.0
causal,EleutherAI/pythia-160m,pythia-160m,,1.0,11,9,3.0
causal,EleutherAI/pythia-160m,pythia-160m,,1.0,11,10,1.0
causal,EleutherAI/pythia-160m,pythia-160m,,1.0,11,11,0.0
causal,EleutherAI/pythia-160m,pythia-160m,,1.0,11,12,0.0
causal,EleutherAI/pythia-160m,pythia-160m,,1.0,11,13,0.0
causal,EleutherAI/pythia-160m,pythia-160m,,1.0,11,14,0.0
causal,EleutherAI/pythia-160m,pythia-160m,,1.0,11,15,0.0
causal,EleutherAI/pythia-160m,pythia-160m,,1.0,11,16,0.0
causal,EleutherAI/pythia-160m,pythia-160m,,1.0,11,17,0.0
causal,EleutherAI/pythia-160m,pythia-160m,,1.0,11,18,0.0
causal,EleutherAI/pythia-160m,pythia-160m,,1.0,11,19,0.0
causal,EleutherAI/pythia-160m,pythia-160m,,1.0,11,20,0.0
causal,EleutherAI/pythia-160m,pythia-160m,,1.0,11,21,0.0
causal,EleutherAI/pythia-160m,pythia-160m,,1.0,11,22,0.0
causal,EleutherAI/pythia-160m,pythia-160m,,1.0,11,23,0.0
causal,EleutherAI/pythia-160m,pythia-160m,,1.0,11,24,0.0
causal,EleutherAI/pythia-160m,pythia-160m,,1.0,11,25,0.0
causal,EleutherAI/pythia-160m,pythia-160m,,1.0,11,26,0.0
causal,EleutherAI/pythia-160m,pythia-160m,,1.0,11,27,0.0
causal,EleutherAI/pythia-160m,pythia-160m,,1.0,11,28,0.0
causal,EleutherAI/pythia-160m,pythia-160m,,1.0,11,29,0.0
causal,EleutherAI/pythia-160m,pythia-160m,,1.0,11,30,0.0
causal,EleutherAI/pythia-160m,pythia-160m,,1.0,11,31,0.0
causal,EleutherAI/pythia-160m,pythia-160m,,1.0,11,32,0.0
causal,EleutherAI/pythia-160m,pythia-160m,,1.0,11,33,0.0
causal,EleutherAI/pythia-160m,pythia-160m,,1.0,11,34,0.0
causal,EleutherAI/pythia-160m,pythia-160m,,1.0,11,35,0.0
causal,EleutherAI/pythia-160m,pythia-160m,,1.0,11,36,0.0
causal,EleutherAI/pythia-160m,pythia-160m,,1.0,11,37,0.0
causal,EleutherAI/pythia-160m,pythia-160m,,1.0,11,38,0.0
causal,EleutherAI/pythia-160m,pythia-160m,,1.0,11,39,0.0
causal,EleutherAI/pythia-160m,pythia-160m,,1.0,11,40,0.0
causal,EleutherAI/pythia-160m,pythia-160m,,1.0,11,41,0.0
causal,EleutherAI/pythia-160m,pythia-160m,,1.0,11,42,0.0
causal,EleutherAI/pythia-160m,pythia-160m,,1.0,11,43,0.0
causal,EleutherAI/pythia-160m,pythia-160m,,1.0,11,44,0.0
causal,EleutherAI/pythia-160m,pythia-160m,,1.0,11,45,0.0
causal,EleutherAI/pythia-160m,pythia-160m,,1.0,11,46,0.0
causal,EleutherAI/pythia-160m,pythia-160m,,1.0,11,47,0.0
causal,EleutherAI/pythia-160m,pythia-160m,,1.0,11,48,0.0
causal,EleutherAI/pythia-160m,pythia-160m,,1.0,11,49,0.0
causal,EleutherAI/pythia-160m,pythia-160m,,1.0,11,50,0.0
causal,EleutherAI/pythia-160m,pythia-160m,,1.0,11,51,0.0
causal,EleutherAI/pythia-160m,pythia-160m,,1.0,11,52,0.0
causal,EleutherAI/pythia-160m,pythia-160m,,1.0,11,53,0.0
causal,EleutherAI/pythia-160m,pythia-160m,,1.0,11,54,0.0
causal,EleutherAI/pythia-160m,pythia-160m,,1.0,11,55,0.0
causal,EleutherAI/pythia-160m,pythia-160m,,1.0,11,56,0.0
causal,EleutherAI/pythia-160m,pythia-160m,,1.0,11,57,0.0
causal,EleutherAI/pythia-160m,pythia-160m,,1.0,11,58,0.0
causal,EleutherAI/pythia-160m,pythia-160m,,1.0,11,59,0.0
causal,EleutherAI/pythia-160m,pythia-160m,,1.0,11,60,0.0
causal,EleutherAI/pythia-160m,pythia-160m,,1.0,11,61,0.0
causal,EleutherAI/pythia-160m,pythia-160m,,1.0,11,62,0.0
causal,EleutherAI/pythia-160m,pythia-160m,,1.0,11,63,0.0
causal,EleutherAI/pythia-160m,pythia-160m,,1.0,11,64,0.0
causal,EleutherAI/pythia-160m,pythia-160m,,1.0,11,65,0.0
causal,EleutherAI/pythia-160m,pythia-160m,,1.0,11,66,0.0
causal,EleutherAI/pythia-160m,pythia-160m,,1.0,11,67,0.0
causal,EleutherAI/pythia-160m,pythia-160m,,1.0,11,68,0.0
causal,EleutherAI/pythia-160m,pythia-160m,,1.0,11,69,0.0
causal,EleutherAI/pythia-160m,pythia-160m,,1.0,11,70,0.0
causal,EleutherAI/pythia-160m,pythia-160m,,1.0,11,71,0.0
causal,EleutherAI/pythia-160m,pythia-160m,,1.0,11,72,0.0
causal,EleutherAI/pythia-160m,pythia-160m,,1.0,11,73,0.0
causal,EleutherAI/pythia-160m,pythia-160m,,1.0,11,74,0.0
causal,EleutherAI/pythia-160m,pythia-160m,,1.0,11,75,0.0
causal,EleutherAI/pythia-160m,pythia-160m,,1.0,11,76,0.0
causal,EleutherAI/pythia-160m,pythia-160m,,1.0,11,77,0.0
causal,EleutherAI/pythia-160m,pythia-160m,,1.0,11,78,0.0
causal,EleutherAI/pythia-160m,pythia-160m,,1.0,11,79,0.0
causal,EleutherAI/pythia-160m,pythia-160m,,1.0,11,80,0.0
causal,EleutherAI/pythia-160m,pythia-160m,,1.0,11,81,0.0
causal,EleutherAI/pythia-160m,pythia-160m,,1.0,11,82,0.0
causal,EleutherAI/pythia-160m,pythia-160m,,1.0,11,83,0.0
causal,EleutherAI/pythia-160m,pythia-160m,,1.0,11,84,0.0
causal,EleutherAI/pythia-160m,pythia-160m,,1.0,11,85,0.0
causal,EleutherAI/pythia-160m,pythia-160m,,1.0,11,86,0.0
causal,EleutherAI/pythia-160m,pythia-160m,,1.0,11,87,0.0
causal,EleutherAI/pythia-160m,pythia-160m,,1.0,11,88,0.0
causal,EleutherAI/pythia-160m,pythia-160m,,1.0,11,89,0.0
causal,EleutherAI/pythia-160m,pythia-160m,,1.0,11,90,0.0
causal,EleutherAI/pythia-160m,pythia-160m,,1.0,11,91,0.0
causal,EleutherAI/pythia-160m,pythia-160m,,1.0,11,92,0.0
causal,EleutherAI/pythia-160m,pythia-160m,,1.0,11,93,0.0
causal,EleutherAI/pythia-160m,pythia-160m,,1.0,11,94,0.0
causal,EleutherAI/pythia-160m,pythia-160m,,1.0,11,95,0.0
causal,EleutherAI/pythia-160m,pythia-160m,,1.0,11,96,0.0
causal,EleutherAI/pythia-160m,pythia-160m,,1.0,11,97,0.0
causal,EleutherAI/pythia-160m,pythia-160m,,1.0,11,98,0.0
causal,EleutherAI/pythia-160m,pythia-160m,,1.0,11,99,0.0
causal,EleutherAI/pythia-160m,pythia-160m,,1.0,11,100,0.0
causal,EleutherAI/pythia-160m,pythia-160m,,1.0,11,101,0.0
causal,EleutherAI/pythia-160m,pythia-160m,,1.0,11,102,0.0
causal,EleutherAI/pythia-160m,pythia-160m,,1.0,11,103,0.0
causal,EleutherAI/pythia-160m,pythia-160m,,1.0,11,104,0.0
causal,EleutherAI/pythia-160m,pythia-160m,,1.0,11,105,0.0
causal,EleutherAI/pythia-160m,pythia-160m,,1.0,11,106,0.0
causal,EleutherAI/pythia-160m,pythia-160m,,1.0,11,107,0.0
causal,EleutherAI/pythia-160m,pythia-160m,,1.0,11,108,0.0
causal,EleutherAI/pythia-160m,pythia-160m,,1.0,11,109,0.0
causal,EleutherAI/pythia-160m,pythia-160m,,1.0,11,110,0.0
causal,EleutherAI/pythia-160m,pythia-160m,,1.0,11,111,0.0
causal,EleutherAI/pythia-160m,pythia-160m,,1.0,11,112,0.0
causal,EleutherAI/pythia-160m,pythia-160m,,1.0,11,113,0.0
causal,EleutherAI/pythia-160m,pythia-160m,,1.0,11,114,0.0
causal,EleutherAI/pythia-160m,pythia-160m,,1.0,11,115,0.0
causal,EleutherAI/pythia-160m,pythia-160m,,1.0,11,116,0.0
causal,EleutherAI/pythia-160m,pythia-160m,,1.0,11,117,0.0
causal,EleutherAI/pythia-160m,pythia-160m,,1.0,11,118,0.0
causal,EleutherAI/pythia-160m,pythia-160m,,1.0,11,119,0.0
causal,EleutherAI/pythia-160m,pythia-160m,,1.0,11,120,0.0
causal,EleutherAI/pythia-160m,pythia-160m,,1.0,12,0,1.0
causal,EleutherAI/pythia-160m,pythia-160m,,1.0,12,1,2.0
causal,EleutherAI/pythia-160m,pythia-160m,,1.0,12,2,3.0
causal,EleutherAI/pythia-160m,pythia-160m,,1.0,12,3,4.0
causal,EleutherAI/pythia-160m,pythia-160m,,1.0,12,4,2.0
causal,EleutherAI/pythia-160m,pythia-160m,,1.0,12,5,3.0
causal,EleutherAI/pythia-160m,pythia-160m,,1.0,12,6,0.0
causal,EleutherAI/pythia-160m,pythia-160m,,1.0,12,7,0.0
causal,EleutherAI/pythia-160m,pythia-160m,,1.0,12,8,0.0
causal,EleutherAI/pythia-160m,pythia-160m,,1.0,12,9,0.0
causal,EleutherAI/pythia-160m,pythia-160m,,1.0,12,10,0.0
causal,EleutherAI/pythia-160m,pythia-160m,,1.0,12,11,0.0
causal,EleutherAI/pythia-160m,pythia-160m,,1.0,12,12,0.0
causal,EleutherAI/pythia-160m,pythia-160m,,1.0,12,13,0.0
causal,EleutherAI/pythia-160m,pythia-160m,,1.0,12,14,0.0
causal,EleutherAI/pythia-160m,pythia-160m,,1.0,12,15,0.0
causal,EleutherAI/pythia-160m,pythia-160m,,1.0,12,16,0.0
causal,EleutherAI/pythia-160m,pythia-160m,,1.0,12,17,0.0
causal,EleutherAI/pythia-160m,pythia-160m,,1.0,12,18,0.0
causal,EleutherAI/pythia-160m,pythia-160m,,1.0,12,19,0.0
causal,EleutherAI/pythia-160m,pythia-160m,,1.0,12,20,0.0
causal,EleutherAI/pythia-160m,pythia-160m,,1.0,12,21,0.0
causal,EleutherAI/pythia-160m,pythia-160m,,1.0,12,22,0.0
causal,EleutherAI/pythia-160m,pythia-160m,,1.0,12,23,0.0
causal,EleutherAI/pythia-160m,pythia-160m,,1.0,12,24,0.0
causal,EleutherAI/pythia-160m,pythia-160m,,1.0,12,25,0.0
causal,EleutherAI/pythia-160m,pythia-160m,,1.0,12,26,0.0
causal,EleutherAI/pythia-160m,pythia-160m,,1.0,12,27,0.0
causal,EleutherAI/pythia-160m,pythia-160m,,1.0,12,28,0.0
causal,EleutherAI/pythia-160m,pythia-160m,,1.0,12,29,0.0
causal,EleutherAI/pythia-160m,pythia-160m,,1.0,12,30,0.0
causal,EleutherAI/pythia-160m,pythia-160m,,1.0,12,31,0.0
causal,EleutherAI/pythia-160m,pythia-160m,,1.0,12,32,0.0
causal,EleutherAI/pythia-160m,pythia-160m,,1.0,12,33,0.0
causal,EleutherAI/pythia-160m,pythia-160m,,1.0,12,34,0.0
causal,EleutherAI/pythia-160m,pythia-160m,,1.0,12,35,0.0
causal,EleutherAI/pythia-160m,pythia-160m,,1.0,12,36,0.0
causal,EleutherAI/pythia-160m,pythia-160m,,1.0,12,37,0.0
causal,EleutherAI/pythia-160m,pythia-160m,,1.0,12,38,0.0
causal,EleutherAI/pythia-160m,pythia-160m,,1.0,12,39,0.0
causal,EleutherAI/pythia-160m,pythia-160m,,1.0,12,40,0.0
causal,EleutherAI/pythia-160m,pythia-160m,,1.0,12,41,0.0
causal,EleutherAI/pythia-160m,pythia-160m,,1.0,12,42,0.0
causal,EleutherAI/pythia-160m,pythia-160m,,1.0,12,43,0.0
causal,EleutherAI/pythia-160m,pythia-160m,,1.0,12,44,0.0
causal,EleutherAI/pythia-160m,pythia-160m,,1.0,12,45,0.0
causal,EleutherAI/pythia-160m,pythia-160m,,1.0,12,46,0.0
causal,EleutherAI/pythia-160m,pythia-160m,,1.0,12,47,0.0
causal,EleutherAI/pythia-160m,pythia-160m,,1.0,12,48,0.0
causal,EleutherAI/pythia-160m,pythia-160m,,1.0,12,49,0.0
causal,EleutherAI/pythia-160m,pythia-160m,,1.0,12,50,0.0
causal,EleutherAI/pythia-160m,pythia-160m,,1.0,12,51,0.0
causal,EleutherAI/pythia-160m,pythia-160m,,1.0,12,52,0.0
causal,EleutherAI/pythia-160m,pythia-160m,,1.0,12,53,0.0
causal,EleutherAI/pythia-160m,pythia-160m,,1.0,12,54,0.0
causal,EleutherAI/pythia-160m,pythia-160m,,1.0,12,55,0.0
causal,EleutherAI/pythia-160m,pythia-160m,,1.0,12,56,0.0
causal,EleutherAI/pythia-160m,pythia-160m,,1.0,12,57,0.0
causal,EleutherAI/pythia-160m,pythia-160m,,1.0,12,58,0.0
causal,EleutherAI/pythia-160m,pythia-160m,,1.0,12,59,0.0
causal,EleutherAI/pythia-160m,pythia-160m,,1.0,12,60,0.0
causal,EleutherAI/pythia-160m,pythia-160m,,1.0,12,61,0.0
causal,EleutherAI/pythia-160m,pythia-160m,,1.0,12,62,0.0
causal,EleutherAI/pythia-160m,pythia-160m,,1.0,12,63,0.0
causal,EleutherAI/pythia-160m,pythia-160m,,1.0,12,64,0.0
causal,EleutherAI/pythia-160m,pythia-160m,,1.0,12,65,0.0
causal,EleutherAI/pythia-160m,pythia-160m,,1.0,12,66,0.0
causal,EleutherAI/pythia-160m,pythia-160m,,1.0,12,67,0.0
causal,EleutherAI/pythia-160m,pythia-160m,,1.0,12,68,0.0
causal,EleutherAI/pythia-160m,pythia-160m,,1.0,12,69,0.0
causal,EleutherAI/pythia-160m,pythia-160m,,1.0,12,70,0.0
causal,EleutherAI/pythia-160m,pythia-160m,,1.0,12,71,0.0
causal,EleutherAI/pythia-160m,pythia-160m,,1.0,12,72,0.0
causal,EleutherAI/pythia-160m,pythia-160m,,1.0,12,73,0.0
causal,EleutherAI/pythia-160m,pythia-160m,,1.0,12,74,0.0
causal,EleutherAI/pythia-160m,pythia-160m,,1.0,12,75,0.0
causal,EleutherAI/pythia-160m,pythia-160m,,1.0,12,76,0.0
causal,EleutherAI/pythia-160m,pythia-160m,,1.0,12,77,0.0
causal,EleutherAI/pythia-160m,pythia-160m,,1.0,12,78,0.0
causal,EleutherAI/pythia-160m,pythia-160m,,1.0,12,79,0.0
causal,EleutherAI/pythia-160m,pythia-160m,,1.0,12,80,0.0
causal,EleutherAI/pythia-160m,pythia-160m,,1.0,12,81,0.0
causal,EleutherAI/pythia-160m,pythia-160m,,1.0,12,82,0.0
causal,EleutherAI/pythia-160m,pythia-160m,,1.0,12,83,0.0
causal,EleutherAI/pythia-160m,pythia-160m,,1.0,12,84,0.0
causal,EleutherAI/pythia-160m,pythia-160m,,1.0,12,85,0.0
causal,EleutherAI/pythia-160m,pythia-160m,,1.0,12,86,0.0
causal,EleutherAI/pythia-160m,pythia-160m,,1.0,12,87,0.0
causal,EleutherAI/pythia-160m,pythia-160m,,1.0,12,88,0.0
causal,EleutherAI/pythia-160m,pythia-160m,,1.0,12,89,0.0
causal,EleutherAI/pythia-160m,pythia-160m,,1.0,12,90,0.0
causal,EleutherAI/pythia-160m,pythia-160m,,1.0,12,91,0.0
causal,EleutherAI/pythia-160m,pythia-160m,,1.0,12,92,0.0
causal,EleutherAI/pythia-160m,pythia-160m,,1.0,12,93,0.0
causal,EleutherAI/pythia-160m,pythia-160m,,1.0,12,94,0.0
causal,EleutherAI/pythia-160m,pythia-160m,,1.0,12,95,0.0
causal,EleutherAI/pythia-160m,pythia-160m,,1.0,12,96,0.0
causal,EleutherAI/pythia-160m,pythia-160m,,1.0,12,97,0.0
causal,EleutherAI/pythia-160m,pythia-160m,,1.0,12,98,0.0
causal,EleutherAI/pythia-160m,pythia-160m,,1.0,12,99,0.0
causal,EleutherAI/pythia-160m,pythia-160m,,1.0,12,100,0.0
causal,EleutherAI/pythia-160m,pythia-160m,,1.0,12,101,0.0
causal,EleutherAI/pythia-160m,pythia-160m,,1.0,12,102,0.0
causal,EleutherAI/pythia-160m,pythia-160m,,1.0,12,103,0.0
causal,EleutherAI/pythia-160m,pythia-160m,,1.0,12,104,0.0
causal,EleutherAI/pythia-160m,pythia-160m,,1.0,12,105,0.0
causal,EleutherAI/pythia-160m,pythia-160m,,1.0,12,106,0.0
causal,EleutherAI/pythia-160m,pythia-160m,,1.0,12,107,0.0
causal,EleutherAI/pythia-160m,pythia-160m,,1.0,12,108,0.0
causal,EleutherAI/pythia-160m,pythia-160m,,1.0,12,109,0.0
causal,EleutherAI/pythia-160m,pythia-160m,,1.0,12,110,0.0
causal,EleutherAI/pythia-160m,pythia-160m,,1.0,12,111,0.0
causal,EleutherAI/pythia-160m,pythia-160m,,1.0,12,112,0.0
causal,EleutherAI/pythia-160m,pythia-160m,,1.0,12,113,0.0
causal,EleutherAI/pythia-160m,pythia-160m,,1.0,12,114,0.0
causal,EleutherAI/pythia-160m,pythia-160m,,1.0,12,115,0.0
causal,EleutherAI/pythia-160m,pythia-160m,,1.0,12,116,0.0
causal,EleutherAI/pythia-160m,pythia-160m,,1.0,12,117,0.0
causal,EleutherAI/pythia-160m,pythia-160m,,1.0,12,118,0.0
causal,EleutherAI/pythia-160m,pythia-160m,,1.0,12,119,0.0
causal,EleutherAI/pythia-160m,pythia-160m,,1.0,12,120,0.0
causal,EleutherAI/pythia-160m,pythia-160m,,1.0,13,0,1.0
causal,EleutherAI/pythia-160m,pythia-160m,,1.0,13,1,0.0
causal,EleutherAI/pythia-160m,pythia-160m,,1.0,13,2,0.0
causal,EleutherAI/pythia-160m,pythia-160m,,1.0,13,3,0.0
causal,EleutherAI/pythia-160m,pythia-160m,,1.0,13,4,0.0
causal,EleutherAI/pythia-160m,pythia-160m,,1.0,13,5,0.0
causal,EleutherAI/pythia-160m,pythia-160m,,1.0,13,6,0.0
causal,EleutherAI/pythia-160m,pythia-160m,,1.0,13,7,0.0
causal,EleutherAI/pythia-160m,pythia-160m,,1.0,13,8,0.0
causal,EleutherAI/pythia-160m,pythia-160m,,1.0,13,9,0.0
causal,EleutherAI/pythia-160m,pythia-160m,,1.0,13,10,0.0
causal,EleutherAI/pythia-160m,pythia-160m,,1.0,13,11,0.0
causal,EleutherAI/pythia-160m,pythia-160m,,1.0,13,12,0.0
causal,EleutherAI/pythia-160m,pythia-160m,,1.0,13,13,0.0
causal,EleutherAI/pythia-160m,pythia-160m,,1.0,13,14,0.0
causal,EleutherAI/pythia-160m,pythia-160m,,1.0,13,15,0.0
causal,EleutherAI/pythia-160m,pythia-160m,,1.0,13,16,0.0
causal,EleutherAI/pythia-160m,pythia-160m,,1.0,13,17,0.0
causal,EleutherAI/pythia-160m,pythia-160m,,1.0,13,18,0.0
causal,EleutherAI/pythia-160m,pythia-160m,,1.0,13,19,0.0
causal,EleutherAI/pythia-160m,pythia-160m,,1.0,13,20,0.0
causal,EleutherAI/pythia-160m,pythia-160m,,1.0,13,21,0.0
causal,EleutherAI/pythia-160m,pythia-160m,,1.0,13,22,0.0
causal,EleutherAI/pythia-160m,pythia-160m,,1.0,13,23,0.0
causal,EleutherAI/pythia-160m,pythia-160m,,1.0,13,24,0.0
causal,EleutherAI/pythia-160m,pythia-160m,,1.0,13,25,0.0
causal,EleutherAI/pythia-160m,pythia-160m,,1.0,13,26,0.0
causal,EleutherAI/pythia-160m,pythia-160m,,1.0,13,27,0.0
causal,EleutherAI/pythia-160m,pythia-160m,,1.0,13,28,0.0
causal,EleutherAI/pythia-160m,pythia-160m,,1.0,13,29,0.0
causal,EleutherAI/pythia-160m,pythia-160m,,1.0,13,30,0.0
causal,EleutherAI/pythia-160m,pythia-160m,,1.0,13,31,0.0
causal,EleutherAI/pythia-160m,pythia-160m,,1.0,13,32,0.0
causal,EleutherAI/pythia-160m,pythia-160m,,1.0,13,33,0.0
causal,EleutherAI/pythia-160m,pythia-160m,,1.0,13,34,0.0
causal,EleutherAI/pythia-160m,pythia-160m,,1.0,13,35,0.0
causal,EleutherAI/pythia-160m,pythia-160m,,1.0,13,36,0.0
causal,EleutherAI/pythia-160m,pythia-160m,,1.0,13,37,0.0
causal,EleutherAI/pythia-160m,pythia-160m,,1.0,13,38,0.0
causal,EleutherAI/pythia-160m,pythia-160m,,1.0,13,39,0.0
causal,EleutherAI/pythia-160m,pythia-160m,,1.0,13,40,0.0
causal,EleutherAI/pythia-160m,pythia-160m,,1.0,13,41,0.0
causal,EleutherAI/pythia-160m,pythia-160m,,1.0,13,42,0.0
causal,EleutherAI/pythia-160m,pythia-160m,,1.0,13,43,0.0
causal,EleutherAI/pythia-160m,pythia-160m,,1.0,13,44,0.0
causal,EleutherAI/pythia-160m,pythia-160m,,1.0,13,45,0.0
causal,EleutherAI/pythia-160m,pythia-160m,,1.0,13,46,0.0
causal,EleutherAI/pythia-160m,pythia-160m,,1.0,13,47,0.0
causal,EleutherAI/pythia-160m,pythia-160m,,1.0,13,48,0.0
causal,EleutherAI/pythia-160m,pythia-160m,,1.0,13,49,0.0
causal,EleutherAI/pythia-160m,pythia-160m,,1.0,13,50,0.0
causal,EleutherAI/pythia-160m,pythia-160m,,1.0,13,51,0.0
causal,EleutherAI/pythia-160m,pythia-160m,,1.0,13,52,0.0
causal,EleutherAI/pythia-160m,pythia-160m,,1.0,13,53,0.0
causal,EleutherAI/pythia-160m,pythia-160m,,1.0,13,54,0.0
causal,EleutherAI/pythia-160m,pythia-160m,,1.0,13,55,0.0
causal,EleutherAI/pythia-160m,pythia-160m,,1.0,13,56,0.0
causal,EleutherAI/pythia-160m,pythia-160m,,1.0,13,57,0.0
causal,EleutherAI/pythia-160m,pythia-160m,,1.0,13,58,0.0
causal,EleutherAI/pythia-160m,pythia-160m,,1.0,13,59,0.0
causal,EleutherAI/pythia-160m,pythia-160m,,1.0,13,60,0.0
causal,EleutherAI/pythia-160m,pythia-160m,,1.0,13,61,0.0
causal,EleutherAI/pythia-160m,pythia-160m,,1.0,13,62,0.0
causal,EleutherAI/pythia-160m,pythia-160m,,1.0,13,63,0.0
causal,EleutherAI/pythia-160m,pythia-160m,,1.0,13,64,0.0
causal,EleutherAI/pythia-160m,pythia-160m,,1.0,13,65,0.0
causal,EleutherAI/pythia-160m,pythia-160m,,1.0,13,66,0.0
causal,EleutherAI/pythia-160m,pythia-160m,,1.0,13,67,0.0
causal,EleutherAI/pythia-160m,pythia-160m,,1.0,13,68,0.0
causal,EleutherAI/pythia-160m,pythia-160m,,1.0,13,69,0.0
causal,EleutherAI/pythia-160m,pythia-160m,,1.0,13,70,0.0
causal,EleutherAI/pythia-160m,pythia-160m,,1.0,13,71,0.0
causal,EleutherAI/pythia-160m,pythia-160m,,1.0,13,72,0.0
causal,EleutherAI/pythia-160m,pythia-160m,,1.0,13,73,0.0
causal,EleutherAI/pythia-160m,pythia-160m,,1.0,13,74,0.0
causal,EleutherAI/pythia-160m,pythia-160m,,1.0,13,75,0.0
causal,EleutherAI/pythia-160m,pythia-160m,,1.0,13,76,0.0
causal,EleutherAI/pythia-160m,pythia-160m,,1.0,13,77,0.0
causal,EleutherAI/pythia-160m,pythia-160m,,1.0,13,78,0.0
causal,EleutherAI/pythia-160m,pythia-160m,,1.0,13,79,0.0
causal,EleutherAI/pythia-160m,pythia-160m,,1.0,13,80,0.0
causal,EleutherAI/pythia-160m,pythia-160m,,1.0,13,81,0.0
causal,EleutherAI/pythia-160m,pythia-160m,,1.0,13,82,0.0
causal,EleutherAI/pythia-160m,pythia-160m,,1.0,13,83,0.0
causal,EleutherAI/pythia-160m,pythia-160m,,1.0,13,84,0.0
causal,EleutherAI/pythia-160m,pythia-160m,,1.0,13,85,0.0
causal,EleutherAI/pythia-160m,pythia-160m,,1.0,13,86,0.0
causal,EleutherAI/pythia-160m,pythia-160m,,1.0,13,87,0.0
causal,EleutherAI/pythia-160m,pythia-160m,,1.0,13,88,0.0
causal,EleutherAI/pythia-160m,pythia-160m,,1.0,13,89,0.0
causal,EleutherAI/pythia-160m,pythia-160m,,1.0,13,90,0.0
causal,EleutherAI/pythia-160m,pythia-160m,,1.0,13,91,0.0
causal,EleutherAI/pythia-160m,pythia-160m,,1.0,13,92,0.0
causal,EleutherAI/pythia-160m,pythia-160m,,1.0,13,93,0.0
causal,EleutherAI/pythia-160m,pythia-160m,,1.0,13,94,0.0
causal,EleutherAI/pythia-160m,pythia-160m,,1.0,13,95,0.0
causal,EleutherAI/pythia-160m,pythia-160m,,1.0,13,96,0.0
causal,EleutherAI/pythia-160m,pythia-160m,,1.0,13,97,0.0
causal,EleutherAI/pythia-160m,pythia-160m,,1.0,13,98,0.0
causal,EleutherAI/pythia-160m,pythia-160m,,1.0,13,99,0.0
causal,EleutherAI/pythia-160m,pythia-160m,,1.0,13,100,0.0
causal,EleutherAI/pythia-160m,pythia-160m,,1.0,13,101,0.0
causal,EleutherAI/pythia-160m,pythia-160m,,1.0,13,102,0.0
causal,EleutherAI/pythia-160m,pythia-160m,,1.0,13,103,0.0
causal,EleutherAI/pythia-160m,pythia-160m,,1.0,13,104,0.0
causal,EleutherAI/pythia-160m,pythia-160m,,1.0,13,105,0.0
causal,EleutherAI/pythia-160m,pythia-160m,,1.0,13,106,0.0
causal,EleutherAI/pythia-160m,pythia-160m,,1.0,13,107,0.0
causal,EleutherAI/pythia-160m,pythia-160m,,1.0,13,108,0.0
causal,EleutherAI/pythia-160m,pythia-160m,,1.0,13,109,0.0
causal,EleutherAI/pythia-160m,pythia-160m,,1.0,13,110,0.0
causal,EleutherAI/pythia-160m,pythia-160m,,1.0,13,111,0.0
causal,EleutherAI/pythia-160m,pythia-160m,,1.0,13,112,0.0
causal,EleutherAI/pythia-160m,pythia-160m,,1.0,13,113,0.0
causal,EleutherAI/pythia-160m,pythia-160m,,1.0,13,114,0.0
causal,EleutherAI/pythia-160m,pythia-160m,,1.0,13,115,0.0
causal,EleutherAI/pythia-160m,pythia-160m,,1.0,13,116,0.0
causal,EleutherAI/pythia-160m,pythia-160m,,1.0,13,117,0.0
causal,EleutherAI/pythia-160m,pythia-160m,,1.0,13,118,0.0
causal,EleutherAI/pythia-160m,pythia-160m,,1.0,13,119,0.0
causal,EleutherAI/pythia-160m,pythia-160m,,1.0,13,120,0.0
causal,EleutherAI/pythia-160m,pythia-160m,,1.0,14,0,1.0
causal,EleutherAI/pythia-160m,pythia-160m,,1.0,14,1,11.0
causal,EleutherAI/pythia-160m,pythia-160m,,1.0,14,2,22.0
causal,EleutherAI/pythia-160m,pythia-160m,,1.0,14,3,30.0
causal,EleutherAI/pythia-160m,pythia-160m,,1.0,14,4,31.0
causal,EleutherAI/pythia-160m,pythia-160m,,1.0,14,5,32.0
causal,EleutherAI/pythia-160m,pythia-160m,,1.0,14,6,26.0
causal,EleutherAI/pythia-160m,pythia-160m,,1.0,14,7,24.0
causal,EleutherAI/pythia-160m,pythia-160m,,1.0,14,8,23.0
causal,EleutherAI/pythia-160m,pythia-160m,,1.0,14,9,17.0
causal,EleutherAI/pythia-160m,pythia-160m,,1.0,14,10,20.0
causal,EleutherAI/pythia-160m,pythia-160m,,1.0,14,11,20.0
causal,EleutherAI/pythia-160m,pythia-160m,,1.0,14,12,11.0
causal,EleutherAI/pythia-160m,pythia-160m,,1.0,14,13,12.0
causal,EleutherAI/pythia-160m,pythia-160m,,1.0,14,14,14.0
causal,EleutherAI/pythia-160m,pythia-160m,,1.0,14,15,16.0
causal,EleutherAI/pythia-160m,pythia-160m,,1.0,14,16,17.0
causal,EleutherAI/pythia-160m,pythia-160m,,1.0,14,17,11.0
causal,EleutherAI/pythia-160m,pythia-160m,,1.0,14,18,12.0
causal,EleutherAI/pythia-160m,pythia-160m,,1.0,14,19,11.0
causal,EleutherAI/pythia-160m,pythia-160m,,1.0,14,20,8.0
causal,EleutherAI/pythia-160m,pythia-160m,,1.0,14,21,7.0
causal,EleutherAI/pythia-160m,pythia-160m,,1.0,14,22,7.0
causal,EleutherAI/pythia-160m,pythia-160m,,1.0,14,23,6.0
causal,EleutherAI/pythia-160m,pythia-160m,,1.0,14,24,3.0
causal,EleutherAI/pythia-160m,pythia-160m,,1.0,14,25,2.0
causal,EleutherAI/pythia-160m,pythia-160m,,1.0,14,26,0.0
causal,EleutherAI/pythia-160m,pythia-160m,,1.0,14,27,0.0
causal,EleutherAI/pythia-160m,pythia-160m,,1.0,14,28,0.0
causal,EleutherAI/pythia-160m,pythia-160m,,1.0,14,29,0.0
causal,EleutherAI/pythia-160m,pythia-160m,,1.0,14,30,0.0
causal,EleutherAI/pythia-160m,pythia-160m,,1.0,14,31,0.0
causal,EleutherAI/pythia-160m,pythia-160m,,1.0,14,32,0.0
causal,EleutherAI/pythia-160m,pythia-160m,,1.0,14,33,0.0
causal,EleutherAI/pythia-160m,pythia-160m,,1.0,14,34,0.0
causal,EleutherAI/pythia-160m,pythia-160m,,1.0,14,35,0.0
causal,EleutherAI/pythia-160m,pythia-160m,,1.0,14,36,0.0
causal,EleutherAI/pythia-160m,pythia-160m,,1.0,14,37,0.0
causal,EleutherAI/pythia-160m,pythia-160m,,1.0,14,38,0.0
causal,EleutherAI/pythia-160m,pythia-160m,,1.0,14,39,0.0
causal,EleutherAI/pythia-160m,pythia-160m,,1.0,14,40,0.0
causal,EleutherAI/pythia-160m,pythia-160m,,1.0,14,41,0.0
causal,EleutherAI/pythia-160m,pythia-160m,,1.0,14,42,0.0
causal,EleutherAI/pythia-160m,pythia-160m,,1.0,14,43,0.0
causal,EleutherAI/pythia-160m,pythia-160m,,1.0,14,44,0.0
causal,EleutherAI/pythia-160m,pythia-160m,,1.0,14,45,0.0
causal,EleutherAI/pythia-160m,pythia-160m,,1.0,14,46,0.0
causal,EleutherAI/pythia-160m,pythia-160m,,1.0,14,47,0.0
causal,EleutherAI/pythia-160m,pythia-160m,,1.0,14,48,0.0
causal,EleutherAI/pythia-160m,pythia-160m,,1.0,14,49,0.0
causal,EleutherAI/pythia-160m,pythia-160m,,1.0,14,50,0.0
causal,EleutherAI/pythia-160m,pythia-160m,,1.0,14,51,0.0
causal,EleutherAI/pythia-160m,pythia-160m,,1.0,14,52,0.0
causal,EleutherAI/pythia-160m,pythia-160m,,1.0,14,53,0.0
causal,EleutherAI/pythia-160m,pythia-160m,,1.0,14,54,0.0
causal,EleutherAI/pythia-160m,pythia-160m,,1.0,14,55,0.0
causal,EleutherAI/pythia-160m,pythia-160m,,1.0,14,56,0.0
causal,EleutherAI/pythia-160m,pythia-160m,,1.0,14,57,0.0
causal,EleutherAI/pythia-160m,pythia-160m,,1.0,14,58,0.0
causal,EleutherAI/pythia-160m,pythia-160m,,1.0,14,59,0.0
causal,EleutherAI/pythia-160m,pythia-160m,,1.0,14,60,0.0
causal,EleutherAI/pythia-160m,pythia-160m,,1.0,14,61,0.0
causal,EleutherAI/pythia-160m,pythia-160m,,1.0,14,62,0.0
causal,EleutherAI/pythia-160m,pythia-160m,,1.0,14,63,0.0
causal,EleutherAI/pythia-160m,pythia-160m,,1.0,14,64,0.0
causal,EleutherAI/pythia-160m,pythia-160m,,1.0,14,65,0.0
causal,EleutherAI/pythia-160m,pythia-160m,,1.0,14,66,0.0
causal,EleutherAI/pythia-160m,pythia-160m,,1.0,14,67,0.0
causal,EleutherAI/pythia-160m,pythia-160m,,1.0,14,68,0.0
causal,EleutherAI/pythia-160m,pythia-160m,,1.0,14,69,0.0
causal,EleutherAI/pythia-160m,pythia-160m,,1.0,14,70,0.0
causal,EleutherAI/pythia-160m,pythia-160m,,1.0,14,71,0.0
causal,EleutherAI/pythia-160m,pythia-160m,,1.0,14,72,0.0
causal,EleutherAI/pythia-160m,pythia-160m,,1.0,14,73,0.0
causal,EleutherAI/pythia-160m,pythia-160m,,1.0,14,74,0.0
causal,EleutherAI/pythia-160m,pythia-160m,,1.0,14,75,0.0
causal,EleutherAI/pythia-160m,pythia-160m,,1.0,14,76,0.0
causal,EleutherAI/pythia-160m,pythia-160m,,1.0,14,77,0.0
causal,EleutherAI/pythia-160m,pythia-160m,,1.0,14,78,0.0
causal,EleutherAI/pythia-160m,pythia-160m,,1.0,14,79,0.0
causal,EleutherAI/pythia-160m,pythia-160m,,1.0,14,80,0.0
causal,EleutherAI/pythia-160m,pythia-160m,,1.0,14,81,0.0
causal,EleutherAI/pythia-160m,pythia-160m,,1.0,14,82,0.0
causal,EleutherAI/pythia-160m,pythia-160m,,1.0,14,83,0.0
causal,EleutherAI/pythia-160m,pythia-160m,,1.0,14,84,0.0
causal,EleutherAI/pythia-160m,pythia-160m,,1.0,14,85,0.0
causal,EleutherAI/pythia-160m,pythia-160m,,1.0,14,86,0.0
causal,EleutherAI/pythia-160m,pythia-160m,,1.0,14,87,0.0
causal,EleutherAI/pythia-160m,pythia-160m,,1.0,14,88,0.0
causal,EleutherAI/pythia-160m,pythia-160m,,1.0,14,89,0.0
causal,EleutherAI/pythia-160m,pythia-160m,,1.0,14,90,0.0
causal,EleutherAI/pythia-160m,pythia-160m,,1.0,14,91,0.0
causal,EleutherAI/pythia-160m,pythia-160m,,1.0,14,92,0.0
causal,EleutherAI/pythia-160m,pythia-160m,,1.0,14,93,0.0
causal,EleutherAI/pythia-160m,pythia-160m,,1.0,14,94,0.0
causal,EleutherAI/pythia-160m,pythia-160m,,1.0,14,95,0.0
causal,EleutherAI/pythia-160m,pythia-160m,,1.0,14,96,0.0
causal,EleutherAI/pythia-160m,pythia-160m,,1.0,14,97,0.0
causal,EleutherAI/pythia-160m,pythia-160m,,1.0,14,98,0.0
causal,EleutherAI/pythia-160m,pythia-160m,,1.0,14,99,0.0
causal,EleutherAI/pythia-160m,pythia-160m,,1.0,14,100,0.0
causal,EleutherAI/pythia-160m,pythia-160m,,1.0,14,101,0.0
causal,EleutherAI/pythia-160m,pythia-160m,,1.0,14,102,0.0
causal,EleutherAI/pythia-160m,pythia-160m,,1.0,14,103,0.0
causal,EleutherAI/pythia-160m,pythia-160m,,1.0,14,104,0.0
causal,EleutherAI/pythia-160m,pythia-160m,,1.0,14,105,0.0
causal,EleutherAI/pythia-160m,pythia-160m,,1.0,14,106,0.0
causal,EleutherAI/pythia-160m,pythia-160m,,1.0,14,107,0.0
causal,EleutherAI/pythia-160m,pythia-160m,,1.0,14,108,0.0
causal,EleutherAI/pythia-160m,pythia-160m,,1.0,14,109,0.0
causal,EleutherAI/pythia-160m,pythia-160m,,1.0,14,110,0.0
causal,EleutherAI/pythia-160m,pythia-160m,,1.0,14,111,0.0
causal,EleutherAI/pythia-160m,pythia-160m,,1.0,14,112,0.0
causal,EleutherAI/pythia-160m,pythia-160m,,1.0,14,113,0.0
causal,EleutherAI/pythia-160m,pythia-160m,,1.0,14,114,0.0
causal,EleutherAI/pythia-160m,pythia-160m,,1.0,14,115,0.0
causal,EleutherAI/pythia-160m,pythia-160m,,1.0,14,116,0.0
causal,EleutherAI/pythia-160m,pythia-160m,,1.0,14,117,0.0
causal,EleutherAI/pythia-160m,pythia-160m,,1.0,14,118,0.0
causal,EleutherAI/pythia-160m,pythia-160m,,1.0,14,119,0.0
causal,EleutherAI/pythia-160m,pythia-160m,,1.0,14,120,0.0
causal,EleutherAI/pythia-160m,pythia-160m,,1.0,15,0,1.0
causal,EleutherAI/pythia-160m,pythia-160m,,1.0,15,1,7.0
causal,EleutherAI/pythia-160m,pythia-160m,,1.0,15,2,12.0
causal,EleutherAI/pythia-160m,pythia-160m,,1.0,15,3,18.0
causal,EleutherAI/pythia-160m,pythia-160m,,1.0,15,4,18.0
causal,EleutherAI/pythia-160m,pythia-160m,,1.0,15,5,21.0
causal,EleutherAI/pythia-160m,pythia-160m,,1.0,15,6,19.0
causal,EleutherAI/pythia-160m,pythia-160m,,1.0,15,7,17.0
causal,EleutherAI/pythia-160m,pythia-160m,,1.0,15,8,16.0
causal,EleutherAI/pythia-160m,pythia-160m,,1.0,15,9,16.0
causal,EleutherAI/pythia-160m,pythia-160m,,1.0,15,10,16.0
causal,EleutherAI/pythia-160m,pythia-160m,,1.0,15,11,16.0
causal,EleutherAI/pythia-160m,pythia-160m,,1.0,15,12,15.0
causal,EleutherAI/pythia-160m,pythia-160m,,1.0,15,13,11.0
causal,EleutherAI/pythia-160m,pythia-160m,,1.0,15,14,7.0
causal,EleutherAI/pythia-160m,pythia-160m,,1.0,15,15,6.0
causal,EleutherAI/pythia-160m,pythia-160m,,1.0,15,16,6.0
causal,EleutherAI/pythia-160m,pythia-160m,,1.0,15,17,7.0
causal,EleutherAI/pythia-160m,pythia-160m,,1.0,15,18,3.0
causal,EleutherAI/pythia-160m,pythia-160m,,1.0,15,19,4.0
causal,EleutherAI/pythia-160m,pythia-160m,,1.0,15,20,4.0
causal,EleutherAI/pythia-160m,pythia-160m,,1.0,15,21,6.0
causal,EleutherAI/pythia-160m,pythia-160m,,1.0,15,22,4.0
causal,EleutherAI/pythia-160m,pythia-160m,,1.0,15,23,3.0
causal,EleutherAI/pythia-160m,pythia-160m,,1.0,15,24,1.0
causal,EleutherAI/pythia-160m,pythia-160m,,1.0,15,25,0.0
causal,EleutherAI/pythia-160m,pythia-160m,,1.0,15,26,0.0
causal,EleutherAI/pythia-160m,pythia-160m,,1.0,15,27,0.0
causal,EleutherAI/pythia-160m,pythia-160m,,1.0,15,28,0.0
causal,EleutherAI/pythia-160m,pythia-160m,,1.0,15,29,0.0
causal,EleutherAI/pythia-160m,pythia-160m,,1.0,15,30,0.0
causal,EleutherAI/pythia-160m,pythia-160m,,1.0,15,31,0.0
causal,EleutherAI/pythia-160m,pythia-160m,,1.0,15,32,0.0
causal,EleutherAI/pythia-160m,pythia-160m,,1.0,15,33,0.0
causal,EleutherAI/pythia-160m,pythia-160m,,1.0,15,34,0.0
causal,EleutherAI/pythia-160m,pythia-160m,,1.0,15,35,0.0
causal,EleutherAI/pythia-160m,pythia-160m,,1.0,15,36,0.0
causal,EleutherAI/pythia-160m,pythia-160m,,1.0,15,37,0.0
causal,EleutherAI/pythia-160m,pythia-160m,,1.0,15,38,0.0
causal,EleutherAI/pythia-160m,pythia-160m,,1.0,15,39,0.0
causal,EleutherAI/pythia-160m,pythia-160m,,1.0,15,40,0.0
causal,EleutherAI/pythia-160m,pythia-160m,,1.0,15,41,0.0
causal,EleutherAI/pythia-160m,pythia-160m,,1.0,15,42,0.0
causal,EleutherAI/pythia-160m,pythia-160m,,1.0,15,43,0.0
causal,EleutherAI/pythia-160m,pythia-160m,,1.0,15,44,0.0
causal,EleutherAI/pythia-160m,pythia-160m,,1.0,15,45,0.0
causal,EleutherAI/pythia-160m,pythia-160m,,1.0,15,46,0.0
causal,EleutherAI/pythia-160m,pythia-160m,,1.0,15,47,0.0
causal,EleutherAI/pythia-160m,pythia-160m,,1.0,15,48,0.0
causal,EleutherAI/pythia-160m,pythia-160m,,1.0,15,49,0.0
causal,EleutherAI/pythia-160m,pythia-160m,,1.0,15,50,0.0
causal,EleutherAI/pythia-160m,pythia-160m,,1.0,15,51,0.0
causal,EleutherAI/pythia-160m,pythia-160m,,1.0,15,52,0.0
causal,EleutherAI/pythia-160m,pythia-160m,,1.0,15,53,0.0
causal,EleutherAI/pythia-160m,pythia-160m,,1.0,15,54,0.0
causal,EleutherAI/pythia-160m,pythia-160m,,1.0,15,55,0.0
causal,EleutherAI/pythia-160m,pythia-160m,,1.0,15,56,0.0
causal,EleutherAI/pythia-160m,pythia-160m,,1.0,15,57,0.0
causal,EleutherAI/pythia-160m,pythia-160m,,1.0,15,58,0.0
causal,EleutherAI/pythia-160m,pythia-160m,,1.0,15,59,0.0
causal,EleutherAI/pythia-160m,pythia-160m,,1.0,15,60,0.0
causal,EleutherAI/pythia-160m,pythia-160m,,1.0,15,61,0.0
causal,EleutherAI/pythia-160m,pythia-160m,,1.0,15,62,0.0
causal,EleutherAI/pythia-160m,pythia-160m,,1.0,15,63,0.0
causal,EleutherAI/pythia-160m,pythia-160m,,1.0,15,64,0.0
causal,EleutherAI/pythia-160m,pythia-160m,,1.0,15,65,0.0
causal,EleutherAI/pythia-160m,pythia-160m,,1.0,15,66,0.0
causal,EleutherAI/pythia-160m,pythia-160m,,1.0,15,67,0.0
causal,EleutherAI/pythia-160m,pythia-160m,,1.0,15,68,0.0
causal,EleutherAI/pythia-160m,pythia-160m,,1.0,15,69,0.0
causal,EleutherAI/pythia-160m,pythia-160m,,1.0,15,70,0.0
causal,EleutherAI/pythia-160m,pythia-160m,,1.0,15,71,0.0
causal,EleutherAI/pythia-160m,pythia-160m,,1.0,15,72,0.0
causal,EleutherAI/pythia-160m,pythia-160m,,1.0,15,73,0.0
causal,EleutherAI/pythia-160m,pythia-160m,,1.0,15,74,0.0
causal,EleutherAI/pythia-160m,pythia-160m,,1.0,15,75,0.0
causal,EleutherAI/pythia-160m,pythia-160m,,1.0,15,76,0.0
causal,EleutherAI/pythia-160m,pythia-160m,,1.0,15,77,0.0
causal,EleutherAI/pythia-160m,pythia-160m,,1.0,15,78,0.0
causal,EleutherAI/pythia-160m,pythia-160m,,1.0,15,79,0.0
causal,EleutherAI/pythia-160m,pythia-160m,,1.0,15,80,0.0
causal,EleutherAI/pythia-160m,pythia-160m,,1.0,15,81,0.0
causal,EleutherAI/pythia-160m,pythia-160m,,1.0,15,82,0.0
causal,EleutherAI/pythia-160m,pythia-160m,,1.0,15,83,0.0
causal,EleutherAI/pythia-160m,pythia-160m,,1.0,15,84,0.0
causal,EleutherAI/pythia-160m,pythia-160m,,1.0,15,85,0.0
causal,EleutherAI/pythia-160m,pythia-160m,,1.0,15,86,0.0
causal,EleutherAI/pythia-160m,pythia-160m,,1.0,15,87,0.0
causal,EleutherAI/pythia-160m,pythia-160m,,1.0,15,88,0.0
causal,EleutherAI/pythia-160m,pythia-160m,,1.0,15,89,0.0
causal,EleutherAI/pythia-160m,pythia-160m,,1.0,15,90,0.0
causal,EleutherAI/pythia-160m,pythia-160m,,1.0,15,91,0.0
causal,EleutherAI/pythia-160m,pythia-160m,,1.0,15,92,0.0
causal,EleutherAI/pythia-160m,pythia-160m,,1.0,15,93,0.0
causal,EleutherAI/pythia-160m,pythia-160m,,1.0,15,94,0.0
causal,EleutherAI/pythia-160m,pythia-160m,,1.0,15,95,0.0
causal,EleutherAI/pythia-160m,pythia-160m,,1.0,15,96,0.0
causal,EleutherAI/pythia-160m,pythia-160m,,1.0,15,97,0.0
causal,EleutherAI/pythia-160m,pythia-160m,,1.0,15,98,0.0
causal,EleutherAI/pythia-160m,pythia-160m,,1.0,15,99,0.0
causal,EleutherAI/pythia-160m,pythia-160m,,1.0,15,100,0.0
causal,EleutherAI/pythia-160m,pythia-160m,,1.0,15,101,0.0
causal,EleutherAI/pythia-160m,pythia-160m,,1.0,15,102,0.0
causal,EleutherAI/pythia-160m,pythia-160m,,1.0,15,103,0.0
causal,EleutherAI/pythia-160m,pythia-160m,,1.0,15,104,0.0
causal,EleutherAI/pythia-160m,pythia-160m,,1.0,15,105,0.0
causal,EleutherAI/pythia-160m,pythia-160m,,1.0,15,106,0.0
causal,EleutherAI/pythia-160m,pythia-160m,,1.0,15,107,0.0
causal,EleutherAI/pythia-160m,pythia-160m,,1.0,15,108,0.0
causal,EleutherAI/pythia-160m,pythia-160m,,1.0,15,109,0.0
causal,EleutherAI/pythia-160m,pythia-160m,,1.0,15,110,0.0
causal,EleutherAI/pythia-160m,pythia-160m,,1.0,15,111,0.0
causal,EleutherAI/pythia-160m,pythia-160m,,1.0,15,112,0.0
causal,EleutherAI/pythia-160m,pythia-160m,,1.0,15,113,0.0
causal,EleutherAI/pythia-160m,pythia-160m,,1.0,15,114,0.0
causal,EleutherAI/pythia-160m,pythia-160m,,1.0,15,115,0.0
causal,EleutherAI/pythia-160m,pythia-160m,,1.0,15,116,0.0
causal,EleutherAI/pythia-160m,pythia-160m,,1.0,15,117,0.0
causal,EleutherAI/pythia-160m,pythia-160m,,1.0,15,118,0.0
causal,EleutherAI/pythia-160m,pythia-160m,,1.0,15,119,0.0
causal,EleutherAI/pythia-160m,pythia-160m,,1.0,15,120,0.0
masked,distilroberta-base,distilroberta-base,,1.0,0,0,1.0
masked,distilroberta-base,distilroberta-base,,1.0,0,1,6.0
masked,distilroberta-base,distilroberta-base,,1.0,0,2,23.0
masked,distilroberta-base,distilroberta-base,,1.0,0,3,31.0
masked,distilroberta-base,distilroberta-base,,1.0,0,4,36.0
masked,distilroberta-base,distilroberta-base,,1.0,0,5,37.0
masked,distilroberta-base,distilroberta-base,,1.0,0,6,41.0
masked,distilroberta-base,distilroberta-base,,1.0,0,7,44.0
masked,distilroberta-base,distilroberta-base,,1.0,0,8,47.0
masked,distilroberta-base,distilroberta-base,,1.0,0,9,48.0
masked,distilroberta-base,distilroberta-base,,1.0,0,10,48.0
masked,distilroberta-base,distilroberta-base,,1.0,0,11,48.0
masked,distilroberta-base,distilroberta-base,,1.0,0,12,48.0
masked,distilroberta-base,distilroberta-base,,1.0,0,13,48.0
masked,distilroberta-base,distilroberta-base,,1.0,0,14,48.0
masked,distilroberta-base,distilroberta-base,,1.0,0,15,48.0
masked,distilroberta-base,distilroberta-base,,1.0,0,16,48.0
masked,distilroberta-base,distilroberta-base,,1.0,0,17,48.0
masked,distilroberta-base,distilroberta-base,,1.0,0,18,48.0
masked,distilroberta-base,distilroberta-base,,1.0,0,19,48.0
masked,distilroberta-base,distilroberta-base,,1.0,0,20,48.0
masked,distilroberta-base,distilroberta-base,,1.0,0,21,48.0
masked,distilroberta-base,distilroberta-base,,1.0,0,22,48.0
masked,distilroberta-base,distilroberta-base,,1.0,0,23,48.0
masked,distilroberta-base,distilroberta-base,,1.0,0,24,48.0
masked,distilroberta-base,distilroberta-base,,1.0,0,25,48.0
masked,distilroberta-base,distilroberta-base,,1.0,0,26,48.0
masked,distilroberta-base,distilroberta-base,,1.0,0,27,48.0
masked,distilroberta-base,distilroberta-base,,1.0,0,28,48.0
masked,distilroberta-base,distilroberta-base,,1.0,0,29,48.0
masked,distilroberta-base,distilroberta-base,,1.0,0,30,48.0
masked,distilroberta-base,distilroberta-base,,1.0,0,31,48.0
masked,distilroberta-base,distilroberta-base,,1.0,0,32,48.0
masked,distilroberta-base,distilroberta-base,,1.0,0,33,48.0
masked,distilroberta-base,distilroberta-base,,1.0,0,34,48.0
masked,distilroberta-base,distilroberta-base,,1.0,0,35,48.0
masked,distilroberta-base,distilroberta-base,,1.0,0,36,48.0
masked,distilroberta-base,distilroberta-base,,1.0,0,37,48.0
masked,distilroberta-base,distilroberta-base,,1.0,0,38,48.0
masked,distilroberta-base,distilroberta-base,,1.0,0,39,48.0
masked,distilroberta-base,distilroberta-base,,1.0,0,40,48.0
masked,distilroberta-base,distilroberta-base,,1.0,0,41,48.0
masked,distilroberta-base,distilroberta-base,,1.0,0,42,48.0
masked,distilroberta-base,distilroberta-base,,1.0,0,43,48.0
masked,distilroberta-base,distilroberta-base,,1.0,0,44,48.0
masked,distilroberta-base,distilroberta-base,,1.0,0,45,48.0
masked,distilroberta-base,distilroberta-base,,1.0,0,46,48.0
masked,distilroberta-base,distilroberta-base,,1.0,0,47,48.0
masked,distilroberta-base,distilroberta-base,,1.0,0,48,48.0
masked,distilroberta-base,distilroberta-base,,1.0,0,49,48.0
masked,distilroberta-base,distilroberta-base,,1.0,0,50,48.0
masked,distilroberta-base,distilroberta-base,,1.0,0,51,48.0
masked,distilroberta-base,distilroberta-base,,1.0,0,52,48.0
masked,distilroberta-base,distilroberta-base,,1.0,0,53,48.0
masked,distilroberta-base,distilroberta-base,,1.0,0,54,48.0
masked,distilroberta-base,distilroberta-base,,1.0,0,55,48.0
masked,distilroberta-base,distilroberta-base,,1.0,0,56,48.0
masked,distilroberta-base,distilroberta-base,,1.0,0,57,48.0
masked,distilroberta-base,distilroberta-base,,1.0,0,58,48.0
masked,distilroberta-base,distilroberta-base,,1.0,0,59,48.0
masked,distilroberta-base,distilroberta-base,,1.0,0,60,48.0
masked,distilroberta-base,distilroberta-base,,1.0,0,61,48.0
masked,distilroberta-base,distilroberta-base,,1.0,0,62,48.0
masked,distilroberta-base,distilroberta-base,,1.0,0,63,48.0
masked,distilroberta-base,distilroberta-base,,1.0,0,64,48.0
masked,distilroberta-base,distilroberta-base,,1.0,0,65,48.0
masked,distilroberta-base,distilroberta-base,,1.0,0,66,48.0
masked,distilroberta-base,distilroberta-base,,1.0,0,67,48.0
masked,distilroberta-base,distilroberta-base,,1.0,0,68,48.0
masked,distilroberta-base,distilroberta-base,,1.0,0,69,48.0
masked,distilroberta-base,distilroberta-base,,1.0,0,70,48.0
masked,distilroberta-base,distilroberta-base,,1.0,0,71,48.0
masked,distilroberta-base,distilroberta-base,,1.0,0,72,48.0
masked,distilroberta-base,distilroberta-base,,1.0,0,73,48.0
masked,distilroberta-base,distilroberta-base,,1.0,0,74,48.0
masked,distilroberta-base,distilroberta-base,,1.0,0,75,48.0
masked,distilroberta-base,distilroberta-base,,1.0,0,76,48.0
masked,distilroberta-base,distilroberta-base,,1.0,0,77,48.0
masked,distilroberta-base,distilroberta-base,,1.0,0,78,48.0
masked,distilroberta-base,distilroberta-base,,1.0,0,79,48.0
masked,distilroberta-base,distilroberta-base,,1.0,0,80,48.0
masked,distilroberta-base,distilroberta-base,,1.0,0,81,48.0
masked,distilroberta-base,distilroberta-base,,1.0,0,82,48.0
masked,distilroberta-base,distilroberta-base,,1.0,0,83,48.0
masked,distilroberta-base,distilroberta-base,,1.0,0,84,48.0
masked,distilroberta-base,distilroberta-base,,1.0,0,85,48.0
masked,distilroberta-base,distilroberta-base,,1.0,0,86,48.0
masked,distilroberta-base,distilroberta-base,,1.0,0,87,48.0
masked,distilroberta-base,distilroberta-base,,1.0,0,88,48.0
masked,distilroberta-base,distilroberta-base,,1.0,0,89,48.0
masked,distilroberta-base,distilroberta-base,,1.0,0,90,48.0
masked,distilroberta-base,distilroberta-base,,1.0,0,91,48.0
masked,distilroberta-base,distilroberta-base,,1.0,0,92,48.0
masked,distilroberta-base,distilroberta-base,,1.0,0,93,48.0
masked,distilroberta-base,distilroberta-base,,1.0,0,94,48.0
masked,distilroberta-base,distilroberta-base,,1.0,0,95,48.0
masked,distilroberta-base,distilroberta-base,,1.0,0,96,48.0
masked,distilroberta-base,distilroberta-base,,1.0,0,97,48.0
masked,distilroberta-base,distilroberta-base,,1.0,0,98,48.0
masked,distilroberta-base,distilroberta-base,,1.0,0,99,48.0
masked,distilroberta-base,distilroberta-base,,1.0,0,100,48.0
masked,distilroberta-base,distilroberta-base,,1.0,0,101,48.0
masked,distilroberta-base,distilroberta-base,,1.0,0,102,48.0
masked,distilroberta-base,distilroberta-base,,1.0,0,103,48.0
masked,distilroberta-base,distilroberta-base,,1.0,0,104,48.0
masked,distilroberta-base,distilroberta-base,,1.0,0,105,48.0
masked,distilroberta-base,distilroberta-base,,1.0,0,106,48.0
masked,distilroberta-base,distilroberta-base,,1.0,0,107,48.0
masked,distilroberta-base,distilroberta-base,,1.0,0,108,48.0
masked,distilroberta-base,distilroberta-base,,1.0,0,109,48.0
masked,distilroberta-base,distilroberta-base,,1.0,0,110,48.0
masked,distilroberta-base,distilroberta-base,,1.0,0,111,48.0
masked,distilroberta-base,distilroberta-base,,1.0,0,112,48.0
masked,distilroberta-base,distilroberta-base,,1.0,0,113,48.0
masked,distilroberta-base,distilroberta-base,,1.0,0,114,48.0
masked,distilroberta-base,distilroberta-base,,1.0,0,115,48.0
masked,distilroberta-base,distilroberta-base,,1.0,0,116,48.0
masked,distilroberta-base,distilroberta-base,,1.0,0,117,48.0
masked,distilroberta-base,distilroberta-base,,1.0,0,118,48.0
masked,distilroberta-base,distilroberta-base,,1.0,0,119,48.0
masked,distilroberta-base,distilroberta-base,,1.0,0,120,48.0
masked,distilroberta-base,distilroberta-base,,1.0,1,0,1.0
masked,distilroberta-base,distilroberta-base,,1.0,1,1,8.0
masked,distilroberta-base,distilroberta-base,,1.0,1,2,23.0
masked,distilroberta-base,distilroberta-base,,1.0,1,3,29.0
masked,distilroberta-base,distilroberta-base,,1.0,1,4,33.0
masked,distilroberta-base,distilroberta-base,,1.0,1,5,32.0
masked,distilroberta-base,distilroberta-base,,1.0,1,6,37.0
masked,distilroberta-base,distilroberta-base,,1.0,1,7,37.0
masked,distilroberta-base,distilroberta-base,,1.0,1,8,41.0
masked,distilroberta-base,distilroberta-base,,1.0,1,9,43.0
masked,distilroberta-base,distilroberta-base,,1.0,1,10,43.0
masked,distilroberta-base,distilroberta-base,,1.0,1,11,46.0
masked,distilroberta-base,distilroberta-base,,1.0,1,12,47.0
masked,distilroberta-base,distilroberta-base,,1.0,1,13,43.0
masked,distilroberta-base,distilroberta-base,,1.0,1,14,46.0
masked,distilroberta-base,distilroberta-base,,1.0,1,15,43.0
masked,distilroberta-base,distilroberta-base,,1.0,1,16,45.0
masked,distilroberta-base,distilroberta-base,,1.0,1,17,47.0
masked,distilroberta-base,distilroberta-base,,1.0,1,18,46.0
masked,distilroberta-base,distilroberta-base,,1.0,1,19,48.0
masked,distilroberta-base,distilroberta-base,,1.0,1,20,48.0
masked,distilroberta-base,distilroberta-base,,1.0,1,21,48.0
masked,distilroberta-base,distilroberta-base,,1.0,1,22,46.0
masked,distilroberta-base,distilroberta-base,,1.0,1,23,48.0
masked,distilroberta-base,distilroberta-base,,1.0,1,24,47.0
masked,distilroberta-base,distilroberta-base,,1.0,1,25,47.0
masked,distilroberta-base,distilroberta-base,,1.0,1,26,48.0
masked,distilroberta-base,distilroberta-base,,1.0,1,27,48.0
masked,distilroberta-base,distilroberta-base,,1.0,1,28,48.0
masked,distilroberta-base,distilroberta-base,,1.0,1,29,48.0
masked,distilroberta-base,distilroberta-base,,1.0,1,30,48.0
masked,distilroberta-base,distilroberta-base,,1.0,1,31,47.0
masked,distilroberta-base,distilroberta-base,,1.0,1,32,48.0
masked,distilroberta-base,distilroberta-base,,1.0,1,33,47.0
masked,distilroberta-base,distilroberta-base,,1.0,1,34,47.0
masked,distilroberta-base,distilroberta-base,,1.0,1,35,48.0
masked,distilroberta-base,distilroberta-base,,1.0,1,36,48.0
masked,distilroberta-base,distilroberta-base,,1.0,1,37,48.0
masked,distilroberta-base,distilroberta-base,,1.0,1,38,48.0
masked,distilroberta-base,distilroberta-base,,1.0,1,39,47.0
masked,distilroberta-base,distilroberta-base,,1.0,1,40,48.0
masked,distilroberta-base,distilroberta-base,,1.0,1,41,46.0
masked,distilroberta-base,distilroberta-base,,1.0,1,42,47.0
masked,distilroberta-base,distilroberta-base,,1.0,1,43,48.0
masked,distilroberta-base,distilroberta-base,,1.0,1,44,46.0
masked,distilroberta-base,distilroberta-base,,1.0,1,45,47.0
masked,distilroberta-base,distilroberta-base,,1.0,1,46,48.0
masked,distilroberta-base,distilroberta-base,,1.0,1,47,47.0
masked,distilroberta-base,distilroberta-base,,1.0,1,48,46.0
masked,distilroberta-base,distilroberta-base,,1.0,1,49,47.0
masked,distilroberta-base,distilroberta-base,,1.0,1,50,45.0
masked,distilroberta-base,distilroberta-base,,1.0,1,51,44.0
masked,distilroberta-base,distilroberta-base,,1.0,1,52,44.0
masked,distilroberta-base,distilroberta-base,,1.0,1,53,47.0
masked,distilroberta-base,distilroberta-base,,1.0,1,54,47.0
masked,distilroberta-base,distilroberta-base,,1.0,1,55,48.0
masked,distilroberta-base,distilroberta-base,,1.0,1,56,46.0
masked,distilroberta-base,distilroberta-base,,1.0,1,57,44.0
masked,distilroberta-base,distilroberta-base,,1.0,1,58,45.0
masked,distilroberta-base,distilroberta-base,,1.0,1,59,43.0
masked,distilroberta-base,distilroberta-base,,1.0,1,60,46.0
masked,distilroberta-base,distilroberta-base,,1.0,1,61,47.0
masked,distilroberta-base,distilroberta-base,,1.0,1,62,48.0
masked,distilroberta-base,distilroberta-base,,1.0,1,63,46.0
masked,distilroberta-base,distilroberta-base,,1.0,1,64,46.0
masked,distilroberta-base,distilroberta-base,,1.0,1,65,43.0
masked,distilroberta-base,distilroberta-base,,1.0,1,66,45.0
masked,distilroberta-base,distilroberta-base,,1.0,1,67,45.0
masked,distilroberta-base,distilroberta-base,,1.0,1,68,46.0
masked,distilroberta-base,distilroberta-base,,1.0,1,69,41.0
masked,distilroberta-base,distilroberta-base,,1.0,1,70,45.0
masked,distilroberta-base,distilroberta-base,,1.0,1,71,42.0
masked,distilroberta-base,distilroberta-base,,1.0,1,72,44.0
masked,distilroberta-base,distilroberta-base,,1.0,1,73,40.0
masked,distilroberta-base,distilroberta-base,,1.0,1,74,42.0
masked,distilroberta-base,distilroberta-base,,1.0,1,75,40.0
masked,distilroberta-base,distilroberta-base,,1.0,1,76,43.0
masked,distilroberta-base,distilroberta-base,,1.0,1,77,42.0
masked,distilroberta-base,distilroberta-base,,1.0,1,78,44.0
masked,distilroberta-base,distilroberta-base,,1.0,1,79,41.0
masked,distilroberta-base,distilroberta-base,,1.0,1,80,45.0
masked,distilroberta-base,distilroberta-base,,1.0,1,81,43.0
masked,distilroberta-base,distilroberta-base,,1.0,1,82,45.0
masked,distilroberta-base,distilroberta-base,,1.0,1,83,45.0
masked,distilroberta-base,distilroberta-base,,1.0,1,84,45.0
masked,distilroberta-base,distilroberta-base,,1.0,1,85,39.0
masked,distilroberta-base,distilroberta-base,,1.0,1,86,43.0
masked,distilroberta-base,distilroberta-base,,1.0,1,87,43.0
masked,distilroberta-base,distilroberta-base,,1.0,1,88,44.0
masked,distilroberta-base,distilroberta-base,,1.0,1,89,41.0
masked,distilroberta-base,distilroberta-base,,1.0,1,90,43.0
masked,distilroberta-base,distilroberta-base,,1.0,1,91,43.0
masked,distilroberta-base,distilroberta-base,,1.0,1,92,40.0
masked,distilroberta-base,distilroberta-base,,1.0,1,93,38.0
masked,distilroberta-base,distilroberta-base,,1.0,1,94,39.0
masked,distilroberta-base,distilroberta-base,,1.0,1,95,36.0
masked,distilroberta-base,distilroberta-base,,1.0,1,96,35.0
masked,distilroberta-base,distilroberta-base,,1.0,1,97,38.0
masked,distilroberta-base,distilroberta-base,,1.0,1,98,39.0
masked,distilroberta-base,distilroberta-base,,1.0,1,99,36.0
masked,distilroberta-base,distilroberta-base,,1.0,1,100,38.0
masked,distilroberta-base,distilroberta-base,,1.0,1,101,37.0
masked,distilroberta-base,distilroberta-base,,1.0,1,102,39.0
masked,distilroberta-base,distilroberta-base,,1.0,1,103,37.0
masked,distilroberta-base,distilroberta-base,,1.0,1,104,38.0
masked,distilroberta-base,distilroberta-base,,1.0,1,105,40.0
masked,distilroberta-base,distilroberta-base,,1.0,1,106,37.0
masked,distilroberta-base,distilroberta-base,,1.0,1,107,38.0
masked,distilroberta-base,distilroberta-base,,1.0,1,108,42.0
masked,distilroberta-base,distilroberta-base,,1.0,1,109,38.0
masked,distilroberta-base,distilroberta-base,,1.0,1,110,40.0
masked,distilroberta-base,distilroberta-base,,1.0,1,111,39.0
masked,distilroberta-base,distilroberta-base,,1.0,1,112,38.0
masked,distilroberta-base,distilroberta-base,,1.0,1,113,38.0
masked,distilroberta-base,distilroberta-base,,1.0,1,114,37.0
masked,distilroberta-base,distilroberta-base,,1.0,1,115,37.0
masked,distilroberta-base,distilroberta-base,,1.0,1,116,40.0
masked,distilroberta-base,distilroberta-base,,1.0,1,117,35.0
masked,distilroberta-base,distilroberta-base,,1.0,1,118,37.0
masked,distilroberta-base,distilroberta-base,,1.0,1,119,39.0
masked,distilroberta-base,distilroberta-base,,1.0,1,120,39.0
masked,distilroberta-base,distilroberta-base,,1.0,2,0,1.0
masked,distilroberta-base,distilroberta-base,,1.0,2,1,4.0
masked,distilroberta-base,distilroberta-base,,1.0,2,2,15.0
masked,distilroberta-base,distilroberta-base,,1.0,2,3,30.0
masked,distilroberta-base,distilroberta-base,,1.0,2,4,30.0
masked,distilroberta-base,distilroberta-base,,1.0,2,5,41.0
masked,distilroberta-base,distilroberta-base,,1.0,2,6,44.0
masked,distilroberta-base,distilroberta-base,,1.0,2,7,43.0
masked,distilroberta-base,distilroberta-base,,1.0,2,8,47.0
masked,distilroberta-base,distilroberta-base,,1.0,2,9,48.0
masked,distilroberta-base,distilroberta-base,,1.0,2,10,48.0
masked,distilroberta-base,distilroberta-base,,1.0,2,11,48.0
masked,distilroberta-base,distilroberta-base,,1.0,2,12,48.0
masked,distilroberta-base,distilroberta-base,,1.0,2,13,48.0
masked,distilroberta-base,distilroberta-base,,1.0,2,14,48.0
masked,distilroberta-base,distilroberta-base,,1.0,2,15,48.0
masked,distilroberta-base,distilroberta-base,,1.0,2,16,48.0
masked,distilroberta-base,distilroberta-base,,1.0,2,17,48.0
masked,distilroberta-base,distilroberta-base,,1.0,2,18,48.0
masked,distilroberta-base,distilroberta-base,,1.0,2,19,48.0
masked,distilroberta-base,distilroberta-base,,1.0,2,20,48.0
masked,distilroberta-base,distilroberta-base,,1.0,2,21,48.0
masked,distilroberta-base,distilroberta-base,,1.0,2,22,48.0
masked,distilroberta-base,distilroberta-base,,1.0,2,23,48.0
masked,distilroberta-base,distilroberta-base,,1.0,2,24,48.0
masked,distilroberta-base,distilroberta-base,,1.0,2,25,48.0
masked,distilroberta-base,distilroberta-base,,1.0,2,26,48.0
masked,distilroberta-base,distilroberta-base,,1.0,2,27,48.0
masked,distilroberta-base,distilroberta-base,,1.0,2,28,48.0
masked,distilroberta-base,distilroberta-base,,1.0,2,29,48.0
masked,distilroberta-base,distilroberta-base,,1.0,2,30,48.0
masked,distilroberta-base,distilroberta-base,,1.0,2,31,48.0
masked,distilroberta-base,distilroberta-base,,1.0,2,32,48.0
masked,distilroberta-base,distilroberta-base,,1.0,2,33,48.0
masked,distilroberta-base,distilroberta-base,,1.0,2,34,48.0
masked,distilroberta-base,distilroberta-base,,1.0,2,35,48.0
masked,distilroberta-base,distilroberta-base,,1.0,2,36,48.0
masked,distilroberta-base,distilroberta-base,,1.0,2,37,48.0
masked,distilroberta-base,distilroberta-base,,1.0,2,38,48.0
masked,distilroberta-base,distilroberta-base,,1.0,2,39,48.0
masked,distilroberta-base,distilroberta-base,,1.0,2,40,48.0
masked,distilroberta-base,distilroberta-base,,1.0,2,41,48.0
masked,distilroberta-base,distilroberta-base,,1.0,2,42,48.0
masked,distilroberta-base,distilroberta-base,,1.0,2,43,48.0
masked,distilroberta-base,distilroberta-base,,1.0,2,44,48.0
masked,distilroberta-base,distilroberta-base,,1.0,2,45,48.0
masked,distilroberta-base,distilroberta-base,,1.0,2,46,48.0
masked,distilroberta-base,distilroberta-base,,1.0,2,47,48.0
masked,distilroberta-base,distilroberta-base,,1.0,2,48,48.0
masked,distilroberta-base,distilroberta-base,,1.0,2,49,48.0
masked,distilroberta-base,distilroberta-base,,1.0,2,50,48.0
masked,distilroberta-base,distilroberta-base,,1.0,2,51,48.0
masked,distilroberta-base,distilroberta-base,,1.0,2,52,48.0
masked,distilroberta-base,distilroberta-base,,1.0,2,53,48.0
masked,distilroberta-base,distilroberta-base,,1.0,2,54,48.0
masked,distilroberta-base,distilroberta-base,,1.0,2,55,48.0
masked,distilroberta-base,distilroberta-base,,1.0,2,56,48.0
masked,distilroberta-base,distilroberta-base,,1.0,2,57,48.0
masked,distilroberta-base,distilroberta-base,,1.0,2,58,48.0
masked,distilroberta-base,distilroberta-base,,1.0,2,59,48.0
masked,distilroberta-base,distilroberta-base,,1.0,2,60,48.0
masked,distilroberta-base,distilroberta-base,,1.0,2,61,48.0
masked,distilroberta-base,distilroberta-base,,1.0,2,62,48.0
masked,distilroberta-base,distilroberta-base,,1.0,2,63,48.0
masked,distilroberta-base,distilroberta-base,,1.0,2,64,48.0
masked,distilroberta-base,distilroberta-base,,1.0,2,65,48.0
masked,distilroberta-base,distilroberta-base,,1.0,2,66,48.0
masked,distilroberta-base,distilroberta-base,,1.0,2,67,48.0
masked,distilroberta-base,distilroberta-base,,1.0,2,68,48.0
masked,distilroberta-base,distilroberta-base,,1.0,2,69,48.0
masked,distilroberta-base,distilroberta-base,,1.0,2,70,48.0
masked,distilroberta-base,distilroberta-base,,1.0,2,71,48.0
masked,distilroberta-base,distilroberta-base,,1.0,2,72,48.0
masked,distilroberta-base,distilroberta-base,,1.0,2,73,48.0
masked,distilroberta-base,distilroberta-base,,1.0,2,74,48.0
masked,distilroberta-base,distilroberta-base,,1.0,2,75,48.0
masked,distilroberta-base,distilroberta-base,,1.0,2,76,48.0
masked,distilroberta-base,distilroberta-base,,1.0,2,77,48.0
masked,distilroberta-base,distilroberta-base,,1.0,2,78,48.0
masked,distilroberta-base,distilroberta-base,,1.0,2,79,48.0
masked,distilroberta-base,distilroberta-base,,1.0,2,80,48.0
masked,distilroberta-base,distilroberta-base,,1.0,2,81,48.0
masked,distilroberta-base,distilroberta-base,,1.0,2,82,48.0
masked,distilroberta-base,distilroberta-base,,1.0,2,83,48.0
masked,distilroberta-base,distilroberta-base,,1.0,2,84,48.0
masked,distilroberta-base,distilroberta-base,,1.0,2,85,48.0
masked,distilroberta-base,distilroberta-base,,1.0,2,86,48.0
masked,distilroberta-base,distilroberta-base,,1.0,2,87,48.0
masked,distilroberta-base,distilroberta-base,,1.0,2,88,48.0
masked,distilroberta-base,distilroberta-base,,1.0,2,89,48.0
masked,distilroberta-base,distilroberta-base,,1.0,2,90,48.0
masked,distilroberta-base,distilroberta-base,,1.0,2,91,48.0
masked,distilroberta-base,distilroberta-base,,1.0,2,92,48.0
masked,distilroberta-base,distilroberta-base,,1.0,2,93,48.0
masked,distilroberta-base,distilroberta-base,,1.0,2,94,48.0
masked,distilroberta-base,distilroberta-base,,1.0,2,95,48.0
masked,distilroberta-base,distilroberta-base,,1.0,2,96,48.0
masked,distilroberta-base,distilroberta-base,,1.0,2,97,48.0
masked,distilroberta-base,distilroberta-base,,1.0,2,98,48.0
masked,distilroberta-base,distilroberta-base,,1.0,2,99,48.0
masked,distilroberta-base,distilroberta-base,,1.0,2,100,48.0
masked,distilroberta-base,distilroberta-base,,1.0,2,101,48.0
masked,distilroberta-base,distilroberta-base,,1.0,2,102,48.0
masked,distilroberta-base,distilroberta-base,,1.0,2,103,48.0
masked,distilroberta-base,distilroberta-base,,1.0,2,104,48.0
masked,distilroberta-base,distilroberta-base,,1.0,2,105,48.0
masked,distilroberta-base,distilroberta-base,,1.0,2,106,48.0
masked,distilroberta-base,distilroberta-base,,1.0,2,107,48.0
masked,distilroberta-base,distilroberta-base,,1.0,2,108,48.0
masked,distilroberta-base,distilroberta-base,,1.0,2,109,48.0
masked,distilroberta-base,distilroberta-base,,1.0,2,110,48.0
masked,distilroberta-base,distilroberta-base,,1.0,2,111,48.0
masked,distilroberta-base,distilroberta-base,,1.0,2,112,48.0
masked,distilroberta-base,distilroberta-base,,1.0,2,113,48.0
masked,distilroberta-base,distilroberta-base,,1.0,2,114,48.0
masked,distilroberta-base,distilroberta-base,,1.0,2,115,48.0
masked,distilroberta-base,distilroberta-base,,1.0,2,116,48.0
masked,distilroberta-base,distilroberta-base,,1.0,2,117,48.0
masked,distilroberta-base,distilroberta-base,,1.0,2,118,48.0
masked,distilroberta-base,distilroberta-base,,1.0,2,119,48.0
masked,distilroberta-base,distilroberta-base,,1.0,2,120,48.0
masked,distilroberta-base,distilroberta-base,,1.0,3,0,1.0
masked,distilroberta-base,distilroberta-base,,1.0,3,1,5.0
masked,distilroberta-base,distilroberta-base,,1.0,3,2,14.0
masked,distilroberta-base,distilroberta-base,,1.0,3,3,33.0
masked,distilroberta-base,distilroberta-base,,1.0,3,4,36.0
masked,distilroberta-base,distilroberta-base,,1.0,3,5,39.0
masked,distilroberta-base,distilroberta-base,,1.0,3,6,42.0
masked,distilroberta-base,distilroberta-base,,1.0,3,7,43.0
masked,distilroberta-base,distilroberta-base,,1.0,3,8,44.0
masked,distilroberta-base,distilroberta-base,,1.0,3,9,45.0
masked,distilroberta-base,distilroberta-base,,1.0,3,10,48.0
masked,distilroberta-base,distilroberta-base,,1.0,3,11,45.0
masked,distilroberta-base,distilroberta-base,,1.0,3,12,46.0
masked,distilroberta-base,distilroberta-base,,1.0,3,13,47.0
masked,distilroberta-base,distilroberta-base,,1.0,3,14,47.0
masked,distilroberta-base,distilroberta-base,,1.0,3,15,47.0
masked,distilroberta-base,distilroberta-base,,1.0,3,16,47.0
masked,distilroberta-base,distilroberta-base,,1.0,3,17,47.0
masked,distilroberta-base,distilroberta-base,,1.0,3,18,47.0
masked,distilroberta-base,distilroberta-base,,1.0,3,19,48.0
masked,distilroberta-base,distilroberta-base,,1.0,3,20,48.0
masked,distilroberta-base,distilroberta-base,,1.0,3,21,48.0
masked,distilroberta-base,distilroberta-base,,1.0,3,22,48.0
masked,distilroberta-base,distilroberta-base,,1.0,3,23,48.0
masked,distilroberta-base,distilroberta-base,,1.0,3,24,48.0
masked,distilroberta-base,distilroberta-base,,1.0,3,25,48.0
masked,distilroberta-base,distilroberta-base,,1.0,3,26,48.0
masked,distilroberta-base,distilroberta-base,,1.0,3,27,48.0
masked,distilroberta-base,distilroberta-base,,1.0,3,28,48.0
masked,distilroberta-base,distilroberta-base,,1.0,3,29,48.0
masked,distilroberta-base,distilroberta-base,,1.0,3,30,48.0
masked,distilroberta-base,distilroberta-base,,1.0,3,31,48.0
masked,distilroberta-base,distilroberta-base,,1.0,3,32,48.0
masked,distilroberta-base,distilroberta-base,,1.0,3,33,48.0
masked,distilroberta-base,distilroberta-base,,1.0,3,34,48.0
masked,distilroberta-base,distilroberta-base,,1.0,3,35,48.0
masked,distilroberta-base,distilroberta-base,,1.0,3,36,48.0
masked,distilroberta-base,distilroberta-base,,1.0,3,37,48.0
masked,distilroberta-base,distilroberta-base,,1.0,3,38,48.0
masked,distilroberta-base,distilroberta-base,,1.0,3,39,48.0
masked,distilroberta-base,distilroberta-base,,1.0,3,40,48.0
masked,distilroberta-base,distilroberta-base,,1.0,3,41,48.0
masked,distilroberta-base,distilroberta-base,,1.0,3,42,48.0
masked,distilroberta-base,distilroberta-base,,1.0,3,43,48.0
masked,distilroberta-base,distilroberta-base,,1.0,3,44,48.0
masked,distilroberta-base,distilroberta-base,,1.0,3,45,48.0
masked,distilroberta-base,distilroberta-base,,1.0,3,46,48.0
masked,distilroberta-base,distilroberta-base,,1.0,3,47,48.0
masked,distilroberta-base,distilroberta-base,,1.0,3,48,48.0
masked,distilroberta-base,distilroberta-base,,1.0,3,49,48.0
masked,distilroberta-base,distilroberta-base,,1.0,3,50,48.0
masked,distilroberta-base,distilroberta-base,,1.0,3,51,48.0
masked,distilroberta-base,distilroberta-base,,1.0,3,52,48.0
masked,distilroberta-base,distilroberta-base,,1.0,3,53,48.0
masked,distilroberta-base,distilroberta-base,,1.0,3,54,48.0
masked,distilroberta-base,distilroberta-base,,1.0,3,55,48.0
masked,distilroberta-base,distilroberta-base,,1.0,3,56,48.0
masked,distilroberta-base,distilroberta-base,,1.0,3,57,48.0
masked,distilroberta-base,distilroberta-base,,1.0,3,58,48.0
masked,distilroberta-base,distilroberta-base,,1.0,3,59,48.0
masked,distilroberta-base,distilroberta-base,,1.0,3,60,48.0
masked,distilroberta-base,distilroberta-base,,1.0,3,61,48.0
masked,distilroberta-base,distilroberta-base,,1.0,3,62,48.0
masked,distilroberta-base,distilroberta-base,,1.0,3,63,48.0
masked,distilroberta-base,distilroberta-base,,1.0,3,64,48.0
masked,distilroberta-base,distilroberta-base,,1.0,3,65,48.0
masked,distilroberta-base,distilroberta-base,,1.0,3,66,48.0
masked,distilroberta-base,distilroberta-base,,1.0,3,67,48.0
masked,distilroberta-base,distilroberta-base,,1.0,3,68,48.0
masked,distilroberta-base,distilroberta-base,,1.0,3,69,48.0
masked,distilroberta-base,distilroberta-base,,1.0,3,70,48.0
masked,distilroberta-base,distilroberta-base,,1.0,3,71,48.0
masked,distilroberta-base,distilroberta-base,,1.0,3,72,48.0
masked,distilroberta-base,distilroberta-base,,1.0,3,73,48.0
masked,distilroberta-base,distilroberta-base,,1.0,3,74,48.0
masked,distilroberta-base,distilroberta-base,,1.0,3,75,48.0
masked,distilroberta-base,distilroberta-base,,1.0,3,76,48.0
masked,distilroberta-base,distilroberta-base,,1.0,3,77,48.0
masked,distilroberta-base,distilroberta-base,,1.0,3,78,48.0
masked,distilroberta-base,distilroberta-base,,1.0,3,79,48.0
masked,distilroberta-base,distilroberta-base,,1.0,3,80,48.0
masked,distilroberta-base,distilroberta-base,,1.0,3,81,48.0
masked,distilroberta-base,distilroberta-base,,1.0,3,82,48.0
masked,distilroberta-base,distilroberta-base,,1.0,3,83,48.0
masked,distilroberta-base,distilroberta-base,,1.0,3,84,48.0
masked,distilroberta-base,distilroberta-base,,1.0,3,85,48.0
masked,distilroberta-base,distilroberta-base,,1.0,3,86,48.0
masked,distilroberta-base,distilroberta-base,,1.0,3,87,48.0
masked,distilroberta-base,distilroberta-base,,1.0,3,88,48.0
masked,distilroberta-base,distilroberta-base,,1.0,3,89,48.0
masked,distilroberta-base,distilroberta-base,,1.0,3,90,48.0
masked,distilroberta-base,distilroberta-base,,1.0,3,91,48.0
masked,distilroberta-base,distilroberta-base,,1.0,3,92,48.0
masked,distilroberta-base,distilroberta-base,,1.0,3,93,48.0
masked,distilroberta-base,distilroberta-base,,1.0,3,94,48.0
masked,distilroberta-base,distilroberta-base,,1.0,3,95,48.0
masked,distilroberta-base,distilroberta-base,,1.0,3,96,48.0
masked,distilroberta-base,distilroberta-base,,1.0,3,97,48.0
masked,distilroberta-base,distilroberta-base,,1.0,3,98,48.0
masked,distilroberta-base,distilroberta-base,,1.0,3,99,48.0
masked,distilroberta-base,distilroberta-base,,1.0,3,100,48.0
masked,distilroberta-base,distilroberta-base,,1.0,3,101,47.0
masked,distilroberta-base,distilroberta-base,,1.0,3,102,48.0
masked,distilroberta-base,distilroberta-base,,1.0,3,103,48.0
masked,distilroberta-base,distilroberta-base,,1.0,3,104,48.0
masked,distilroberta-base,distilroberta-base,,1.0,3,105,48.0
masked,distilroberta-base,distilroberta-base,,1.0,3,106,48.0
masked,distilroberta-base,distilroberta-base,,1.0,3,107,48.0
masked,distilroberta-base,distilroberta-base,,1.0,3,108,48.0
masked,distilroberta-base,distilroberta-base,,1.0,3,109,48.0
masked,distilroberta-base,distilroberta-base,,1.0,3,110,48.0
masked,distilroberta-base,distilroberta-base,,1.0,3,111,48.0
masked,distilroberta-base,distilroberta-base,,1.0,3,112,48.0
masked,distilroberta-base,distilroberta-base,,1.0,3,113,48.0
masked,distilroberta-base,distilroberta-base,,1.0,3,114,48.0
masked,distilroberta-base,distilroberta-base,,1.0,3,115,48.0
masked,distilroberta-base,distilroberta-base,,1.0,3,116,48.0
masked,distilroberta-base,distilroberta-base,,1.0,3,117,48.0
masked,distilroberta-base,distilroberta-base,,1.0,3,118,48.0
masked,distilroberta-base,distilroberta-base,,1.0,3,119,48.0
masked,distilroberta-base,distilroberta-base,,1.0,3,120,48.0
masked,distilroberta-base,distilroberta-base,,1.0,4,0,1.0
masked,distilroberta-base,distilroberta-base,,1.0,4,1,8.0
masked,distilroberta-base,distilroberta-base,,1.0,4,2,17.0
masked,distilroberta-base,distilroberta-base,,1.0,4,3,29.0
masked,distilroberta-base,distilroberta-base,,1.0,4,4,34.0
masked,distilroberta-base,distilroberta-base,,1.0,4,5,36.0
masked,distilroberta-base,distilroberta-base,,1.0,4,6,37.0
masked,distilroberta-base,distilroberta-base,,1.0,4,7,41.0
masked,distilroberta-base,distilroberta-base,,1.0,4,8,45.0
masked,distilroberta-base,distilroberta-base,,1.0,4,9,48.0
masked,distilroberta-base,distilroberta-base,,1.0,4,10,48.0
masked,distilroberta-base,distilroberta-base,,1.0,4,11,48.0
masked,distilroberta-base,distilroberta-base,,1.0,4,12,48.0
masked,distilroberta-base,distilroberta-base,,1.0,4,13,48.0
masked,distilroberta-base,distilroberta-base,,1.0,4,14,48.0
masked,distilroberta-base,distilroberta-base,,1.0,4,15,48.0
masked,distilroberta-base,distilroberta-base,,1.0,4,16,48.0
masked,distilroberta-base,distilroberta-base,,1.0,4,17,48.0
masked,distilroberta-base,distilroberta-base,,1.0,4,18,48.0
masked,distilroberta-base,distilroberta-base,,1.0,4,19,48.0
masked,distilroberta-base,distilroberta-base,,1.0,4,20,48.0
masked,distilroberta-base,distilroberta-base,,1.0,4,21,48.0
masked,distilroberta-base,distilroberta-base,,1.0,4,22,48.0
masked,distilroberta-base,distilroberta-base,,1.0,4,23,48.0
masked,distilroberta-base,distilroberta-base,,1.0,4,24,48.0
masked,distilroberta-base,distilroberta-base,,1.0,4,25,48.0
masked,distilroberta-base,distilroberta-base,,1.0,4,26,48.0
masked,distilroberta-base,distilroberta-base,,1.0,4,27,48.0
masked,distilroberta-base,distilroberta-base,,1.0,4,28,48.0
masked,distilroberta-base,distilroberta-base,,1.0,4,29,48.0
masked,distilroberta-base,distilroberta-base,,1.0,4,30,48.0
masked,distilroberta-base,distilroberta-base,,1.0,4,31,48.0
masked,distilroberta-base,distilroberta-base,,1.0,4,32,48.0
masked,distilroberta-base,distilroberta-base,,1.0,4,33,48.0
masked,distilroberta-base,distilroberta-base,,1.0,4,34,48.0
masked,distilroberta-base,distilroberta-base,,1.0,4,35,48.0
masked,distilroberta-base,distilroberta-base,,1.0,4,36,48.0
masked,distilroberta-base,distilroberta-base,,1.0,4,37,48.0
masked,distilroberta-base,distilroberta-base,,1.0,4,38,48.0
masked,distilroberta-base,distilroberta-base,,1.0,4,39,48.0
masked,distilroberta-base,distilroberta-base,,1.0,4,40,48.0
masked,distilroberta-base,distilroberta-base,,1.0,4,41,48.0
masked,distilroberta-base,distilroberta-base,,1.0,4,42,48.0
masked,distilroberta-base,distilroberta-base,,1.0,4,43,48.0
masked,distilroberta-base,distilroberta-base,,1.0,4,44,48.0
masked,distilroberta-base,distilroberta-base,,1.0,4,45,48.0
masked,distilroberta-base,distilroberta-base,,1.0,4,46,48.0
masked,distilroberta-base,distilroberta-base,,1.0,4,47,48.0
masked,distilroberta-base,distilroberta-base,,1.0,4,48,48.0
masked,distilroberta-base,distilroberta-base,,1.0,4,49,48.0
masked,distilroberta-base,distilroberta-base,,1.0,4,50,48.0
masked,distilroberta-base,distilroberta-base,,1.0,4,51,48.0
masked,distilroberta-base,distilroberta-base,,1.0,4,52,48.0
masked,distilroberta-base,distilroberta-base,,1.0,4,53,48.0
masked,distilroberta-base,distilroberta-base,,1.0,4,54,48.0
masked,distilroberta-base,distilroberta-base,,1.0,4,55,48.0
masked,distilroberta-base,distilroberta-base,,1.0,4,56,48.0
masked,distilroberta-base,distilroberta-base,,1.0,4,57,48.0
masked,distilroberta-base,distilroberta-base,,1.0,4,58,48.0
masked,distilroberta-base,distilroberta-base,,1.0,4,59,48.0
masked,distilroberta-base,distilroberta-base,,1.0,4,60,48.0
masked,distilroberta-base,distilroberta-base,,1.0,4,61,48.0
masked,distilroberta-base,distilroberta-base,,1.0,4,62,48.0
masked,distilroberta-base,distilroberta-base,,1.0,4,63,48.0
masked,distilroberta-base,distilroberta-base,,1.0,4,64,48.0
masked,distilroberta-base,distilroberta-base,,1.0,4,65,48.0
masked,distilroberta-base,distilroberta-base,,1.0,4,66,48.0
masked,distilroberta-base,distilroberta-base,,1.0,4,67,48.0
masked,distilroberta-base,distilroberta-base,,1.0,4,68,48.0
masked,distilroberta-base,distilroberta-base,,1.0,4,69,48.0
masked,distilroberta-base,distilroberta-base,,1.0,4,70,48.0
masked,distilroberta-base,distilroberta-base,,1.0,4,71,48.0
masked,distilroberta-base,distilroberta-base,,1.0,4,72,48.0
masked,distilroberta-base,distilroberta-base,,1.0,4,73,48.0
masked,distilroberta-base,distilroberta-base,,1.0,4,74,48.0
masked,distilroberta-base,distilroberta-base,,1.0,4,75,48.0
masked,distilroberta-base,distilroberta-base,,1.0,4,76,48.0
masked,distilroberta-base,distilroberta-base,,1.0,4,77,48.0
masked,distilroberta-base,distilroberta-base,,1.0,4,78,48.0
masked,distilroberta-base,distilroberta-base,,1.0,4,79,48.0
masked,distilroberta-base,distilroberta-base,,1.0,4,80,48.0
masked,distilroberta-base,distilroberta-base,,1.0,4,81,48.0
masked,distilroberta-base,distilroberta-base,,1.0,4,82,48.0
masked,distilroberta-base,distilroberta-base,,1.0,4,83,48.0
masked,distilroberta-base,distilroberta-base,,1.0,4,84,48.0
masked,distilroberta-base,distilroberta-base,,1.0,4,85,48.0
masked,distilroberta-base,distilroberta-base,,1.0,4,86,48.0
masked,distilroberta-base,distilroberta-base,,1.0,4,87,48.0
masked,distilroberta-base,distilroberta-base,,1.0,4,88,48.0
masked,distilroberta-base,distilroberta-base,,1.0,4,89,48.0
masked,distilroberta-base,distilroberta-base,,1.0,4,90,48.0
masked,distilroberta-base,distilroberta-base,,1.0,4,91,48.0
masked,distilroberta-base,distilroberta-base,,1.0,4,92,48.0
masked,distilroberta-base,distilroberta-base,,1.0,4,93,48.0
masked,distilroberta-base,distilroberta-base,,1.0,4,94,48.0
masked,distilroberta-base,distilroberta-base,,1.0,4,95,48.0
masked,distilroberta-base,distilroberta-base,,1.0,4,96,48.0
masked,distilroberta-base,distilroberta-base,,1.0,4,97,48.0
masked,distilroberta-base,distilroberta-base,,1.0,4,98,48.0
masked,distilroberta-base,distilroberta-base,,1.0,4,99,48.0
masked,distilroberta-base,distilroberta-base,,1.0,4,100,48.0
masked,distilroberta-base,distilroberta-base,,1.0,4,101,48.0
masked,distilroberta-base,distilroberta-base,,1.0,4,102,48.0
masked,distilroberta-base,distilroberta-base,,1.0,4,103,48.0
masked,distilroberta-base,distilroberta-base,,1.0,4,104,48.0
masked,distilroberta-base,distilroberta-base,,1.0,4,105,48.0
masked,distilroberta-base,distilroberta-base,,1.0,4,106,48.0
masked,distilroberta-base,distilroberta-base,,1.0,4,107,48.0
masked,distilroberta-base,distilroberta-base,,1.0,4,108,48.0
masked,distilroberta-base,distilroberta-base,,1.0,4,109,48.0
masked,distilroberta-base,distilroberta-base,,1.0,4,110,48.0
masked,distilroberta-base,distilroberta-base,,1.0,4,111,48.0
masked,distilroberta-base,distilroberta-base,,1.0,4,112,48.0
masked,distilroberta-base,distilroberta-base,,1.0,4,113,48.0
masked,distilroberta-base,distilroberta-base,,1.0,4,114,48.0
masked,distilroberta-base,distilroberta-base,,1.0,4,115,48.0
masked,distilroberta-base,distilroberta-base,,1.0,4,116,48.0
masked,distilroberta-base,distilroberta-base,,1.0,4,117,48.0
masked,distilroberta-base,distilroberta-base,,1.0,4,118,48.0
masked,distilroberta-base,distilroberta-base,,1.0,4,119,48.0
masked,distilroberta-base,distilroberta-base,,1.0,4,120,48.0
masked,distilroberta-base,distilroberta-base,,1.0,5,0,1.0
masked,distilroberta-base,distilroberta-base,,1.0,5,1,3.0
masked,distilroberta-base,distilroberta-base,,1.0,5,2,9.0
masked,distilroberta-base,distilroberta-base,,1.0,5,3,14.0
masked,distilroberta-base,distilroberta-base,,1.0,5,4,22.0
masked,distilroberta-base,distilroberta-base,,1.0,5,5,26.0
masked,distilroberta-base,distilroberta-base,,1.0,5,6,26.0
masked,distilroberta-base,distilroberta-base,,1.0,5,7,39.0
masked,distilroberta-base,distilroberta-base,,1.0,5,8,37.0
masked,distilroberta-base,distilroberta-base,,1.0,5,9,44.0
masked,distilroberta-base,distilroberta-base,,1.0,5,10,48.0
masked,distilroberta-base,distilroberta-base,,1.0,5,11,48.0
masked,distilroberta-base,distilroberta-base,,1.0,5,12,48.0
masked,distilroberta-base,distilroberta-base,,1.0,5,13,48.0
masked,distilroberta-base,distilroberta-base,,1.0,5,14,48.0
masked,distilroberta-base,distilroberta-base,,1.0,5,15,48.0
masked,distilroberta-base,distilroberta-base,,1.0,5,16,48.0
masked,distilroberta-base,distilroberta-base,,1.0,5,17,48.0
masked,distilroberta-base,distilroberta-base,,1.0,5,18,48.0
masked,distilroberta-base,distilroberta-base,,1.0,5,19,48.0
masked,distilroberta-base,distilroberta-base,,1.0,5,20,48.0
masked,distilroberta-base,distilroberta-base,,1.0,5,21,48.0
masked,distilroberta-base,distilroberta-base,,1.0,5,22,48.0
masked,distilroberta-base,distilroberta-base,,1.0,5,23,48.0
masked,distilroberta-base,distilroberta-base,,1.0,5,24,48.0
masked,distilroberta-base,distilroberta-base,,1.0,5,25,48.0
masked,distilroberta-base,distilroberta-base,,1.0,5,26,48.0
masked,distilroberta-base,distilroberta-base,,1.0,5,27,48.0
masked,distilroberta-base,distilroberta-base,,1.0,5,28,48.0
masked,distilroberta-base,distilroberta-base,,1.0,5,29,48.0
masked,distilroberta-base,distilroberta-base,,1.0,5,30,48.0
masked,distilroberta-base,distilroberta-base,,1.0,5,31,48.0
masked,distilroberta-base,distilroberta-base,,1.0,5,32,48.0
masked,distilroberta-base,distilroberta-base,,1.0,5,33,48.0
masked,distilroberta-base,distilroberta-base,,1.0,5,34,48.0
masked,distilroberta-base,distilroberta-base,,1.0,5,35,48.0
masked,distilroberta-base,distilroberta-base,,1.0,5,36,48.0
masked,distilroberta-base,distilroberta-base,,1.0,5,37,48.0
masked,distilroberta-base,distilroberta-base,,1.0,5,38,48.0
masked,distilroberta-base,distilroberta-base,,1.0,5,39,48.0
masked,distilroberta-base,distilroberta-base,,1.0,5,40,48.0
masked,distilroberta-base,distilroberta-base,,1.0,5,41,48.0
masked,distilroberta-base,distilroberta-base,,1.0,5,42,48.0
masked,distilroberta-base,distilroberta-base,,1.0,5,43,48.0
masked,distilroberta-base,distilroberta-base,,1.0,5,44,48.0
masked,distilroberta-base,distilroberta-base,,1.0,5,45,48.0
masked,distilroberta-base,distilroberta-base,,1.0,5,46,48.0
masked,distilroberta-base,distilroberta-base,,1.0,5,47,48.0
masked,distilroberta-base,distilroberta-base,,1.0,5,48,48.0
masked,distilroberta-base,distilroberta-base,,1.0,5,49,48.0
masked,distilroberta-base,distilroberta-base,,1.0,5,50,48.0
masked,distilroberta-base,distilroberta-base,,1.0,5,51,48.0
masked,distilroberta-base,distilroberta-base,,1.0,5,52,48.0
masked,distilroberta-base,distilroberta-base,,1.0,5,53,48.0
masked,distilroberta-base,distilroberta-base,,1.0,5,54,48.0
masked,distilroberta-base,distilroberta-base,,1.0,5,55,48.0
masked,distilroberta-base,distilroberta-base,,1.0,5,56,48.0
masked,distilroberta-base,distilroberta-base,,1.0,5,57,48.0
masked,distilroberta-base,distilroberta-base,,1.0,5,58,48.0
masked,distilroberta-base,distilroberta-base,,1.0,5,59,48.0
masked,distilroberta-base,distilroberta-base,,1.0,5,60,48.0
masked,distilroberta-base,distilroberta-base,,1.0,5,61,48.0
masked,distilroberta-base,distilroberta-base,,1.0,5,62,48.0
masked,distilroberta-base,distilroberta-base,,1.0,5,63,48.0
masked,distilroberta-base,distilroberta-base,,1.0,5,64,48.0
masked,distilroberta-base,distilroberta-base,,1.0,5,65,48.0
masked,distilroberta-base,distilroberta-base,,1.0,5,66,48.0
masked,distilroberta-base,distilroberta-base,,1.0,5,67,48.0
masked,distilroberta-base,distilroberta-base,,1.0,5,68,48.0
masked,distilroberta-base,distilroberta-base,,1.0,5,69,48.0
masked,distilroberta-base,distilroberta-base,,1.0,5,70,48.0
masked,distilroberta-base,distilroberta-base,,1.0,5,71,48.0
masked,distilroberta-base,distilroberta-base,,1.0,5,72,48.0
masked,distilroberta-base,distilroberta-base,,1.0,5,73,48.0
masked,distilroberta-base,distilroberta-base,,1.0,5,74,48.0
masked,distilroberta-base,distilroberta-base,,1.0,5,75,48.0
masked,distilroberta-base,distilroberta-base,,1.0,5,76,48.0
masked,distilroberta-base,distilroberta-base,,1.0,5,77,48.0
masked,distilroberta-base,distilroberta-base,,1.0,5,78,48.0
masked,distilroberta-base,distilroberta-base,,1.0,5,79,48.0
masked,distilroberta-base,distilroberta-base,,1.0,5,80,48.0
masked,distilroberta-base,distilroberta-base,,1.0,5,81,48.0
masked,distilroberta-base,distilroberta-base,,1.0,5,82,48.0
masked,distilroberta-base,distilroberta-base,,1.0,5,83,48.0
masked,distilroberta-base,distilroberta-base,,1.0,5,84,48.0
masked,distilroberta-base,distilroberta-base,,1.0,5,85,48.0
masked,distilroberta-base,distilroberta-base,,1.0,5,86,48.0
masked,distilroberta-base,distilroberta-base,,1.0,5,87,48.0
masked,distilroberta-base,distilroberta-base,,1.0,5,88,48.0
masked,distilroberta-base,distilroberta-base,,1.0,5,89,48.0
masked,distilroberta-base,distilroberta-base,,1.0,5,90,48.0
masked,distilroberta-base,distilroberta-base,,1.0,5,91,48.0
masked,distilroberta-base,distilroberta-base,,1.0,5,92,48.0
masked,distilroberta-base,distilroberta-base,,1.0,5,93,48.0
masked,distilroberta-base,distilroberta-base,,1.0,5,94,48.0
masked,distilroberta-base,distilroberta-base,,1.0,5,95,48.0
masked,distilroberta-base,distilroberta-base,,1.0,5,96,48.0
masked,distilroberta-base,distilroberta-base,,1.0,5,97,48.0
masked,distilroberta-base,distilroberta-base,,1.0,5,98,48.0
masked,distilroberta-base,distilroberta-base,,1.0,5,99,48.0
masked,distilroberta-base,distilroberta-base,,1.0,5,100,48.0
masked,distilroberta-base,distilroberta-base,,1.0,5,101,48.0
masked,distilroberta-base,distilroberta-base,,1.0,5,102,48.0
masked,distilroberta-base,distilroberta-base,,1.0,5,103,48.0
masked,distilroberta-base,distilroberta-base,,1.0,5,104,48.0
masked,distilroberta-base,distilroberta-base,,1.0,5,105,48.0
masked,distilroberta-base,distilroberta-base,,1.0,5,106,48.0
masked,distilroberta-base,distilroberta-base,,1.0,5,107,48.0
masked,distilroberta-base,distilroberta-base,,1.0,5,108,48.0
masked,distilroberta-base,distilroberta-base,,1.0,5,109,48.0
masked,distilroberta-base,distilroberta-base,,1.0,5,110,48.0
masked,distilroberta-base,distilroberta-base,,1.0,5,111,48.0
masked,distilroberta-base,distilroberta-base,,1.0,5,112,48.0
masked,distilroberta-base,distilroberta-base,,1.0,5,113,48.0
masked,distilroberta-base,distilroberta-base,,1.0,5,114,48.0
masked,distilroberta-base,distilroberta-base,,1.0,5,115,48.0
masked,distilroberta-base,distilroberta-base,,1.0,5,116,48.0
masked,distilroberta-base,distilroberta-base,,1.0,5,117,48.0
masked,distilroberta-base,distilroberta-base,,1.0,5,118,48.0
masked,distilroberta-base,distilroberta-base,,1.0,5,119,48.0
masked,distilroberta-base,distilroberta-base,,1.0,5,120,48.0
masked,distilroberta-base,distilroberta-base,,1.0,6,0,1.0
masked,distilroberta-base,distilroberta-base,,1.0,6,1,7.0
masked,distilroberta-base,distilroberta-base,,1.0,6,2,16.0
masked,distilroberta-base,distilroberta-base,,1.0,6,3,31.0
masked,distilroberta-base,distilroberta-base,,1.0,6,4,40.0
masked,distilroberta-base,distilroberta-base,,1.0,6,5,45.0
masked,distilroberta-base,distilroberta-base,,1.0,6,6,45.0
masked,distilroberta-base,distilroberta-base,,1.0,6,7,45.0
masked,distilroberta-base,distilroberta-base,,1.0,6,8,47.0
masked,distilroberta-base,distilroberta-base,,1.0,6,9,48.0
masked,distilroberta-base,distilroberta-base,,1.0,6,10,48.0
masked,distilroberta-base,distilroberta-base,,1.0,6,11,47.0
masked,distilroberta-base,distilroberta-base,,1.0,6,12,47.0
masked,distilroberta-base,distilroberta-base,,1.0,6,13,48.0
masked,distilroberta-base,distilroberta-base,,1.0,6,14,48.0
masked,distilroberta-base,distilroberta-base,,1.0,6,15,47.0
masked,distilroberta-base,distilroberta-base,,1.0,6,16,48.0
masked,distilroberta-base,distilroberta-base,,1.0,6,17,48.0
masked,distilroberta-base,distilroberta-base,,1.0,6,18,48.0
masked,distilroberta-base,distilroberta-base,,1.0,6,19,48.0
masked,distilroberta-base,distilroberta-base,,1.0,6,20,48.0
masked,distilroberta-base,distilroberta-base,,1.0,6,21,48.0
masked,distilroberta-base,distilroberta-base,,1.0,6,22,48.0
masked,distilroberta-base,distilroberta-base,,1.0,6,23,48.0
masked,distilroberta-base,distilroberta-base,,1.0,6,24,48.0
masked,distilroberta-base,distilroberta-base,,1.0,6,25,48.0
masked,distilroberta-base,distilroberta-base,,1.0,6,26,48.0
masked,distilroberta-base,distilroberta-base,,1.0,6,27,48.0
masked,distilroberta-base,distilroberta-base,,1.0,6,28,48.0
masked,distilroberta-base,distilroberta-base,,1.0,6,29,48.0
masked,distilroberta-base,distilroberta-base,,1.0,6,30,48.0
masked,distilroberta-base,distilroberta-base,,1.0,6,31,48.0
masked,distilroberta-base,distilroberta-base,,1.0,6,32,48.0
masked,distilroberta-base,distilroberta-base,,1.0,6,33,48.0
masked,distilroberta-base,distilroberta-base,,1.0,6,34,48.0
masked,distilroberta-base,distilroberta-base,,1.0,6,35,48.0
masked,distilroberta-base,distilroberta-base,,1.0,6,36,48.0
masked,distilroberta-base,distilroberta-base,,1.0,6,37,48.0
masked,distilroberta-base,distilroberta-base,,1.0,6,38,48.0
masked,distilroberta-base,distilroberta-base,,1.0,6,39,48.0
masked,distilroberta-base,distilroberta-base,,1.0,6,40,48.0
masked,distilroberta-base,distilroberta-base,,1.0,6,41,48.0
masked,distilroberta-base,distilroberta-base,,1.0,6,42,48.0
masked,distilroberta-base,distilroberta-base,,1.0,6,43,48.0
masked,distilroberta-base,distilroberta-base,,1.0,6,44,48.0
masked,distilroberta-base,distilroberta-base,,1.0,6,45,48.0
masked,distilroberta-base,distilroberta-base,,1.0,6,46,48.0
masked,distilroberta-base,distilroberta-base,,1.0,6,47,48.0
masked,distilroberta-base,distilroberta-base,,1.0,6,48,48.0
masked,distilroberta-base,distilroberta-base,,1.0,6,49,48.0
masked,distilroberta-base,distilroberta-base,,1.0,6,50,48.0
masked,distilroberta-base,distilroberta-base,,1.0,6,51,48.0
masked,distilroberta-base,distilroberta-base,,1.0,6,52,48.0
masked,distilroberta-base,distilroberta-base,,1.0,6,53,48.0
masked,distilroberta-base,distilroberta-base,,1.0,6,54,48.0
masked,distilroberta-base,distilroberta-base,,1.0,6,55,48.0
masked,distilroberta-base,distilroberta-base,,1.0,6,56,48.0
masked,distilroberta-base,distilroberta-base,,1.0,6,57,48.0
masked,distilroberta-base,distilroberta-base,,1.0,6,58,48.0
masked,distilroberta-base,distilroberta-base,,1.0,6,59,48.0
masked,distilroberta-base,distilroberta-base,,1.0,6,60,48.0
masked,distilroberta-base,distilroberta-base,,1.0,6,61,48.0
masked,distilroberta-base,distilroberta-base,,1.0,6,62,48.0
masked,distilroberta-base,distilroberta-base,,1.0,6,63,48.0
masked,distilroberta-base,distilroberta-base,,1.0,6,64,48.0
masked,distilroberta-base,distilroberta-base,,1.0,6,65,48.0
masked,distilroberta-base,distilroberta-base,,1.0,6,66,48.0
masked,distilroberta-base,distilroberta-base,,1.0,6,67,48.0
masked,distilroberta-base,distilroberta-base,,1.0,6,68,48.0
masked,distilroberta-base,distilroberta-base,,1.0,6,69,48.0
masked,distilroberta-base,distilroberta-base,,1.0,6,70,48.0
masked,distilroberta-base,distilroberta-base,,1.0,6,71,48.0
masked,distilroberta-base,distilroberta-base,,1.0,6,72,48.0
masked,distilroberta-base,distilroberta-base,,1.0,6,73,48.0
masked,distilroberta-base,distilroberta-base,,1.0,6,74,48.0
masked,distilroberta-base,distilroberta-base,,1.0,6,75,48.0
masked,distilroberta-base,distilroberta-base,,1.0,6,76,48.0
masked,distilroberta-base,distilroberta-base,,1.0,6,77,48.0
masked,distilroberta-base,distilroberta-base,,1.0,6,78,48.0
masked,distilroberta-base,distilroberta-base,,1.0,6,79,48.0
masked,distilroberta-base,distilroberta-base,,1.0,6,80,48.0
masked,distilroberta-base,distilroberta-base,,1.0,6,81,48.0
masked,distilroberta-base,distilroberta-base,,1.0,6,82,48.0
masked,distilroberta-base,distilroberta-base,,1.0,6,83,48.0
masked,distilroberta-base,distilroberta-base,,1.0,6,84,48.0
masked,distilroberta-base,distilroberta-base,,1.0,6,85,48.0
masked,distilroberta-base,distilroberta-base,,1.0,6,86,48.0
masked,distilroberta-base,distilroberta-base,,1.0,6,87,48.0
masked,distilroberta-base,distilroberta-base,,1.0,6,88,48.0
masked,distilroberta-base,distilroberta-base,,1.0,6,89,48.0
masked,distilroberta-base,distilroberta-base,,1.0,6,90,48.0
masked,distilroberta-base,distilroberta-base,,1.0,6,91,48.0
masked,distilroberta-base,distilroberta-base,,1.0,6,92,48.0
masked,distilroberta-base,distilroberta-base,,1.0,6,93,48.0
masked,distilroberta-base,distilroberta-base,,1.0,6,94,48.0
masked,distilroberta-base,distilroberta-base,,1.0,6,95,48.0
masked,distilroberta-base,distilroberta-base,,1.0,6,96,48.0
masked,distilroberta-base,distilroberta-base,,1.0,6,97,48.0
masked,distilroberta-base,distilroberta-base,,1.0,6,98,48.0
masked,distilroberta-base,distilroberta-base,,1.0,6,99,48.0
masked,distilroberta-base,distilroberta-base,,1.0,6,100,48.0
masked,distilroberta-base,distilroberta-base,,1.0,6,101,48.0
masked,distilroberta-base,distilroberta-base,,1.0,6,102,48.0
masked,distilroberta-base,distilroberta-base,,1.0,6,103,48.0
masked,distilroberta-base,distilroberta-base,,1.0,6,104,48.0
masked,distilroberta-base,distilroberta-base,,1.0,6,105,48.0
masked,distilroberta-base,distilroberta-base,,1.0,6,106,48.0
masked,distilroberta-base,distilroberta-base,,1.0,6,107,48.0
masked,distilroberta-base,distilroberta-base,,1.0,6,108,48.0
masked,distilroberta-base,distilroberta-base,,1.0,6,109,48.0
masked,distilroberta-base,distilroberta-base,,1.0,6,110,48.0
masked,distilroberta-base,distilroberta-base,,1.0,6,111,48.0
masked,distilroberta-base,distilroberta-base,,1.0,6,112,48.0
masked,distilroberta-base,distilroberta-base,,1.0,6,113,48.0
masked,distilroberta-base,distilroberta-base,,1.0,6,114,48.0
masked,distilroberta-base,distilroberta-base,,1.0,6,115,48.0
masked,distilroberta-base,distilroberta-base,,1.0,6,116,48.0
masked,distilroberta-base,distilroberta-base,,1.0,6,117,48.0
masked,distilroberta-base,distilroberta-base,,1.0,6,118,48.0
masked,distilroberta-base,distilroberta-base,,1.0,6,119,48.0
masked,distilroberta-base,distilroberta-base,,1.0,6,120,48.0
masked,distilroberta-base,distilroberta-base,,1.0,7,0,1.0
masked,distilroberta-base,distilroberta-base,,1.0,7,1,8.0
masked,distilroberta-base,distilroberta-base,,1.0,7,2,22.0
masked,distilroberta-base,distilroberta-base,,1.0,7,3,29.0
masked,distilroberta-base,distilroberta-base,,1.0,7,4,38.0
masked,distilroberta-base,distilroberta-base,,1.0,7,5,34.0
masked,distilroberta-base,distilroberta-base,,1.0,7,6,39.0
masked,distilroberta-base,distilroberta-base,,1.0,7,7,41.0
masked,distilroberta-base,distilroberta-base,,1.0,7,8,43.0
masked,distilroberta-base,distilroberta-base,,1.0,7,9,36.0
masked,distilroberta-base,distilroberta-base,,1.0,7,10,39.0
masked,distilroberta-base,distilroberta-base,,1.0,7,11,39.0
masked,distilroberta-base,distilroberta-base,,1.0,7,12,36.0
masked,distilroberta-base,distilroberta-base,,1.0,7,13,43.0
masked,distilroberta-base,distilroberta-base,,1.0,7,14,45.0
masked,distilroberta-base,distilroberta-base,,1.0,7,15,45.0
masked,distilroberta-base,distilroberta-base,,1.0,7,16,46.0
masked,distilroberta-base,distilroberta-base,,1.0,7,17,45.0
masked,distilroberta-base,distilroberta-base,,1.0,7,18,45.0
masked,distilroberta-base,distilroberta-base,,1.0,7,19,45.0
masked,distilroberta-base,distilroberta-base,,1.0,7,20,46.0
masked,distilroberta-base,distilroberta-base,,1.0,7,21,47.0
masked,distilroberta-base,distilroberta-base,,1.0,7,22,48.0
masked,distilroberta-base,distilroberta-base,,1.0,7,23,48.0
masked,distilroberta-base,distilroberta-base,,1.0,7,24,48.0
masked,distilroberta-base,distilroberta-base,,1.0,7,25,48.0
masked,distilroberta-base,distilroberta-base,,1.0,7,26,48.0
masked,distilroberta-base,distilroberta-base,,1.0,7,27,48.0
masked,distilroberta-base,distilroberta-base,,1.0,7,28,48.0
masked,distilroberta-base,distilroberta-base,,1.0,7,29,48.0
masked,distilroberta-base,distilroberta-base,,1.0,7,30,48.0
masked,distilroberta-base,distilroberta-base,,1.0,7,31,48.0
masked,distilroberta-base,distilroberta-base,,1.0,7,32,48.0
masked,distilroberta-base,distilroberta-base,,1.0,7,33,48.0
masked,distilroberta-base,distilroberta-base,,1.0,7,34,48.0
masked,distilroberta-base,distilroberta-base,,1.0,7,35,48.0
masked,distilroberta-base,distilroberta-base,,1.0,7,36,48.0
masked,distilroberta-base,distilroberta-base,,1.0,7,37,48.0
masked,distilroberta-base,distilroberta-base,,1.0,7,38,48.0
masked,distilroberta-base,distilroberta-base,,1.0,7,39,48.0
masked,distilroberta-base,distilroberta-base,,1.0,7,40,48.0
masked,distilroberta-base,distilroberta-base,,1.0,7,41,48.0
masked,distilroberta-base,distilroberta-base,,1.0,7,42,48.0
masked,distilroberta-base,distilroberta-base,,1.0,7,43,48.0
masked,distilroberta-base,distilroberta-base,,1.0,7,44,48.0
masked,distilroberta-base,distilroberta-base,,1.0,7,45,48.0
masked,distilroberta-base,distilroberta-base,,1.0,7,46,48.0
masked,distilroberta-base,distilroberta-base,,1.0,7,47,48.0
masked,distilroberta-base,distilroberta-base,,1.0,7,48,48.0
masked,distilroberta-base,distilroberta-base,,1.0,7,49,48.0
masked,distilroberta-base,distilroberta-base,,1.0,7,50,48.0
masked,distilroberta-base,distilroberta-base,,1.0,7,51,48.0
masked,distilroberta-base,distilroberta-base,,1.0,7,52,48.0
masked,distilroberta-base,distilroberta-base,,1.0,7,53,48.0
masked,distilroberta-base,distilroberta-base,,1.0,7,54,48.0
masked,distilroberta-base,distilroberta-base,,1.0,7,55,48.0
masked,distilroberta-base,distilroberta-base,,1.0,7,56,48.0
masked,distilroberta-base,distilroberta-base,,1.0,7,57,48.0
masked,distilroberta-base,distilroberta-base,,1.0,7,58,48.0
masked,distilroberta-base,distilroberta-base,,1.0,7,59,48.0
masked,distilroberta-base,distilroberta-base,,1.0,7,60,48.0
masked,distilroberta-base,distilroberta-base,,1.0,7,61,48.0
masked,distilroberta-base,distilroberta-base,,1.0,7,62,48.0
masked,distilroberta-base,distilroberta-base,,1.0,7,63,48.0
masked,distilroberta-base,distilroberta-base,,1.0,7,64,48.0
masked,distilroberta-base,distilroberta-base,,1.0,7,65,48.0
masked,distilroberta-base,distilroberta-base,,1.0,7,66,48.0
masked,distilroberta-base,distilroberta-base,,1.0,7,67,48.0
masked,distilroberta-base,distilroberta-base,,1.0,7,68,48.0
masked,distilroberta-base,distilroberta-base,,1.0,7,69,48.0
masked,distilroberta-base,distilroberta-base,,1.0,7,70,48.0
masked,distilroberta-base,distilroberta-base,,1.0,7,71,48.0
masked,distilroberta-base,distilroberta-base,,1.0,7,72,48.0
masked,distilroberta-base,distilroberta-base,,1.0,7,73,48.0
masked,distilroberta-base,distilroberta-base,,1.0,7,74,48.0
masked,distilroberta-base,distilroberta-base,,1.0,7,75,48.0
masked,distilroberta-base,distilroberta-base,,1.0,7,76,48.0
masked,distilroberta-base,distilroberta-base,,1.0,7,77,48.0
masked,distilroberta-base,distilroberta-base,,1.0,7,78,48.0
masked,distilroberta-base,distilroberta-base,,1.0,7,79,48.0
masked,distilroberta-base,distilroberta-base,,1.0,7,80,48.0
masked,distilroberta-base,distilroberta-base,,1.0,7,81,48.0
masked,distilroberta-base,distilroberta-base,,1.0,7,82,48.0
masked,distilroberta-base,distilroberta-base,,1.0,7,83,48.0
masked,distilroberta-base,distilroberta-base,,1.0,7,84,48.0
masked,distilroberta-base,distilroberta-base,,1.0,7,85,48.0
masked,distilroberta-base,distilroberta-base,,1.0,7,86,48.0
masked,distilroberta-base,distilroberta-base,,1.0,7,87,48.0
masked,distilroberta-base,distilroberta-base,,1.0,7,88,48.0
masked,distilroberta-base,distilroberta-base,,1.0,7,89,48.0
masked,distilroberta-base,distilroberta-base,,1.0,7,90,48.0
masked,distilroberta-base,distilroberta-base,,1.0,7,91,48.0
masked,distilroberta-base,distilroberta-base,,1.0,7,92,48.0
masked,distilroberta-base,distilroberta-base,,1.0,7,93,48.0
masked,distilroberta-base,distilroberta-base,,1.0,7,94,48.0
masked,distilroberta-base,distilroberta-base,,1.0,7,95,48.0
masked,distilroberta-base,distilroberta-base,,1.0,7,96,48.0
masked,distilroberta-base,distilroberta-base,,1.0,7,97,48.0
masked,distilroberta-base,distilroberta-base,,1.0,7,98,48.0
masked,distilroberta-base,distilroberta-base,,1.0,7,99,48.0
masked,distilroberta-base,distilroberta-base,,1.0,7,100,48.0
masked,distilroberta-base,distilroberta-base,,1.0,7,101,48.0
masked,distilroberta-base,distilroberta-base,,1.0,7,102,48.0
masked,distilroberta-base,distilroberta-base,,1.0,7,103,48.0
masked,distilroberta-base,distilroberta-base,,1.0,7,104,48.0
masked,distilroberta-base,distilroberta-base,,1.0,7,105,48.0
masked,distilroberta-base,distilroberta-base,,1.0,7,106,48.0
masked,distilroberta-base,distilroberta-base,,1.0,7,107,48.0
masked,distilroberta-base,distilroberta-base,,1.0,7,108,48.0
masked,distilroberta-base,distilroberta-base,,1.0,7,109,48.0
masked,distilroberta-base,distilroberta-base,,1.0,7,110,48.0
masked,distilroberta-base,distilroberta-base,,1.0,7,111,48.0
masked,distilroberta-base,distilroberta-base,,1.0,7,112,48.0
masked,distilroberta-base,distilroberta-base,,1.0,7,113,48.0
masked,distilroberta-base,distilroberta-base,,1.0,7,114,48.0
masked,distilroberta-base,distilroberta-base,,1.0,7,115,48.0
masked,distilroberta-base,distilroberta-base,,1.0,7,116,48.0
masked,distilroberta-base,distilroberta-base,,1.0,7,117,48.0
masked,distilroberta-base,distilroberta-base,,1.0,7,118,48.0
masked,distilroberta-base,distilroberta-base,,1.0,7,119,48.0
masked,distilroberta-base,distilroberta-base,,1.0,7,120,48.0
masked,distilroberta-base,distilroberta-base,,1.0,8,0,1.0
masked,distilroberta-base,distilroberta-base,,1.0,8,1,6.0
masked,distilroberta-base,distilroberta-base,,1.0,8,2,20.0
masked,distilroberta-base,distilroberta-base,,1.0,8,3,26.0
masked,distilroberta-base,distilroberta-base,,1.0,8,4,36.0
masked,distilroberta-base,distilroberta-base,,1.0,8,5,39.0
masked,distilroberta-base,distilroberta-base,,1.0,8,6,39.0
masked,distilroberta-base,distilroberta-base,,1.0,8,7,46.0
masked,distilroberta-base,distilroberta-base,,1.0,8,8,47.0
masked,distilroberta-base,distilroberta-base,,1.0,8,9,48.0
masked,distilroberta-base,distilroberta-base,,1.0,8,10,48.0
masked,distilroberta-base,distilroberta-base,,1.0,8,11,47.0
masked,distilroberta-base,distilroberta-base,,1.0,8,12,48.0
masked,distilroberta-base,distilroberta-base,,1.0,8,13,48.0
masked,distilroberta-base,distilroberta-base,,1.0,8,14,48.0
masked,distilroberta-base,distilroberta-base,,1.0,8,15,48.0
masked,distilroberta-base,distilroberta-base,,1.0,8,16,48.0
masked,distilroberta-base,distilroberta-base,,1.0,8,17,48.0
masked,distilroberta-base,distilroberta-base,,1.0,8,18,48.0
masked,distilroberta-base,distilroberta-base,,1.0,8,19,48.0
masked,distilroberta-base,distilroberta-base,,1.0,8,20,48.0
masked,distilroberta-base,distilroberta-base,,1.0,8,21,48.0
masked,distilroberta-base,distilroberta-base,,1.0,8,22,48.0
masked,distilroberta-base,distilroberta-base,,1.0,8,23,48.0
masked,distilroberta-base,distilroberta-base,,1.0,8,24,48.0
masked,distilroberta-base,distilroberta-base,,1.0,8,25,48.0
masked,distilroberta-base,distilroberta-base,,1.0,8,26,48.0
masked,distilroberta-base,distilroberta-base,,1.0,8,27,48.0
masked,distilroberta-base,distilroberta-base,,1.0,8,28,48.0
masked,distilroberta-base,distilroberta-base,,1.0,8,29,48.0
masked,distilroberta-base,distilroberta-base,,1.0,8,30,48.0
masked,distilroberta-base,distilroberta-base,,1.0,8,31,48.0
masked,distilroberta-base,distilroberta-base,,1.0,8,32,48.0
masked,distilroberta-base,distilroberta-base,,1.0,8,33,47.0
masked,distilroberta-base,distilroberta-base,,1.0,8,34,48.0
masked,distilroberta-base,distilroberta-base,,1.0,8,35,48.0
masked,distilroberta-base,distilroberta-base,,1.0,8,36,48.0
masked,distilroberta-base,distilroberta-base,,1.0,8,37,48.0
masked,distilroberta-base,distilroberta-base,,1.0,8,38,48.0
masked,distilroberta-base,distilroberta-base,,1.0,8,39,48.0
masked,distilroberta-base,distilroberta-base,,1.0,8,40,47.0
masked,distilroberta-base,distilroberta-base,,1.0,8,41,48.0
masked,distilroberta-base,distilroberta-base,,1.0,8,42,47.0
masked,distilroberta-base,distilroberta-base,,1.0,8,43,48.0
masked,distilroberta-base,distilroberta-base,,1.0,8,44,48.0
masked,distilroberta-base,distilroberta-base,,1.0,8,45,48.0
masked,distilroberta-base,distilroberta-base,,1.0,8,46,48.0
masked,distilroberta-base,distilroberta-base,,1.0,8,47,48.0
masked,distilroberta-base,distilroberta-base,,1.0,8,48,48.0
masked,distilroberta-base,distilroberta-base,,1.0,8,49,48.0
masked,distilroberta-base,distilroberta-base,,1.0,8,50,48.0
masked,distilroberta-base,distilroberta-base,,1.0,8,51,48.0
masked,distilroberta-base,distilroberta-base,,1.0,8,52,48.0
masked,distilroberta-base,distilroberta-base,,1.0,8,53,48.0
masked,distilroberta-base,distilroberta-base,,1.0,8,54,48.0
masked,distilroberta-base,distilroberta-base,,1.0,8,55,48.0
masked,distilroberta-base,distilroberta-base,,1.0,8,56,48.0
masked,distilroberta-base,distilroberta-base,,1.0,8,57,48.0
masked,distilroberta-base,distilroberta-base,,1.0,8,58,48.0
masked,distilroberta-base,distilroberta-base,,1.0,8,59,48.0
masked,distilroberta-base,distilroberta-base,,1.0,8,60,48.0
masked,distilroberta-base,distilroberta-base,,1.0,8,61,48.0
masked,distilroberta-base,distilroberta-base,,1.0,8,62,48.0
masked,distilroberta-base,distilroberta-base,,1.0,8,63,48.0
masked,distilroberta-base,distilroberta-base,,1.0,8,64,48.0
masked,distilroberta-base,distilroberta-base,,1.0,8,65,48.0
masked,distilroberta-base,distilroberta-base,,1.0,8,66,48.0
masked,distilroberta-base,distilroberta-base,,1.0,8,67,48.0
masked,distilroberta-base,distilroberta-base,,1.0,8,68,48.0
masked,distilroberta-base,distilroberta-base,,1.0,8,69,48.0
masked,distilroberta-base,distilroberta-base,,1.0,8,70,48.0
masked,distilroberta-base,distilroberta-base,,1.0,8,71,48.0
masked,distilroberta-base,distilroberta-base,,1.0,8,72,48.0
masked,distilroberta-base,distilroberta-base,,1.0,8,73,48.0
masked,distilroberta-base,distilroberta-base,,1.0,8,74,48.0
masked,distilroberta-base,distilroberta-base,,1.0,8,75,48.0
masked,distilroberta-base,distilroberta-base,,1.0,8,76,48.0
masked,distilroberta-base,distilroberta-base,,1.0,8,77,48.0
masked,distilroberta-base,distilroberta-base,,1.0,8,78,48.0
masked,distilroberta-base,distilroberta-base,,1.0,8,79,48.0
masked,distilroberta-base,distilroberta-base,,1.0,8,80,48.0
masked,distilroberta-base,distilroberta-base,,1.0,8,81,48.0
masked,distilroberta-base,distilroberta-base,,1.0,8,82,48.0
masked,distilroberta-base,distilroberta-base,,1.0,8,83,48.0
masked,distilroberta-base,distilroberta-base,,1.0,8,84,48.0
masked,distilroberta-base,distilroberta-base,,1.0,8,85,48.0
masked,distilroberta-base,distilroberta-base,,1.0,8,86,48.0
masked,distilroberta-base,distilroberta-base,,1.0,8,87,48.0
masked,distilroberta-base,distilroberta-base,,1.0,8,88,48.0
masked,distilroberta-base,distilroberta-base,,1.0,8,89,48.0
masked,distilroberta-base,distilroberta-base,,1.0,8,90,48.0
masked,distilroberta-base,distilroberta-base,,1.0,8,91,48.0
masked,distilroberta-base,distilroberta-base,,1.0,8,92,48.0
masked,distilroberta-base,distilroberta-base,,1.0,8,93,48.0
masked,distilroberta-base,distilroberta-base,,1.0,8,94,48.0
masked,distilroberta-base,distilroberta-base,,1.0,8,95,48.0
masked,distilroberta-base,distilroberta-base,,1.0,8,96,48.0
masked,distilroberta-base,distilroberta-base,,1.0,8,97,48.0
masked,distilroberta-base,distilroberta-base,,1.0,8,98,48.0
masked,distilroberta-base,distilroberta-base,,1.0,8,99,48.0
masked,distilroberta-base,distilroberta-base,,1.0,8,100,48.0
masked,distilroberta-base,distilroberta-base,,1.0,8,101,48.0
masked,distilroberta-base,distilroberta-base,,1.0,8,102,48.0
masked,distilroberta-base,distilroberta-base,,1.0,8,103,48.0
masked,distilroberta-base,distilroberta-base,,1.0,8,104,48.0
masked,distilroberta-base,distilroberta-base,,1.0,8,105,48.0
masked,distilroberta-base,distilroberta-base,,1.0,8,106,48.0
masked,distilroberta-base,distilroberta-base,,1.0,8,107,48.0
masked,distilroberta-base,distilroberta-base,,1.0,8,108,48.0
masked,distilroberta-base,distilroberta-base,,1.0,8,109,48.0
masked,distilroberta-base,distilroberta-base,,1.0,8,110,48.0
masked,distilroberta-base,distilroberta-base,,1.0,8,111,48.0
masked,distilroberta-base,distilroberta-base,,1.0,8,112,48.0
masked,distilroberta-base,distilroberta-base,,1.0,8,113,48.0
masked,distilroberta-base,distilroberta-base,,1.0,8,114,48.0
masked,distilroberta-base,distilroberta-base,,1.0,8,115,48.0
masked,distilroberta-base,distilroberta-base,,1.0,8,116,48.0
masked,distilroberta-base,distilroberta-base,,1.0,8,117,48.0
masked,distilroberta-base,distilroberta-base,,1.0,8,118,48.0
masked,distilroberta-base,distilroberta-base,,1.0,8,119,48.0
masked,distilroberta-base,distilroberta-base,,1.0,8,120,48.0
masked,distilroberta-base,distilroberta-base,,1.0,9,0,1.0
masked,distilroberta-base,distilroberta-base,,1.0,9,1,9.0
masked,distilroberta-base,distilroberta-base,,1.0,9,2,21.0
masked,distilroberta-base,distilroberta-base,,1.0,9,3,31.0
masked,distilroberta-base,distilroberta-base,,1.0,9,4,37.0
masked,distilroberta-base,distilroberta-base,,1.0,9,5,40.0
masked,distilroberta-base,distilroberta-base,,1.0,9,6,43.0
masked,distilroberta-base,distilroberta-base,,1.0,9,7,42.0
masked,distilroberta-base,distilroberta-base,,1.0,9,8,39.0
masked,distilroberta-base,distilroberta-base,,1.0,9,9,45.0
masked,distilroberta-base,distilroberta-base,,1.0,9,10,48.0
masked,distilroberta-base,distilroberta-base,,1.0,9,11,48.0
masked,distilroberta-base,distilroberta-base,,1.0,9,12,48.0
masked,distilroberta-base,distilroberta-base,,1.0,9,13,48.0
masked,distilroberta-base,distilroberta-base,,1.0,9,14,48.0
masked,distilroberta-base,distilroberta-base,,1.0,9,15,48.0
masked,distilroberta-base,distilroberta-base,,1.0,9,16,48.0
masked,distilroberta-base,distilroberta-base,,1.0,9,17,48.0
masked,distilroberta-base,distilroberta-base,,1.0,9,18,48.0
masked,distilroberta-base,distilroberta-base,,1.0,9,19,48.0
masked,distilroberta-base,distilroberta-base,,1.0,9,20,48.0
masked,distilroberta-base,distilroberta-base,,1.0,9,21,48.0
masked,distilroberta-base,distilroberta-base,,1.0,9,22,48.0
masked,distilroberta-base,distilroberta-base,,1.0,9,23,48.0
masked,distilroberta-base,distilroberta-base,,1.0,9,24,48.0
masked,distilroberta-base,distilroberta-base,,1.0,9,25,48.0
masked,distilroberta-base,distilroberta-base,,1.0,9,26,48.0
masked,distilroberta-base,distilroberta-base,,1.0,9,27,48.0
masked,distilroberta-base,distilroberta-base,,1.0,9,28,48.0
masked,distilroberta-base,distilroberta-base,,1.0,9,29,48.0
masked,distilroberta-base,distilroberta-base,,1.0,9,30,48.0
masked,distilroberta-base,distilroberta-base,,1.0,9,31,48.0
masked,distilroberta-base,distilroberta-base,,1.0,9,32,48.0
masked,distilroberta-base,distilroberta-base,,1.0,9,33,48.0
masked,distilroberta-base,distilroberta-base,,1.0,9,34,48.0
masked,distilroberta-base,distilroberta-base,,1.0,9,35,48.0
masked,distilroberta-base,distilroberta-base,,1.0,9,36,48.0
masked,distilroberta-base,distilroberta-base,,1.0,9,37,48.0
masked,distilroberta-base,distilroberta-base,,1.0,9,38,48.0
masked,distilroberta-base,distilroberta-base,,1.0,9,39,48.0
masked,distilroberta-base,distilroberta-base,,1.0,9,40,48.0
masked,distilroberta-base,distilroberta-base,,1.0,9,41,48.0
masked,distilroberta-base,distilroberta-base,,1.0,9,42,48.0
masked,distilroberta-base,distilroberta-base,,1.0,9,43,48.0
masked,distilroberta-base,distilroberta-base,,1.0,9,44,48.0
masked,distilroberta-base,distilroberta-base,,1.0,9,45,48.0
masked,distilroberta-base,distilroberta-base,,1.0,9,46,48.0
masked,distilroberta-base,distilroberta-base,,1.0,9,47,48.0
masked,distilroberta-base,distilroberta-base,,1.0,9,48,48.0
masked,distilroberta-base,distilroberta-base,,1.0,9,49,48.0
masked,distilroberta-base,distilroberta-base,,1.0,9,50,48.0
masked,distilroberta-base,distilroberta-base,,1.0,9,51,48.0
masked,distilroberta-base,distilroberta-base,,1.0,9,52,48.0
masked,distilroberta-base,distilroberta-base,,1.0,9,53,48.0
masked,distilroberta-base,distilroberta-base,,1.0,9,54,48.0
masked,distilroberta-base,distilroberta-base,,1.0,9,55,48.0
masked,distilroberta-base,distilroberta-base,,1.0,9,56,48.0
masked,distilroberta-base,distilroberta-base,,1.0,9,57,48.0
masked,distilroberta-base,distilroberta-base,,1.0,9,58,48.0
masked,distilroberta-base,distilroberta-base,,1.0,9,59,48.0
masked,distilroberta-base,distilroberta-base,,1.0,9,60,48.0
masked,distilroberta-base,distilroberta-base,,1.0,9,61,48.0
masked,distilroberta-base,distilroberta-base,,1.0,9,62,48.0
masked,distilroberta-base,distilroberta-base,,1.0,9,63,48.0
masked,distilroberta-base,distilroberta-base,,1.0,9,64,48.0
masked,distilroberta-base,distilroberta-base,,1.0,9,65,48.0
masked,distilroberta-base,distilroberta-base,,1.0,9,66,48.0
masked,distilroberta-base,distilroberta-base,,1.0,9,67,48.0
masked,distilroberta-base,distilroberta-base,,1.0,9,68,48.0
masked,distilroberta-base,distilroberta-base,,1.0,9,69,48.0
masked,distilroberta-base,distilroberta-base,,1.0,9,70,48.0
masked,distilroberta-base,distilroberta-base,,1.0,9,71,48.0
masked,distilroberta-base,distilroberta-base,,1.0,9,72,48.0
masked,distilroberta-base,distilroberta-base,,1.0,9,73,48.0
masked,distilroberta-base,distilroberta-base,,1.0,9,74,48.0
masked,distilroberta-base,distilroberta-base,,1.0,9,75,48.0
masked,distilroberta-base,distilroberta-base,,1.0,9,76,48.0
masked,distilroberta-base,distilroberta-base,,1.0,9,77,48.0
masked,distilroberta-base,distilroberta-base,,1.0,9,78,48.0
masked,distilroberta-base,distilroberta-base,,1.0,9,79,48.0
masked,distilroberta-base,distilroberta-base,,1.0,9,80,48.0
masked,distilroberta-base,distilroberta-base,,1.0,9,81,48.0
masked,distilroberta-base,distilroberta-base,,1.0,9,82,48.0
masked,distilroberta-base,distilroberta-base,,1.0,9,83,48.0
masked,distilroberta-base,distilroberta-base,,1.0,9,84,48.0
masked,distilroberta-base,distilroberta-base,,1.0,9,85,48.0
masked,distilroberta-base,distilroberta-base,,1.0,9,86,48.0
masked,distilroberta-base,distilroberta-base,,1.0,9,87,48.0
masked,distilroberta-base,distilroberta-base,,1.0,9,88,48.0
masked,distilroberta-base,distilroberta-base,,1.0,9,89,48.0
masked,distilroberta-base,distilroberta-base,,1.0,9,90,48.0
masked,distilroberta-base,distilroberta-base,,1.0,9,91,48.0
masked,distilroberta-base,distilroberta-base,,1.0,9,92,48.0
masked,distilroberta-base,distilroberta-base,,1.0,9,93,48.0
masked,distilroberta-base,distilroberta-base,,1.0,9,94,48.0
masked,distilroberta-base,distilroberta-base,,1.0,9,95,48.0
masked,distilroberta-base,distilroberta-base,,1.0,9,96,48.0
masked,distilroberta-base,distilroberta-base,,1.0,9,97,48.0
masked,distilroberta-base,distilroberta-base,,1.0,9,98,48.0
masked,distilroberta-base,distilroberta-base,,1.0,9,99,48.0
masked,distilroberta-base,distilroberta-base,,1.0,9,100,48.0
masked,distilroberta-base,distilroberta-base,,1.0,9,101,48.0
masked,distilroberta-base,distilroberta-base,,1.0,9,102,48.0
masked,distilroberta-base,distilroberta-base,,1.0,9,103,48.0
masked,distilroberta-base,distilroberta-base,,1.0,9,104,48.0
masked,distilroberta-base,distilroberta-base,,1.0,9,105,48.0
masked,distilroberta-base,distilroberta-base,,1.0,9,106,48.0
masked,distilroberta-base,distilroberta-base,,1.0,9,107,48.0
masked,distilroberta-base,distilroberta-base,,1.0,9,108,48.0
masked,distilroberta-base,distilroberta-base,,1.0,9,109,48.0
masked,distilroberta-base,distilroberta-base,,1.0,9,110,48.0
masked,distilroberta-base,distilroberta-base,,1.0,9,111,48.0
masked,distilroberta-base,distilroberta-base,,1.0,9,112,48.0
masked,distilroberta-base,distilroberta-base,,1.0,9,113,48.0
masked,distilroberta-base,distilroberta-base,,1.0,9,114,48.0
masked,distilroberta-base,distilroberta-base,,1.0,9,115,48.0
masked,distilroberta-base,distilroberta-base,,1.0,9,116,48.0
masked,distilroberta-base,distilroberta-base,,1.0,9,117,48.0
masked,distilroberta-base,distilroberta-base,,1.0,9,118,48.0
masked,distilroberta-base,distilroberta-base,,1.0,9,119,48.0
masked,distilroberta-base,distilroberta-base,,1.0,9,120,48.0
masked,distilroberta-base,distilroberta-base,,1.0,10,0,1.0
masked,distilroberta-base,distilroberta-base,,1.0,10,1,7.0
masked,distilroberta-base,distilroberta-base,,1.0,10,2,16.0
masked,distilroberta-base,distilroberta-base,,1.0,10,3,24.0
masked,distilroberta-base,distilroberta-base,,1.0,10,4,33.0
masked,distilroberta-base,distilroberta-base,,1.0,10,5,38.0
masked,distilroberta-base,distilroberta-base,,1.0,10,6,39.0
masked,distilroberta-base,distilroberta-base,,1.0,10,7,42.0
masked,distilroberta-base,distilroberta-base,,1.0,10,8,42.0
masked,distilroberta-base,distilroberta-base,,1.0,10,9,44.0
masked,distilroberta-base,distilroberta-base,,1.0,10,10,44.0
masked,distilroberta-base,distilroberta-base,,1.0,10,11,45.0
masked,distilroberta-base,distilroberta-base,,1.0,10,12,45.0
masked,distilroberta-base,distilroberta-base,,1.0,10,13,43.0
masked,distilroberta-base,distilroberta-base,,1.0,10,14,43.0
masked,distilroberta-base,distilroberta-base,,1.0,10,15,46.0
masked,distilroberta-base,distilroberta-base,,1.0,10,16,43.0
masked,distilroberta-base,distilroberta-base,,1.0,10,17,46.0
masked,distilroberta-base,distilroberta-base,,1.0,10,18,45.0
masked,distilroberta-base,distilroberta-base,,1.0,10,19,47.0
masked,distilroberta-base,distilroberta-base,,1.0,10,20,45.0
masked,distilroberta-base,distilroberta-base,,1.0,10,21,47.0
masked,distilroberta-base,distilroberta-base,,1.0,10,22,45.0
masked,distilroberta-base,distilroberta-base,,1.0,10,23,48.0
masked,distilroberta-base,distilroberta-base,,1.0,10,24,43.0
masked,distilroberta-base,distilroberta-base,,1.0,10,25,46.0
masked,distilroberta-base,distilroberta-base,,1.0,10,26,45.0
masked,distilroberta-base,distilroberta-base,,1.0,10,27,48.0
masked,distilroberta-base,distilroberta-base,,1.0,10,28,47.0
masked,distilroberta-base,distilroberta-base,,1.0,10,29,48.0
masked,distilroberta-base,distilroberta-base,,1.0,10,30,48.0
masked,distilroberta-base,distilroberta-base,,1.0,10,31,48.0
masked,distilroberta-base,distilroberta-base,,1.0,10,32,48.0
masked,distilroberta-base,distilroberta-base,,1.0,10,33,48.0
masked,distilroberta-base,distilroberta-base,,1.0,10,34,48.0
masked,distilroberta-base,distilroberta-base,,1.0,10,35,48.0
masked,distilroberta-base,distilroberta-base,,1.0,10,36,48.0
masked,distilroberta-base,distilroberta-base,,1.0,10,37,48.0
masked,distilroberta-base,distilroberta-base,,1.0,10,38,48.0
masked,distilroberta-base,distilroberta-base,,1.0,10,39,48.0
masked,distilroberta-base,distilroberta-base,,1.0,10,40,48.0
masked,distilroberta-base,distilroberta-base,,1.0,10,41,48.0
masked,distilroberta-base,distilroberta-base,,1.0,10,42,48.0
masked,distilroberta-base,distilroberta-base,,1.0,10,43,48.0
masked,distilroberta-base,distilroberta-base,,1.0,10,44,48.0
masked,distilroberta-base,distilroberta-base,,1.0,10,45,48.0
masked,distilroberta-base,distilroberta-base,,1.0,10,46,48.0
masked,distilroberta-base,distilroberta-base,,1.0,10,47,48.0
masked,distilroberta-base,distilroberta-base,,1.0,10,48,48.0
masked,distilroberta-base,distilroberta-base,,1.0,10,49,48.0
masked,distilroberta-base,distilroberta-base,,1.0,10,50,48.0
masked,distilroberta-base,distilroberta-base,,1.0,10,51,48.0
masked,distilroberta-base,distilroberta-base,,1.0,10,52,48.0
masked,distilroberta-base,distilroberta-base,,1.0,10,53,48.0
masked,distilroberta-base,distilroberta-base,,1.0,10,54,48.0
masked,distilroberta-base,distilroberta-base,,1.0,10,55,48.0
masked,distilroberta-base,distilroberta-base,,1.0,10,56,48.0
masked,distilroberta-base,distilroberta-base,,1.0,10,57,48.0
masked,distilroberta-base,distilroberta-base,,1.0,10,58,48.0
masked,distilroberta-base,distilroberta-base,,1.0,10,59,48.0
masked,distilroberta-base,distilroberta-base,,1.0,10,60,48.0
masked,distilroberta-base,distilroberta-base,,1.0,10,61,48.0
masked,distilroberta-base,distilroberta-base,,1.0,10,62,48.0
masked,distilroberta-base,distilroberta-base,,1.0,10,63,48.0
masked,distilroberta-base,distilroberta-base,,1.0,10,64,48.0
masked,distilroberta-base,distilroberta-base,,1.0,10,65,48.0
masked,distilroberta-base,distilroberta-base,,1.0,10,66,48.0
masked,distilroberta-base,distilroberta-base,,1.0,10,67,48.0
masked,distilroberta-base,distilroberta-base,,1.0,10,68,48.0
masked,distilroberta-base,distilroberta-base,,1.0,10,69,48.0
masked,distilroberta-base,distilroberta-base,,1.0,10,70,48.0
masked,distilroberta-base,distilroberta-base,,1.0,10,71,48.0
masked,distilroberta-base,distilroberta-base,,1.0,10,72,48.0
masked,distilroberta-base,distilroberta-base,,1.0,10,73,48.0
masked,distilroberta-base,distilroberta-base,,1.0,10,74,48.0
masked,distilroberta-base,distilroberta-base,,1.0,10,75,48.0
masked,distilroberta-base,distilroberta-base,,1.0,10,76,48.0
masked,distilroberta-base,distilroberta-base,,1.0,10,77,48.0
masked,distilroberta-base,distilroberta-base,,1.0,10,78,48.0
masked,distilroberta-base,distilroberta-base,,1.0,10,79,48.0
masked,distilroberta-base,distilroberta-base,,1.0,10,80,48.0
masked,distilroberta-base,distilroberta-base,,1.0,10,81,48.0
masked,distilroberta-base,distilroberta-base,,1.0,10,82,48.0
masked,distilroberta-base,distilroberta-base,,1.0,10,83,48.0
masked,distilroberta-base,distilroberta-base,,1.0,10,84,48.0
masked,distilroberta-base,distilroberta-base,,1.0,10,85,48.0
masked,distilroberta-base,distilroberta-base,,1.0,10,86,48.0
masked,distilroberta-base,distilroberta-base,,1.0,10,87,48.0
masked,distilroberta-base,distilroberta-base,,1.0,10,88,48.0
masked,distilroberta-base,distilroberta-base,,1.0,10,89,48.0
masked,distilroberta-base,distilroberta-base,,1.0,10,90,48.0
masked,distilroberta-base,distilroberta-base,,1.0,10,91,48.0
masked,distilroberta-base,distilroberta-base,,1.0,10,92,48.0
masked,distilroberta-base,distilroberta-base,,1.0,10,93,48.0
masked,distilroberta-base,distilroberta-base,,1.0,10,94,48.0
masked,distilroberta-base,distilroberta-base,,1.0,10,95,48.0
masked,distilroberta-base,distilroberta-base,,1.0,10,96,48.0
masked,distilroberta-base,distilroberta-base,,1.0,10,97,48.0
masked,distilroberta-base,distilroberta-base,,1.0,10,98,48.0
masked,distilroberta-base,distilroberta-base,,1.0,10,99,48.0
masked,distilroberta-base,distilroberta-base,,1.0,10,100,48.0
masked,distilroberta-base,distilroberta-base,,1.0,10,101,48.0
masked,distilroberta-base,distilroberta-base,,1.0,10,102,48.0
masked,distilroberta-base,distilroberta-base,,1.0,10,103,48.0
masked,distilroberta-base,distilroberta-base,,1.0,10,104,48.0
masked,distilroberta-base,distilroberta-base,,1.0,10,105,48.0
masked,distilroberta-base,distilroberta-base,,1.0,10,106,48.0
masked,distilroberta-base,distilroberta-base,,1.0,10,107,48.0
masked,distilroberta-base,distilroberta-base,,1.0,10,108,48.0
masked,distilroberta-base,distilroberta-base,,1.0,10,109,48.0
masked,distilroberta-base,distilroberta-base,,1.0,10,110,48.0
masked,distilroberta-base,distilroberta-base,,1.0,10,111,48.0
masked,distilroberta-base,distilroberta-base,,1.0,10,112,48.0
masked,distilroberta-base,distilroberta-base,,1.0,10,113,48.0
masked,distilroberta-base,distilroberta-base,,1.0,10,114,48.0
masked,distilroberta-base,distilroberta-base,,1.0,10,115,48.0
masked,distilroberta-base,distilroberta-base,,1.0,10,116,48.0
masked,distilroberta-base,distilroberta-base,,1.0,10,117,48.0
masked,distilroberta-base,distilroberta-base,,1.0,10,118,48.0
masked,distilroberta-base,distilroberta-base,,1.0,10,119,48.0
masked,distilroberta-base,distilroberta-base,,1.0,10,120,48.0
masked,distilroberta-base,distilroberta-base,,1.0,11,0,1.0
masked,distilroberta-base,distilroberta-base,,1.0,11,1,7.0
masked,distilroberta-base,distilroberta-base,,1.0,11,2,19.0
masked,distilroberta-base,distilroberta-base,,1.0,11,3,30.0
masked,distilroberta-base,distilroberta-base,,1.0,11,4,41.0
masked,distilroberta-base,distilroberta-base,,1.0,11,5,40.0
masked,distilroberta-base,distilroberta-base,,1.0,11,6,43.0
masked,distilroberta-base,distilroberta-base,,1.0,11,7,41.0
masked,distilroberta-base,distilroberta-base,,1.0,11,8,39.0
masked,distilroberta-base,distilroberta-base,,1.0,11,9,46.0
masked,distilroberta-base,distilroberta-base,,1.0,11,10,46.0
masked,distilroberta-base,distilroberta-base,,1.0,11,11,47.0
masked,distilroberta-base,distilroberta-base,,1.0,11,12,48.0
masked,distilroberta-base,distilroberta-base,,1.0,11,13,48.0
masked,distilroberta-base,distilroberta-base,,1.0,11,14,48.0
masked,distilroberta-base,distilroberta-base,,1.0,11,15,48.0
masked,distilroberta-base,distilroberta-base,,1.0,11,16,47.0
masked,distilroberta-base,distilroberta-base,,1.0,11,17,48.0
masked,distilroberta-base,distilroberta-base,,1.0,11,18,48.0
masked,distilroberta-base,distilroberta-base,,1.0,11,19,48.0
masked,distilroberta-base,distilroberta-base,,1.0,11,20,48.0
masked,distilroberta-base,distilroberta-base,,1.0,11,21,48.0
masked,distilroberta-base,distilroberta-base,,1.0,11,22,48.0
masked,distilroberta-base,distilroberta-base,,1.0,11,23,48.0
masked,distilroberta-base,distilroberta-base,,1.0,11,24,48.0
masked,distilroberta-base,distilroberta-base,,1.0,11,25,48.0
masked,distilroberta-base,distilroberta-base,,1.0,11,26,48.0
masked,distilroberta-base,distilroberta-base,,1.0,11,27,48.0
masked,distilroberta-base,distilroberta-base,,1.0,11,28,48.0
masked,distilroberta-base,distilroberta-base,,1.0,11,29,48.0
masked,distilroberta-base,distilroberta-base,,1.0,11,30,48.0
masked,distilroberta-base,distilroberta-base,,1.0,11,31,48.0
masked,distilroberta-base,distilroberta-base,,1.0,11,32,48.0
masked,distilroberta-base,distilroberta-base,,1.0,11,33,48.0
masked,distilroberta-base,distilroberta-base,,1.0,11,34,48.0
masked,distilroberta-base,distilroberta-base,,1.0,11,35,48.0
masked,distilroberta-base,distilroberta-base,,1.0,11,36,48.0
masked,distilroberta-base,distilroberta-base,,1.0,11,37,48.0
masked,distilroberta-base,distilroberta-base,,1.0,11,38,48.0
masked,distilroberta-base,distilroberta-base,,1.0,11,39,48.0
masked,distilroberta-base,distilroberta-base,,1.0,11,40,48.0
masked,distilroberta-base,distilroberta-base,,1.0,11,41,48.0
masked,distilroberta-base,distilroberta-base,,1.0,11,42,48.0
masked,distilroberta-base,distilroberta-base,,1.0,11,43,48.0
masked,distilroberta-base,distilroberta-base,,1.0,11,44,48.0
masked,distilroberta-base,distilroberta-base,,1.0,11,45,48.0
masked,distilroberta-base,distilroberta-base,,1.0,11,46,48.0
masked,distilroberta-base,distilroberta-base,,1.0,11,47,48.0
masked,distilroberta-base,distilroberta-base,,1.0,11,48,48.0
masked,distilroberta-base,distilroberta-base,,1.0,11,49,48.0
masked,distilroberta-base,distilroberta-base,,1.0,11,50,48.0
masked,distilroberta-base,distilroberta-base,,1.0,11,51,48.0
masked,distilroberta-base,distilroberta-base,,1.0,11,52,48.0
masked,distilroberta-base,distilroberta-base,,1.0,11,53,48.0
masked,distilroberta-base,distilroberta-base,,1.0,11,54,48.0
masked,distilroberta-base,distilroberta-base,,1.0,11,55,48.0
masked,distilroberta-base,distilroberta-base,,1.0,11,56,48.0
masked,distilroberta-base,distilroberta-base,,1.0,11,57,48.0
masked,distilroberta-base,distilroberta-base,,1.0,11,58,48.0
masked,distilroberta-base,distilroberta-base,,1.0,11,59,48.0
masked,distilroberta-base,distilroberta-base,,1.0,11,60,48.0
masked,distilroberta-base,distilroberta-base,,1.0,11,61,48.0
masked,distilroberta-base,distilroberta-base,,1.0,11,62,48.0
masked,distilroberta-base,distilroberta-base,,1.0,11,63,48.0
masked,distilroberta-base,distilroberta-base,,1.0,11,64,48.0
masked,distilroberta-base,distilroberta-base,,1.0,11,65,48.0
masked,distilroberta-base,distilroberta-base,,1.0,11,66,48.0
masked,distilroberta-base,distilroberta-base,,1.0,11,67,48.0
masked,distilroberta-base,distilroberta-base,,1.0,11,68,48.0
masked,distilroberta-base,distilroberta-base,,1.0,11,69,48.0
masked,distilroberta-base,distilroberta-base,,1.0,11,70,48.0
masked,distilroberta-base,distilroberta-base,,1.0,11,71,48.0
masked,distilroberta-base,distilroberta-base,,1.0,11,72,48.0
masked,distilroberta-base,distilroberta-base,,1.0,11,73,48.0
masked,distilroberta-base,distilroberta-base,,1.0,11,74,48.0
masked,distilroberta-base,distilroberta-base,,1.0,11,75,48.0
masked,distilroberta-base,distilroberta-base,,1.0,11,76,48.0
masked,distilroberta-base,distilroberta-base,,1.0,11,77,48.0
masked,distilroberta-base,distilroberta-base,,1.0,11,78,48.0
masked,distilroberta-base,distilroberta-base,,1.0,11,79,48.0
masked,distilroberta-base,distilroberta-base,,1.0,11,80,48.0
masked,distilroberta-base,distilroberta-base,,1.0,11,81,48.0
masked,distilroberta-base,distilroberta-base,,1.0,11,82,48.0
masked,distilroberta-base,distilroberta-base,,1.0,11,83,48.0
masked,distilroberta-base,distilroberta-base,,1.0,11,84,48.0
masked,distilroberta-base,distilroberta-base,,1.0,11,85,48.0
masked,distilroberta-base,distilroberta-base,,1.0,11,86,48.0
masked,distilroberta-base,distilroberta-base,,1.0,11,87,48.0
masked,distilroberta-base,distilroberta-base,,1.0,11,88,48.0
masked,distilroberta-base,distilroberta-base,,1.0,11,89,48.0
masked,distilroberta-base,distilroberta-base,,1.0,11,90,48.0
masked,distilroberta-base,distilroberta-base,,1.0,11,91,48.0
masked,distilroberta-base,distilroberta-base,,1.0,11,92,48.0
masked,distilroberta-base,distilroberta-base,,1.0,11,93,48.0
masked,distilroberta-base,distilroberta-base,,1.0,11,94,48.0
masked,distilroberta-base,distilroberta-base,,1.0,11,95,48.0
masked,distilroberta-base,distilroberta-base,,1.0,11,96,48.0
masked,distilroberta-base,distilroberta-base,,1.0,11,97,48.0
masked,distilroberta-base,distilroberta-base,,1.0,11,98,48.0
masked,distilroberta-base,distilroberta-base,,1.0,11,99,48.0
masked,distilroberta-base,distilroberta-base,,1.0,11,100,48.0
masked,distilroberta-base,distilroberta-base,,1.0,11,101,48.0
masked,distilroberta-base,distilroberta-base,,1.0,11,102,48.0
masked,distilroberta-base,distilroberta-base,,1.0,11,103,48.0
masked,distilroberta-base,distilroberta-base,,1.0,11,104,48.0
masked,distilroberta-base,distilroberta-base,,1.0,11,105,48.0
masked,distilroberta-base,distilroberta-base,,1.0,11,106,48.0
masked,distilroberta-base,distilroberta-base,,1.0,11,107,48.0
masked,distilroberta-base,distilroberta-base,,1.0,11,108,48.0
masked,distilroberta-base,distilroberta-base,,1.0,11,109,48.0
masked,distilroberta-base,distilroberta-base,,1.0,11,110,48.0
masked,distilroberta-base,distilroberta-base,,1.0,11,111,48.0
masked,distilroberta-base,distilroberta-base,,1.0,11,112,48.0
masked,distilroberta-base,distilroberta-base,,1.0,11,113,48.0
masked,distilroberta-base,distilroberta-base,,1.0,11,114,48.0
masked,distilroberta-base,distilroberta-base,,1.0,11,115,48.0
masked,distilroberta-base,distilroberta-base,,1.0,11,116,48.0
masked,distilroberta-base,distilroberta-base,,1.0,11,117,48.0
masked,distilroberta-base,distilroberta-base,,1.0,11,118,48.0
masked,distilroberta-base,distilroberta-base,,1.0,11,119,48.0
masked,distilroberta-base,distilroberta-base,,1.0,11,120,48.0
masked,distilroberta-base,distilroberta-base,,1.0,12,0,1.0
masked,distilroberta-base,distilroberta-base,,1.0,12,1,14.0
masked,distilroberta-base,distilroberta-base,,1.0,12,2,26.0
masked,distilroberta-base,distilroberta-base,,1.0,12,3,34.0
masked,distilroberta-base,distilroberta-base,,1.0,12,4,43.0
masked,distilroberta-base,distilroberta-base,,1.0,12,5,48.0
masked,distilroberta-base,distilroberta-base,,1.0,12,6,48.0
masked,distilroberta-base,distilroberta-base,,1.0,12,7,48.0
masked,distilroberta-base,distilroberta-base,,1.0,12,8,48.0
masked,distilroberta-base,distilroberta-base,,1.0,12,9,48.0
masked,distilroberta-base,distilroberta-base,,1.0,12,10,48.0
masked,distilroberta-base,distilroberta-base,,1.0,12,11,48.0
masked,distilroberta-base,distilroberta-base,,1.0,12,12,48.0
masked,distilroberta-base,distilroberta-base,,1.0,12,13,48.0
masked,distilroberta-base,distilroberta-base,,1.0,12,14,48.0
masked,distilroberta-base,distilroberta-base,,1.0,12,15,48.0
masked,distilroberta-base,distilroberta-base,,1.0,12,16,48.0
masked,distilroberta-base,distilroberta-base,,1.0,12,17,48.0
masked,distilroberta-base,distilroberta-base,,1.0,12,18,48.0
masked,distilroberta-base,distilroberta-base,,1.0,12,19,48.0
masked,distilroberta-base,distilroberta-base,,1.0,12,20,48.0
masked,distilroberta-base,distilroberta-base,,1.0,12,21,48.0
masked,distilroberta-base,distilroberta-base,,1.0,12,22,48.0
masked,distilroberta-base,distilroberta-base,,1.0,12,23,48.0
masked,distilroberta-base,distilroberta-base,,1.0,12,24,48.0
masked,distilroberta-base,distilroberta-base,,1.0,12,25,48.0
masked,distilroberta-base,distilroberta-base,,1.0,12,26,48.0
masked,distilroberta-base,distilroberta-base,,1.0,12,27,48.0
masked,distilroberta-base,distilroberta-base,,1.0,12,28,48.0
masked,distilroberta-base,distilroberta-base,,1.0,12,29,48.0
masked,distilroberta-base,distilroberta-base,,1.0,12,30,48.0
masked,distilroberta-base,distilroberta-base,,1.0,12,31,48.0
masked,distilroberta-base,distilroberta-base,,1.0,12,32,48.0
masked,distilroberta-base,distilroberta-base,,1.0,12,33,48.0
masked,distilroberta-base,distilroberta-base,,1.0,12,34,48.0
masked,distilroberta-base,distilroberta-base,,1.0,12,35,48.0
masked,distilroberta-base,distilroberta-base,,1.0,12,36,48.0
masked,distilroberta-base,distilroberta-base,,1.0,12,37,48.0
masked,distilroberta-base,distilroberta-base,,1.0,12,38,48.0
masked,distilroberta-base,distilroberta-base,,1.0,12,39,48.0
masked,distilroberta-base,distilroberta-base,,1.0,12,40,48.0
masked,distilroberta-base,distilroberta-base,,1.0,12,41,48.0
masked,distilroberta-base,distilroberta-base,,1.0,12,42,48.0
masked,distilroberta-base,distilroberta-base,,1.0,12,43,48.0
masked,distilroberta-base,distilroberta-base,,1.0,12,44,48.0
masked,distilroberta-base,distilroberta-base,,1.0,12,45,48.0
masked,distilroberta-base,distilroberta-base,,1.0,12,46,48.0
masked,distilroberta-base,distilroberta-base,,1.0,12,47,48.0
masked,distilroberta-base,distilroberta-base,,1.0,12,48,48.0
masked,distilroberta-base,distilroberta-base,,1.0,12,49,48.0
masked,distilroberta-base,distilroberta-base,,1.0,12,50,48.0
masked,distilroberta-base,distilroberta-base,,1.0,12,51,48.0
masked,distilroberta-base,distilroberta-base,,1.0,12,52,48.0
masked,distilroberta-base,distilroberta-base,,1.0,12,53,48.0
masked,distilroberta-base,distilroberta-base,,1.0,12,54,48.0
masked,distilroberta-base,distilroberta-base,,1.0,12,55,48.0
masked,distilroberta-base,distilroberta-base,,1.0,12,56,48.0
masked,distilroberta-base,distilroberta-base,,1.0,12,57,48.0
masked,distilroberta-base,distilroberta-base,,1.0,12,58,48.0
masked,distilroberta-base,distilroberta-base,,1.0,12,59,48.0
masked,distilroberta-base,distilroberta-base,,1.0,12,60,48.0
masked,distilroberta-base,distilroberta-base,,1.0,12,61,48.0
masked,distilroberta-base,distilroberta-base,,1.0,12,62,48.0
masked,distilroberta-base,distilroberta-base,,1.0,12,63,48.0
masked,distilroberta-base,distilroberta-base,,1.0,12,64,48.0
masked,distilroberta-base,distilroberta-base,,1.0,12,65,48.0
masked,distilroberta-base,distilroberta-base,,1.0,12,66,48.0
masked,distilroberta-base,distilroberta-base,,1.0,12,67,48.0
masked,distilroberta-base,distilroberta-base,,1.0,12,68,48.0
masked,distilroberta-base,distilroberta-base,,1.0,12,69,48.0
masked,distilroberta-base,distilroberta-base,,1.0,12,70,48.0
masked,distilroberta-base,distilroberta-base,,1.0,12,71,48.0
masked,distilroberta-base,distilroberta-base,,1.0,12,72,48.0
masked,distilroberta-base,distilroberta-base,,1.0,12,73,48.0
masked,distilroberta-base,distilroberta-base,,1.0,12,74,48.0
masked,distilroberta-base,distilroberta-base,,1.0,12,75,48.0
masked,distilroberta-base,distilroberta-base,,1.0,12,76,48.0
masked,distilroberta-base,distilroberta-base,,1.0,12,77,48.0
masked,distilroberta-base,distilroberta-base,,1.0,12,78,48.0
masked,distilroberta-base,distilroberta-base,,1.0,12,79,48.0
masked,distilroberta-base,distilroberta-base,,1.0,12,80,48.0
masked,distilroberta-base,distilroberta-base,,1.0,12,81,48.0
masked,distilroberta-base,distilroberta-base,,1.0,12,82,48.0
masked,distilroberta-base,distilroberta-base,,1.0,12,83,48.0
masked,distilroberta-base,distilroberta-base,,1.0,12,84,48.0
masked,distilroberta-base,distilroberta-base,,1.0,12,85,48.0
masked,distilroberta-base,distilroberta-base,,1.0,12,86,48.0
masked,distilroberta-base,distilroberta-base,,1.0,12,87,48.0
masked,distilroberta-base,distilroberta-base,,1.0,12,88,48.0
masked,distilroberta-base,distilroberta-base,,1.0,12,89,48.0
masked,distilroberta-base,distilroberta-base,,1.0,12,90,48.0
masked,distilroberta-base,distilroberta-base,,1.0,12,91,48.0
masked,distilroberta-base,distilroberta-base,,1.0,12,92,48.0
masked,distilroberta-base,distilroberta-base,,1.0,12,93,48.0
masked,distilroberta-base,distilroberta-base,,1.0,12,94,48.0
masked,distilroberta-base,distilroberta-base,,1.0,12,95,48.0
masked,distilroberta-base,distilroberta-base,,1.0,12,96,48.0
masked,distilroberta-base,distilroberta-base,,1.0,12,97,48.0
masked,distilroberta-base,distilroberta-base,,1.0,12,98,48.0
masked,distilroberta-base,distilroberta-base,,1.0,12,99,48.0
masked,distilroberta-base,distilroberta-base,,1.0,12,100,48.0
masked,distilroberta-base,distilroberta-base,,1.0,12,101,48.0
masked,distilroberta-base,distilroberta-base,,1.0,12,102,48.0
masked,distilroberta-base,distilroberta-base,,1.0,12,103,48.0
masked,distilroberta-base,distilroberta-base,,1.0,12,104,48.0
masked,distilroberta-base,distilroberta-base,,1.0,12,105,48.0
masked,distilroberta-base,distilroberta-base,,1.0,12,106,48.0
masked,distilroberta-base,distilroberta-base,,1.0,12,107,48.0
masked,distilroberta-base,distilroberta-base,,1.0,12,108,48.0
masked,distilroberta-base,distilroberta-base,,1.0,12,109,48.0
masked,distilroberta-base,distilroberta-base,,1.0,12,110,48.0
masked,distilroberta-base,distilroberta-base,,1.0,12,111,48.0
masked,distilroberta-base,distilroberta-base,,1.0,12,112,48.0
masked,distilroberta-base,distilroberta-base,,1.0,12,113,48.0
masked,distilroberta-base,distilroberta-base,,1.0,12,114,48.0
masked,distilroberta-base,distilroberta-base,,1.0,12,115,48.0
masked,distilroberta-base,distilroberta-base,,1.0,12,116,48.0
masked,distilroberta-base,distilroberta-base,,1.0,12,117,48.0
masked,distilroberta-base,distilroberta-base,,1.0,12,118,48.0
masked,distilroberta-base,distilroberta-base,,1.0,12,119,48.0
masked,distilroberta-base,distilroberta-base,,1.0,12,120,48.0
masked,distilroberta-base,distilroberta-base,,1.0,13,0,1.0
masked,distilroberta-base,distilroberta-base,,1.0,13,1,7.0
masked,distilroberta-base,distilroberta-base,,1.0,13,2,18.0
masked,distilroberta-base,distilroberta-base,,1.0,13,3,30.0
masked,distilroberta-base,distilroberta-base,,1.0,13,4,38.0
masked,distilroberta-base,distilroberta-base,,1.0,13,5,41.0
masked,distilroberta-base,distilroberta-base,,1.0,13,6,34.0
masked,distilroberta-base,distilroberta-base,,1.0,13,7,42.0
masked,distilroberta-base,distilroberta-base,,1.0,13,8,38.0
masked,distilroberta-base,distilroberta-base,,1.0,13,9,39.0
masked,distilroberta-base,distilroberta-base,,1.0,13,10,41.0
masked,distilroberta-base,distilroberta-base,,1.0,13,11,42.0
masked,distilroberta-base,distilroberta-base,,1.0,13,12,43.0
masked,distilroberta-base,distilroberta-base,,1.0,13,13,45.0
masked,distilroberta-base,distilroberta-base,,1.0,13,14,46.0
masked,distilroberta-base,distilroberta-base,,1.0,13,15,47.0
masked,distilroberta-base,distilroberta-base,,1.0,13,16,47.0
masked,distilroberta-base,distilroberta-base,,1.0,13,17,48.0
masked,distilroberta-base,distilroberta-base,,1.0,13,18,47.0
masked,distilroberta-base,distilroberta-base,,1.0,13,19,48.0
masked,distilroberta-base,distilroberta-base,,1.0,13,20,48.0
masked,distilroberta-base,distilroberta-base,,1.0,13,21,48.0
masked,distilroberta-base,distilroberta-base,,1.0,13,22,48.0
masked,distilroberta-base,distilroberta-base,,1.0,13,23,48.0
masked,distilroberta-base,distilroberta-base,,1.0,13,24,48.0
masked,distilroberta-base,distilroberta-base,,1.0,13,25,48.0
masked,distilroberta-base,distilroberta-base,,1.0,13,26,48.0
masked,distilroberta-base,distilroberta-base,,1.0,13,27,48.0
masked,distilroberta-base,distilroberta-base,,1.0,13,28,48.0
masked,distilroberta-base,distilroberta-base,,1.0,13,29,48.0
masked,distilroberta-base,distilroberta-base,,1.0,13,30,48.0
masked,distilroberta-base,distilroberta-base,,1.0,13,31,48.0
masked,distilroberta-base,distilroberta-base,,1.0,13,32,48.0
masked,distilroberta-base,distilroberta-base,,1.0,13,33,48.0
masked,distilroberta-base,distilroberta-base,,1.0,13,34,48.0
masked,distilroberta-base,distilroberta-base,,1.0,13,35,48.0
masked,distilroberta-base,distilroberta-base,,1.0,13,36,48.0
masked,distilroberta-base,distilroberta-base,,1.0,13,37,48.0
masked,distilroberta-base,distilroberta-base,,1.0,13,38,48.0
masked,distilroberta-base,distilroberta-base,,1.0,13,39,48.0
masked,distilroberta-base,distilroberta-base,,1.0,13,40,48.0
masked,distilroberta-base,distilroberta-base,,1.0,13,41,48.0
masked,distilroberta-base,distilroberta-base,,1.0,13,42,48.0
masked,distilroberta-base,distilroberta-base,,1.0,13,43,48.0
masked,distilroberta-base,distilroberta-base,,1.0,13,44,48.0
masked,distilroberta-base,distilroberta-base,,1.0,13,45,48.0
masked,distilroberta-base,distilroberta-base,,1.0,13,46,48.0
masked,distilroberta-base,distilroberta-base,,1.0,13,47,48.0
masked,distilroberta-base,distilroberta-base,,1.0,13,48,48.0
masked,distilroberta-base,distilroberta-base,,1.0,13,49,48.0
masked,distilroberta-base,distilroberta-base,,1.0,13,50,48.0
masked,distilroberta-base,distilroberta-base,,1.0,13,51,48.0
masked,distilroberta-base,distilroberta-base,,1.0,13,52,48.0
masked,distilroberta-base,distilroberta-base,,1.0,13,53,48.0
masked,distilroberta-base,distilroberta-base,,1.0,13,54,48.0
masked,distilroberta-base,distilroberta-base,,1.0,13,55,48.0
masked,distilroberta-base,distilroberta-base,,1.0,13,56,48.0
masked,distilroberta-base,distilroberta-base,,1.0,13,57,48.0
masked,distilroberta-base,distilroberta-base,,1.0,13,58,48.0
masked,distilroberta-base,distilroberta-base,,1.0,13,59,48.0
masked,distilroberta-base,distilroberta-base,,1.0,13,60,48.0
masked,distilroberta-base,distilroberta-base,,1.0,13,61,48.0
masked,distilroberta-base,distilroberta-base,,1.0,13,62,48.0
masked,distilroberta-base,distilroberta-base,,1.0,13,63,48.0
masked,distilroberta-base,distilroberta-base,,1.0,13,64,48.0
masked,distilroberta-base,distilroberta-base,,1.0,13,65,48.0
masked,distilroberta-base,distilroberta-base,,1.0,13,66,48.0
masked,distilroberta-base,distilroberta-base,,1.0,13,67,48.0
masked,distilroberta-base,distilroberta-base,,1.0,13,68,48.0
masked,distilroberta-base,distilroberta-base,,1.0,13,69,48.0
masked,distilroberta-base,distilroberta-base,,1.0,13,70,48.0
masked,distilroberta-base,distilroberta-base,,1.0,13,71,48.0
masked,distilroberta-base,distilroberta-base,,1.0,13,72,48.0
masked,distilroberta-base,distilroberta-base,,1.0,13,73,48.0
masked,distilroberta-base,distilroberta-base,,1.0,13,74,48.0
masked,distilroberta-base,distilroberta-base,,1.0,13,75,48.0
masked,distilroberta-base,distilroberta-base,,1.0,13,76,48.0
masked,distilroberta-base,distilroberta-base,,1.0,13,77,48.0
masked,distilroberta-base,distilroberta-base,,1.0,13,78,48.0
masked,distilroberta-base,distilroberta-base,,1.0,13,79,48.0
masked,distilroberta-base,distilroberta-base,,1.0,13,80,48.0
masked,distilroberta-base,distilroberta-base,,1.0,13,81,48.0
masked,distilroberta-base,distilroberta-base,,1.0,13,82,48.0
masked,distilroberta-base,distilroberta-base,,1.0,13,83,48.0
masked,distilroberta-base,distilroberta-base,,1.0,13,84,48.0
masked,distilroberta-base,distilroberta-base,,1.0,13,85,48.0
masked,distilroberta-base,distilroberta-base,,1.0,13,86,48.0
masked,distilroberta-base,distilroberta-base,,1.0,13,87,48.0
masked,distilroberta-base,distilroberta-base,,1.0,13,88,48.0
masked,distilroberta-base,distilroberta-base,,1.0,13,89,48.0
masked,distilroberta-base,distilroberta-base,,1.0,13,90,48.0
masked,distilroberta-base,distilroberta-base,,1.0,13,91,48.0
masked,distilroberta-base,distilroberta-base,,1.0,13,92,48.0
masked,distilroberta-base,distilroberta-base,,1.0,13,93,48.0
masked,distilroberta-base,distilroberta-base,,1.0,13,94,48.0
masked,distilroberta-base,distilroberta-base,,1.0,13,95,48.0
masked,distilroberta-base,distilroberta-base,,1.0,13,96,48.0
masked,distilroberta-base,distilroberta-base,,1.0,13,97,48.0
masked,distilroberta-base,distilroberta-base,,1.0,13,98,48.0
masked,distilroberta-base,distilroberta-base,,1.0,13,99,48.0
masked,distilroberta-base,distilroberta-base,,1.0,13,100,48.0
masked,distilroberta-base,distilroberta-base,,1.0,13,101,48.0
masked,distilroberta-base,distilroberta-base,,1.0,13,102,48.0
masked,distilroberta-base,distilroberta-base,,1.0,13,103,48.0
masked,distilroberta-base,distilroberta-base,,1.0,13,104,48.0
masked,distilroberta-base,distilroberta-base,,1.0,13,105,48.0
masked,distilroberta-base,distilroberta-base,,1.0,13,106,48.0
masked,distilroberta-base,distilroberta-base,,1.0,13,107,48.0
masked,distilroberta-base,distilroberta-base,,1.0,13,108,48.0
masked,distilroberta-base,distilroberta-base,,1.0,13,109,48.0
masked,distilroberta-base,distilroberta-base,,1.0,13,110,48.0
masked,distilroberta-base,distilroberta-base,,1.0,13,111,48.0
masked,distilroberta-base,distilroberta-base,,1.0,13,112,48.0
masked,distilroberta-base,distilroberta-base,,1.0,13,113,48.0
masked,distilroberta-base,distilroberta-base,,1.0,13,114,48.0
masked,distilroberta-base,distilroberta-base,,1.0,13,115,48.0
masked,distilroberta-base,distilroberta-base,,1.0,13,116,48.0
masked,distilroberta-base,distilroberta-base,,1.0,13,117,48.0
masked,distilroberta-base,distilroberta-base,,1.0,13,118,48.0
masked,distilroberta-base,distilroberta-base,,1.0,13,119,48.0
masked,distilroberta-base,distilroberta-base,,1.0,13,120,48.0
masked,distilroberta-base,distilroberta-base,,1.0,14,0,1.0
masked,distilroberta-base,distilroberta-base,,1.0,14,1,7.0
masked,distilroberta-base,distilroberta-base,,1.0,14,2,23.0
masked,distilroberta-base,distilroberta-base,,1.0,14,3,28.0
masked,distilroberta-base,distilroberta-base,,1.0,14,4,34.0
masked,distilroberta-base,distilroberta-base,,1.0,14,5,42.0
masked,distilroberta-base,distilroberta-base,,1.0,14,6,45.0
masked,distilroberta-base,distilroberta-base,,1.0,14,7,47.0
masked,distilroberta-base,distilroberta-base,,1.0,14,8,48.0
masked,distilroberta-base,distilroberta-base,,1.0,14,9,48.0
masked,distilroberta-base,distilroberta-base,,1.0,14,10,48.0
masked,distilroberta-base,distilroberta-base,,1.0,14,11,48.0
masked,distilroberta-base,distilroberta-base,,1.0,14,12,48.0
masked,distilroberta-base,distilroberta-base,,1.0,14,13,48.0
masked,distilroberta-base,distilroberta-base,,1.0,14,14,48.0
masked,distilroberta-base,distilroberta-base,,1.0,14,15,48.0
masked,distilroberta-base,distilroberta-base,,1.0,14,16,48.0
masked,distilroberta-base,distilroberta-base,,1.0,14,17,48.0
masked,distilroberta-base,distilroberta-base,,1.0,14,18,48.0
masked,distilroberta-base,distilroberta-base,,1.0,14,19,48.0
masked,distilroberta-base,distilroberta-base,,1.0,14,20,48.0
masked,distilroberta-base,distilroberta-base,,1.0,14,21,48.0
masked,distilroberta-base,distilroberta-base,,1.0,14,22,48.0
masked,distilroberta-base,distilroberta-base,,1.0,14,23,48.0
masked,distilroberta-base,distilroberta-base,,1.0,14,24,48.0
masked,distilroberta-base,distilroberta-base,,1.0,14,25,48.0
masked,distilroberta-base,distilroberta-base,,1.0,14,26,48.0
masked,distilroberta-base,distilroberta-base,,1.0,14,27,48.0
masked,distilroberta-base,distilroberta-base,,1.0,14,28,48.0
masked,distilroberta-base,distilroberta-base,,1.0,14,29,48.0
masked,distilroberta-base,distilroberta-base,,1.0,14,30,48.0
masked,distilroberta-base,distilroberta-base,,1.0,14,31,48.0
masked,distilroberta-base,distilroberta-base,,1.0,14,32,48.0
masked,distilroberta-base,distilroberta-base,,1.0,14,33,48.0
masked,distilroberta-base,distilroberta-base,,1.0,14,34,48.0
masked,distilroberta-base,distilroberta-base,,1.0,14,35,48.0
masked,distilroberta-base,distilroberta-base,,1.0,14,36,48.0
masked,distilroberta-base,distilroberta-base,,1.0,14,37,48.0
masked,distilroberta-base,distilroberta-base,,1.0,14,38,48.0
masked,distilroberta-base,distilroberta-base,,1.0,14,39,48.0
masked,distilroberta-base,distilroberta-base,,1.0,14,40,48.0
masked,distilroberta-base,distilroberta-base,,1.0,14,41,48.0
masked,distilroberta-base,distilroberta-base,,1.0,14,42,48.0
masked,distilroberta-base,distilroberta-base,,1.0,14,43,48.0
masked,distilroberta-base,distilroberta-base,,1.0,14,44,48.0
masked,distilroberta-base,distilroberta-base,,1.0,14,45,48.0
masked,distilroberta-base,distilroberta-base,,1.0,14,46,48.0
masked,distilroberta-base,distilroberta-base,,1.0,14,47,48.0
masked,distilroberta-base,distilroberta-base,,1.0,14,48,48.0
masked,distilroberta-base,distilroberta-base,,1.0,14,49,48.0
masked,distilroberta-base,distilroberta-base,,1.0,14,50,48.0
masked,distilroberta-base,distilroberta-base,,1.0,14,51,48.0
masked,distilroberta-base,distilroberta-base,,1.0,14,52,48.0
masked,distilroberta-base,distilroberta-base,,1.0,14,53,48.0
masked,distilroberta-base,distilroberta-base,,1.0,14,54,48.0
masked,distilroberta-base,distilroberta-base,,1.0,14,55,48.0
masked,distilroberta-base,distilroberta-base,,1.0,14,56,48.0
masked,distilroberta-base,distilroberta-base,,1.0,14,57,48.0
masked,distilroberta-base,distilroberta-base,,1.0,14,58,48.0
masked,distilroberta-base,distilroberta-base,,1.0,14,59,48.0
masked,distilroberta-base,distilroberta-base,,1.0,14,60,48.0
masked,distilroberta-base,distilroberta-base,,1.0,14,61,48.0
masked,distilroberta-base,distilroberta-base,,1.0,14,62,48.0
masked,distilroberta-base,distilroberta-base,,1.0,14,63,48.0
masked,distilroberta-base,distilroberta-base,,1.0,14,64,48.0
masked,distilroberta-base,distilroberta-base,,1.0,14,65,48.0
masked,distilroberta-base,distilroberta-base,,1.0,14,66,48.0
masked,distilroberta-base,distilroberta-base,,1.0,14,67,48.0
masked,distilroberta-base,distilroberta-base,,1.0,14,68,48.0
masked,distilroberta-base,distilroberta-base,,1.0,14,69,48.0
masked,distilroberta-base,distilroberta-base,,1.0,14,70,48.0
masked,distilroberta-base,distilroberta-base,,1.0,14,71,48.0
masked,distilroberta-base,distilroberta-base,,1.0,14,72,48.0
masked,distilroberta-base,distilroberta-base,,1.0,14,73,48.0
masked,distilroberta-base,distilroberta-base,,1.0,14,74,48.0
masked,distilroberta-base,distilroberta-base,,1.0,14,75,48.0
masked,distilroberta-base,distilroberta-base,,1.0,14,76,48.0
masked,distilroberta-base,distilroberta-base,,1.0,14,77,48.0
masked,distilroberta-base,distilroberta-base,,1.0,14,78,48.0
masked,distilroberta-base,distilroberta-base,,1.0,14,79,48.0
masked,distilroberta-base,distilroberta-base,,1.0,14,80,48.0
masked,distilroberta-base,distilroberta-base,,1.0,14,81,48.0
masked,distilroberta-base,distilroberta-base,,1.0,14,82,48.0
masked,distilroberta-base,distilroberta-base,,1.0,14,83,48.0
masked,distilroberta-base,distilroberta-base,,1.0,14,84,48.0
masked,distilroberta-base,distilroberta-base,,1.0,14,85,48.0
masked,distilroberta-base,distilroberta-base,,1.0,14,86,48.0
masked,distilroberta-base,distilroberta-base,,1.0,14,87,48.0
masked,distilroberta-base,distilroberta-base,,1.0,14,88,48.0
masked,distilroberta-base,distilroberta-base,,1.0,14,89,48.0
masked,distilroberta-base,distilroberta-base,,1.0,14,90,48.0
masked,distilroberta-base,distilroberta-base,,1.0,14,91,48.0
masked,distilroberta-base,distilroberta-base,,1.0,14,92,48.0
masked,distilroberta-base,distilroberta-base,,1.0,14,93,48.0
masked,distilroberta-base,distilroberta-base,,1.0,14,94,48.0
masked,distilroberta-base,distilroberta-base,,1.0,14,95,48.0
masked,distilroberta-base,distilroberta-base,,1.0,14,96,48.0
masked,distilroberta-base,distilroberta-base,,1.0,14,97,48.0
masked,distilroberta-base,distilroberta-base,,1.0,14,98,48.0
masked,distilroberta-base,distilroberta-base,,1.0,14,99,48.0
masked,distilroberta-base,distilroberta-base,,1.0,14,100,48.0
masked,distilroberta-base,distilroberta-base,,1.0,14,101,48.0
masked,distilroberta-base,distilroberta-base,,1.0,14,102,48.0
masked,distilroberta-base,distilroberta-base,,1.0,14,103,48.0
masked,distilroberta-base,distilroberta-base,,1.0,14,104,48.0
masked,distilroberta-base,distilroberta-base,,1.0,14,105,48.0
masked,distilroberta-base,distilroberta-base,,1.0,14,106,48.0
masked,distilroberta-base,distilroberta-base,,1.0,14,107,48.0
masked,distilroberta-base,distilroberta-base,,1.0,14,108,48.0
masked,distilroberta-base,distilroberta-base,,1.0,14,109,48.0
masked,distilroberta-base,distilroberta-base,,1.0,14,110,48.0
masked,distilroberta-base,distilroberta-base,,1.0,14,111,48.0
masked,distilroberta-base,distilroberta-base,,1.0,14,112,48.0
masked,distilroberta-base,distilroberta-base,,1.0,14,113,48.0
masked,distilroberta-base,distilroberta-base,,1.0,14,114,48.0
masked,distilroberta-base,distilroberta-base,,1.0,14,115,48.0
masked,distilroberta-base,distilroberta-base,,1.0,14,116,48.0
masked,distilroberta-base,distilroberta-base,,1.0,14,117,48.0
masked,distilroberta-base,distilroberta-base,,1.0,14,118,48.0
masked,distilroberta-base,distilroberta-base,,1.0,14,119,48.0
masked,distilroberta-base,distilroberta-base,,1.0,14,120,48.0
masked,distilroberta-base,distilroberta-base,,1.0,15,0,1.0
masked,distilroberta-base,distilroberta-base,,1.0,15,1,5.0
masked,distilroberta-base,distilroberta-base,,1.0,15,2,24.0
masked,distilroberta-base,distilroberta-base,,1.0,15,3,39.0
masked,distilroberta-base,distilroberta-base,,1.0,15,4,47.0
masked,distilroberta-base,distilroberta-base,,1.0,15,5,47.0
masked,distilroberta-base,distilroberta-base,,1.0,15,6,48.0
masked,distilroberta-base,distilroberta-base,,1.0,15,7,48.0
masked,distilroberta-base,distilroberta-base,,1.0,15,8,48.0
masked,distilroberta-base,distilroberta-base,,1.0,15,9,48.0
masked,distilroberta-base,distilroberta-base,,1.0,15,10,48.0
masked,distilroberta-base,distilroberta-base,,1.0,15,11,48.0
masked,distilroberta-base,distilroberta-base,,1.0,15,12,48.0
masked,distilroberta-base,distilroberta-base,,1.0,15,13,48.0
masked,distilroberta-base,distilroberta-base,,1.0,15,14,48.0
masked,distilroberta-base,distilroberta-base,,1.0,15,15,48.0
masked,distilroberta-base,distilroberta-base,,1.0,15,16,48.0
masked,distilroberta-base,distilroberta-base,,1.0,15,17,48.0
masked,distilroberta-base,distilroberta-base,,1.0,15,18,48.0
masked,distilroberta-base,distilroberta-base,,1.0,15,19,48.0
masked,distilroberta-base,distilroberta-base,,1.0,15,20,48.0
masked,distilroberta-base,distilroberta-base,,1.0,15,21,48.0
masked,distilroberta-base,distilroberta-base,,1.0,15,22,48.0
masked,distilroberta-base,distilroberta-base,,1.0,15,23,48.0
masked,distilroberta-base,distilroberta-base,,1.0,15,24,48.0
masked,distilroberta-base,distilroberta-base,,1.0,15,25,48.0
masked,distilroberta-base,distilroberta-base,,1.0,15,26,48.0
masked,distilroberta-base,distilroberta-base,,1.0,15,27,48.0
masked,distilroberta-base,distilroberta-base,,1.0,15,28,48.0
masked,distilroberta-base,distilroberta-base,,1.0,15,29,48.0
masked,distilroberta-base,distilroberta-base,,1.0,15,30,48.0
masked,distilroberta-base,distilroberta-base,,1.0,15,31,48.0
masked,distilroberta-base,distilroberta-base,,1.0,15,32,48.0
masked,distilroberta-base,distilroberta-base,,1.0,15,33,48.0
masked,distilroberta-base,distilroberta-base,,1.0,15,34,48.0
masked,distilroberta-base,distilroberta-base,,1.0,15,35,48.0
masked,distilroberta-base,distilroberta-base,,1.0,15,36,48.0
masked,distilroberta-base,distilroberta-base,,1.0,15,37,48.0
masked,distilroberta-base,distilroberta-base,,1.0,15,38,48.0
masked,distilroberta-base,distilroberta-base,,1.0,15,39,48.0
masked,distilroberta-base,distilroberta-base,,1.0,15,40,48.0
masked,distilroberta-base,distilroberta-base,,1.0,15,41,48.0
masked,distilroberta-base,distilroberta-base,,1.0,15,42,48.0
masked,distilroberta-base,distilroberta-base,,1.0,15,43,48.0
masked,distilroberta-base,distilroberta-base,,1.0,15,44,48.0
masked,distilroberta-base,distilroberta-base,,1.0,15,45,48.0
masked,distilroberta-base,distilroberta-base,,1.0,15,46,48.0
masked,distilroberta-base,distilroberta-base,,1.0,15,47,48.0
masked,distilroberta-base,distilroberta-base,,1.0,15,48,48.0
masked,distilroberta-base,distilroberta-base,,1.0,15,49,48.0
masked,distilroberta-base,distilroberta-base,,1.0,15,50,48.0
masked,distilroberta-base,distilroberta-base,,1.0,15,51,48.0
masked,distilroberta-base,distilroberta-base,,1.0,15,52,48.0
masked,distilroberta-base,distilroberta-base,,1.0,15,53,48.0
masked,distilroberta-base,distilroberta-base,,1.0,15,54,48.0
masked,distilroberta-base,distilroberta-base,,1.0,15,55,48.0
masked,distilroberta-base,distilroberta-base,,1.0,15,56,48.0
masked,distilroberta-base,distilroberta-base,,1.0,15,57,48.0
masked,distilroberta-base,distilroberta-base,,1.0,15,58,48.0
masked,distilroberta-base,distilroberta-base,,1.0,15,59,48.0
masked,distilroberta-base,distilroberta-base,,1.0,15,60,48.0
masked,distilroberta-base,distilroberta-base,,1.0,15,61,48.0
masked,distilroberta-base,distilroberta-base,,1.0,15,62,48.0
masked,distilroberta-base,distilroberta-base,,1.0,15,63,48.0
masked,distilroberta-base,distilroberta-base,,1.0,15,64,48.0
masked,distilroberta-base,distilroberta-base,,1.0,15,65,48.0
masked,distilroberta-base,distilroberta-base,,1.0,15,66,48.0
masked,distilroberta-base,distilroberta-base,,1.0,15,67,48.0
masked,distilroberta-base,distilroberta-base,,1.0,15,68,48.0
masked,distilroberta-base,distilroberta-base,,1.0,15,69,48.0
masked,distilroberta-base,distilroberta-base,,1.0,15,70,48.0
masked,distilroberta-base,distilroberta-base,,1.0,15,71,48.0
masked,distilroberta-base,distilroberta-base,,1.0,15,72,48.0
masked,distilroberta-base,distilroberta-base,,1.0,15,73,48.0
masked,distilroberta-base,distilroberta-base,,1.0,15,74,48.0
masked,distilroberta-base,distilroberta-base,,1.0,15,75,48.0
masked,distilroberta-base,distilroberta-base,,1.0,15,76,48.0
masked,distilroberta-base,distilroberta-base,,1.0,15,77,48.0
masked,distilroberta-base,distilroberta-base,,1.0,15,78,48.0
masked,distilroberta-base,distilroberta-base,,1.0,15,79,48.0
masked,distilroberta-base,distilroberta-base,,1.0,15,80,48.0
masked,distilroberta-base,distilroberta-base,,1.0,15,81,48.0
masked,distilroberta-base,distilroberta-base,,1.0,15,82,48.0
masked,distilroberta-base,distilroberta-base,,1.0,15,83,48.0
masked,distilroberta-base,distilroberta-base,,1.0,15,84,48.0
masked,distilroberta-base,distilroberta-base,,1.0,15,85,48.0
masked,distilroberta-base,distilroberta-base,,1.0,15,86,48.0
masked,distilroberta-base,distilroberta-base,,1.0,15,87,48.0
masked,distilroberta-base,distilroberta-base,,1.0,15,88,48.0
masked,distilroberta-base,distilroberta-base,,1.0,15,89,48.0
masked,distilroberta-base,distilroberta-base,,1.0,15,90,48.0
masked,distilroberta-base,distilroberta-base,,1.0,15,91,48.0
masked,distilroberta-base,distilroberta-base,,1.0,15,92,48.0
masked,distilroberta-base,distilroberta-base,,1.0,15,93,48.0
masked,distilroberta-base,distilroberta-base,,1.0,15,94,48.0
masked,distilroberta-base,distilroberta-base,,1.0,15,95,48.0
masked,distilroberta-base,distilroberta-base,,1.0,15,96,48.0
masked,distilroberta-base,distilroberta-base,,1.0,15,97,48.0
masked,distilroberta-base,distilroberta-base,,1.0,15,98,48.0
masked,distilroberta-base,distilroberta-base,,1.0,15,99,48.0
masked,distilroberta-base,distilroberta-base,,1.0,15,100,48.0
masked,distilroberta-base,distilroberta-base,,1.0,15,101,48.0
masked,distilroberta-base,distilroberta-base,,1.0,15,102,48.0
masked,distilroberta-base,distilroberta-base,,1.0,15,103,48.0
masked,distilroberta-base,distilroberta-base,,1.0,15,104,48.0
masked,distilroberta-base,distilroberta-base,,1.0,15,105,48.0
masked,distilroberta-base,distilroberta-base,,1.0,15,106,48.0
masked,distilroberta-base,distilroberta-base,,1.0,15,107,48.0
masked,distilroberta-base,distilroberta-base,,1.0,15,108,48.0
masked,distilroberta-base,distilroberta-base,,1.0,15,109,48.0
masked,distilroberta-base,distilroberta-base,,1.0,15,110,48.0
masked,distilroberta-base,distilroberta-base,,1.0,15,111,48.0
masked,distilroberta-base,distilroberta-base,,1.0,15,112,48.0
masked,distilroberta-base,distilroberta-base,,1.0,15,113,48.0
masked,distilroberta-base,distilroberta-base,,1.0,15,114,48.0
masked,distilroberta-base,distilroberta-base,,1.0,15,115,48.0
masked,distilroberta-base,distilroberta-base,,1.0,15,116,48.0
masked,distilroberta-base,distilroberta-base,,1.0,15,117,48.0
masked,distilroberta-base,distilroberta-base,,1.0,15,118,48.0
masked,distilroberta-base,distilroberta-base,,1.0,15,119,48.0
masked,distilroberta-base,distilroberta-base,,1.0,15,120,48.0
masked,bert-base-uncased,bert-base-uncased,,1.0,0,0,1.0
masked,bert-base-uncased,bert-base-uncased,,1.0,0,1,6.0
masked,bert-base-uncased,bert-base-uncased,,1.0,0,2,16.0
masked,bert-base-uncased,bert-base-uncased,,1.0,0,3,27.0
masked,bert-base-uncased,bert-base-uncased,,1.0,0,4,34.0
masked,bert-base-uncased,bert-base-uncased,,1.0,0,5,33.0
masked,bert-base-uncased,bert-base-uncased,,1.0,0,6,35.0
masked,bert-base-uncased,bert-base-uncased,,1.0,0,7,35.0
masked,bert-base-uncased,bert-base-uncased,,1.0,0,8,38.0
masked,bert-base-uncased,bert-base-uncased,,1.0,0,9,40.0
masked,bert-base-uncased,bert-base-uncased,,1.0,0,10,38.0
masked,bert-base-uncased,bert-base-uncased,,1.0,0,11,39.0
masked,bert-base-uncased,bert-base-uncased,,1.0,0,12,43.0
masked,bert-base-uncased,bert-base-uncased,,1.0,0,13,41.0
masked,bert-base-uncased,bert-base-uncased,,1.0,0,14,42.0
masked,bert-base-uncased,bert-base-uncased,,1.0,0,15,42.0
masked,bert-base-uncased,bert-base-uncased,,1.0,0,16,40.0
masked,bert-base-uncased,bert-base-uncased,,1.0,0,17,44.0
masked,bert-base-uncased,bert-base-uncased,,1.0,0,18,43.0
masked,bert-base-uncased,bert-base-uncased,,1.0,0,19,41.0
masked,bert-base-uncased,bert-base-uncased,,1.0,0,20,40.0
masked,bert-base-uncased,bert-base-uncased,,1.0,0,21,41.0
masked,bert-base-uncased,bert-base-uncased,,1.0,0,22,39.0
masked,bert-base-uncased,bert-base-uncased,,1.0,0,23,38.0
masked,bert-base-uncased,bert-base-uncased,,1.0,0,24,38.0
masked,bert-base-uncased,bert-base-uncased,,1.0,0,25,36.0
masked,bert-base-uncased,bert-base-uncased,,1.0,0,26,38.0
masked,bert-base-uncased,bert-base-uncased,,1.0,0,27,34.0
masked,bert-base-uncased,bert-base-uncased,,1.0,0,28,32.0
masked,bert-base-uncased,bert-base-uncased,,1.0,0,29,33.0
masked,bert-base-uncased,bert-base-uncased,,1.0,0,30,26.0
masked,bert-base-uncased,bert-base-uncased,,1.0,0,31,10.0
masked,bert-base-uncased,bert-base-uncased,,1.0,0,32,19.0
masked,bert-base-uncased,bert-base-uncased,,1.0,0,33,11.0
masked,bert-base-uncased,bert-base-uncased,,1.0,0,34,14.0
masked,bert-base-uncased,bert-base-uncased,,1.0,0,35,12.0
masked,bert-base-uncased,bert-base-uncased,,1.0,0,36,11.0
masked,bert-base-uncased,bert-base-uncased,,1.0,0,37,6.0
masked,bert-base-uncased,bert-base-uncased,,1.0,0,38,3.0
masked,bert-base-uncased,bert-base-uncased,,1.0,0,39,5.0
masked,bert-base-uncased,bert-base-uncased,,1.0,0,40,5.0
masked,bert-base-uncased,bert-base-uncased,,1.0,0,41,6.0
masked,bert-base-uncased,bert-base-uncased,,1.0,0,42,4.0
masked,bert-base-uncased,bert-base-uncased,,1.0,0,43,1.0
masked,bert-base-uncased,bert-base-uncased,,1.0,0,44,11.0
masked,bert-base-uncased,bert-base-uncased,,1.0,0,45,8.0
masked,bert-base-uncased,bert-base-uncased,,1.0,0,46,8.0
masked,bert-base-uncased,bert-base-uncased,,1.0,0,47,5.0
masked,bert-base-uncased,bert-base-uncased,,1.0,0,48,10.0
masked,bert-base-uncased,bert-base-uncased,,1.0,0,49,2.0
masked,bert-base-uncased,bert-base-uncased,,1.0,0,50,6.0
masked,bert-base-uncased,bert-base-uncased,,1.0,0,51,4.0
masked,bert-base-uncased,bert-base-uncased,,1.0,0,52,9.0
masked,bert-base-uncased,bert-base-uncased,,1.0,0,53,8.0
masked,bert-base-uncased,bert-base-uncased,,1.0,0,54,11.0
masked,bert-base-uncased,bert-base-uncased,,1.0,0,55,6.0
masked,bert-base-uncased,bert-base-uncased,,1.0,0,56,15.0
masked,bert-base-uncased,bert-base-uncased,,1.0,0,57,5.0
masked,bert-base-uncased,bert-base-uncased,,1.0,0,58,10.0
masked,bert-base-uncased,bert-base-uncased,,1.0,0,59,8.0
masked,bert-base-uncased,bert-base-uncased,,1.0,0,60,20.0
masked,bert-base-uncased,bert-base-uncased,,1.0,0,61,16.0
masked,bert-base-uncased,bert-base-uncased,,1.0,0,62,21.0
masked,bert-base-uncased,bert-base-uncased,,1.0,0,63,25.0
masked,bert-base-uncased,bert-base-uncased,,1.0,0,64,29.0
masked,bert-base-uncased,bert-base-uncased,,1.0,0,65,22.0
masked,bert-base-uncased,bert-base-uncased,,1.0,0,66,23.0
masked,bert-base-uncased,bert-base-uncased,,1.0,0,67,15.0
masked,bert-base-uncased,bert-base-uncased,,1.0,0,68,23.0
masked,bert-base-uncased,bert-base-uncased,,1.0,0,69,12.0
masked,bert-base-uncased,bert-base-uncased,,1.0,0,70,23.0
masked,bert-base-uncased,bert-base-uncased,,1.0,0,71,8.0
masked,bert-base-uncased,bert-base-uncased,,1.0,0,72,11.0
masked,bert-base-uncased,bert-base-uncased,,1.0,0,73,6.0
masked,bert-base-uncased,bert-base-uncased,,1.0,0,74,13.0
masked,bert-base-uncased,bert-base-uncased,,1.0,0,75,6.0
masked,bert-base-uncased,bert-base-uncased,,1.0,0,76,10.0
masked,bert-base-uncased,bert-base-uncased,,1.0,0,77,9.0
masked,bert-base-uncased,bert-base-uncased,,1.0,0,78,21.0
masked,bert-base-uncased,bert-base-uncased,,1.0,0,79,15.0
masked,bert-base-uncased,bert-base-uncased,,1.0,0,80,12.0
masked,bert-base-uncased,bert-base-uncased,,1.0,0,81,7.0
masked,bert-base-uncased,bert-base-uncased,,1.0,0,82,13.0
masked,bert-base-uncased,bert-base-uncased,,1.0,0,83,4.0
masked,bert-base-uncased,bert-base-uncased,,1.0,0,84,6.0
masked,bert-base-uncased,bert-base-uncased,,1.0,0,85,3.0
masked,bert-base-uncased,bert-base-uncased,,1.0,0,86,6.0
masked,bert-base-uncased,bert-base-uncased,,1.0,0,87,2.0
masked,bert-base-uncased,bert-base-uncased,,1.0,0,88,2.0
masked,bert-base-uncased,bert-base-uncased,,1.0,0,89,0.0
masked,bert-base-uncased,bert-base-uncased,,1.0,0,90,0.0
masked,bert-base-uncased,bert-base-uncased,,1.0,0,91,0.0
masked,bert-base-uncased,bert-base-uncased,,1.0,0,92,0.0
masked,bert-base-uncased,bert-base-uncased,,1.0,0,93,0.0
masked,bert-base-uncased,bert-base-uncased,,1.0,0,94,0.0
masked,bert-base-uncased,bert-base-uncased,,1.0,0,95,0.0
masked,bert-base-uncased,bert-base-uncased,,1.0,0,96,0.0
masked,bert-base-uncased,bert-base-uncased,,1.0,0,97,0.0
masked,bert-base-uncased,bert-base-uncased,,1.0,0,98,0.0
masked,bert-base-uncased,bert-base-uncased,,1.0,0,99,0.0
masked,bert-base-uncased,bert-base-uncased,,1.0,0,100,0.0
masked,bert-base-uncased,bert-base-uncased,,1.0,0,101,0.0
masked,bert-base-uncased,bert-base-uncased,,1.0,0,102,0.0
masked,bert-base-uncased,bert-base-uncased,,1.0,0,103,0.0
masked,bert-base-uncased,bert-base-uncased,,1.0,0,104,0.0
masked,bert-base-uncased,bert-base-uncased,,1.0,0,105,0.0
masked,bert-base-uncased,bert-base-uncased,,1.0,0,106,0.0
masked,bert-base-uncased,bert-base-uncased,,1.0,0,107,0.0
masked,bert-base-uncased,bert-base-uncased,,1.0,0,108,0.0
masked,bert-base-uncased,bert-base-uncased,,1.0,0,109,0.0
masked,bert-base-uncased,bert-base-uncased,,1.0,0,110,0.0
masked,bert-base-uncased,bert-base-uncased,,1.0,0,111,0.0
masked,bert-base-uncased,bert-base-uncased,,1.0,0,112,0.0
masked,bert-base-uncased,bert-base-uncased,,1.0,0,113,0.0
masked,bert-base-uncased,bert-base-uncased,,1.0,0,114,0.0
masked,bert-base-uncased,bert-base-uncased,,1.0,0,115,0.0
masked,bert-base-uncased,bert-base-uncased,,1.0,0,116,0.0
masked,bert-base-uncased,bert-base-uncased,,1.0,0,117,0.0
masked,bert-base-uncased,bert-base-uncased,,1.0,0,118,0.0
masked,bert-base-uncased,bert-base-uncased,,1.0,0,119,0.0
masked,bert-base-uncased,bert-base-uncased,,1.0,0,120,0.0
masked,bert-base-uncased,bert-base-uncased,,1.0,1,0,1.0
masked,bert-base-uncased,bert-base-uncased,,1.0,1,1,5.0
masked,bert-base-uncased,bert-base-uncased,,1.0,1,2,14.0
masked,bert-base-uncased,bert-base-uncased,,1.0,1,3,22.0
masked,bert-base-uncased,bert-base-uncased,,1.0,1,4,31.0
masked,bert-base-uncased,bert-base-uncased,,1.0,1,5,42.0
masked,bert-base-uncased,bert-base-uncased,,1.0,1,6,38.0
masked,bert-base-uncased,bert-base-uncased,,1.0,1,7,33.0
masked,bert-base-uncased,bert-base-uncased,,1.0,1,8,37.0
masked,bert-base-uncased,bert-base-uncased,,1.0,1,9,40.0
masked,bert-base-uncased,bert-base-uncased,,1.0,1,10,38.0
masked,bert-base-uncased,bert-base-uncased,,1.0,1,11,39.0
masked,bert-base-uncased,bert-base-uncased,,1.0,1,12,36.0
masked,bert-base-uncased,bert-base-uncased,,1.0,1,13,38.0
masked,bert-base-uncased,bert-base-uncased,,1.0,1,14,34.0
masked,bert-base-uncased,bert-base-uncased,,1.0,1,15,30.0
masked,bert-base-uncased,bert-base-uncased,,1.0,1,16,28.0
masked,bert-base-uncased,bert-base-uncased,,1.0,1,17,28.0
masked,bert-base-uncased,bert-base-uncased,,1.0,1,18,12.0
masked,bert-base-uncased,bert-base-uncased,,1.0,1,19,17.0
masked,bert-base-uncased,bert-base-uncased,,1.0,1,20,15.0
masked,bert-base-uncased,bert-base-uncased,,1.0,1,21,7.0
masked,bert-base-uncased,bert-base-uncased,,1.0,1,22,9.0
masked,bert-base-uncased,bert-base-uncased,,1.0,1,23,10.0
masked,bert-base-uncased,bert-base-uncased,,1.0,1,24,6.0
masked,bert-base-uncased,bert-base-uncased,,1.0,1,25,11.0
masked,bert-base-uncased,bert-base-uncased,,1.0,1,26,12.0
masked,bert-base-uncased,bert-base-uncased,,1.0,1,27,20.0
masked,bert-base-uncased,bert-base-uncased,,1.0,1,28,16.0
masked,bert-base-uncased,bert-base-uncased,,1.0,1,29,17.0
masked,bert-base-uncased,bert-base-uncased,,1.0,1,30,34.0
masked,bert-base-uncased,bert-base-uncased,,1.0,1,31,28.0
masked,bert-base-uncased,bert-base-uncased,,1.0,1,32,23.0
masked,bert-base-uncased,bert-base-uncased,,1.0,1,33,30.0
masked,bert-base-uncased,bert-base-uncased,,1.0,1,34,42.0
masked,bert-base-uncased,bert-base-uncased,,1.0,1,35,44.0
masked,bert-base-uncased,bert-base-uncased,,1.0,1,36,38.0
masked,bert-base-uncased,bert-base-uncased,,1.0,1,37,37.0
masked,bert-base-uncased,bert-base-uncased,,1.0,1,38,43.0
masked,bert-base-uncased,bert-base-uncased,,1.0,1,39,35.0
masked,bert-base-uncased,bert-base-uncased,,1.0,1,40,43.0
masked,bert-base-uncased,bert-base-uncased,,1.0,1,41,35.0
masked,bert-base-uncased,bert-base-uncased,,1.0,1,42,46.0
masked,bert-base-uncased,bert-base-uncased,,1.0,1,43,34.0
masked,bert-base-uncased,bert-base-uncased,,1.0,1,44,43.0
masked,bert-base-uncased,bert-base-uncased,,1.0,1,45,37.0
masked,bert-base-uncased,bert-base-uncased,,1.0,1,46,45.0
masked,bert-base-uncased,bert-base-uncased,,1.0,1,47,41.0
masked,bert-base-uncased,bert-base-uncased,,1.0,1,48,43.0
masked,bert-base-uncased,bert-base-uncased,,1.0,1,49,40.0
masked,bert-base-uncased,bert-base-uncased,,1.0,1,50,43.0
masked,bert-base-uncased,bert-base-uncased,,1.0,1,51,46.0
masked,bert-base-uncased,bert-base-uncased,,1.0,1,52,40.0
masked,bert-base-uncased,bert-base-uncased,,1.0,1,53,44.0
masked,bert-base-uncased,bert-base-uncased,,1.0,1,54,45.0
masked,bert-base-uncased,bert-base-uncased,,1.0,1,55,40.0
masked,bert-base-uncased,bert-base-uncased,,1.0,1,56,45.0
masked,bert-base-uncased,bert-base-uncased,,1.0,1,57,41.0
masked,bert-base-uncased,bert-base-uncased,,1.0,1,58,44.0
masked,bert-base-uncased,bert-base-uncased,,1.0,1,59,42.0
masked,bert-base-uncased,bert-base-uncased,,1.0,1,60,38.0
masked,bert-base-uncased,bert-base-uncased,,1.0,1,61,41.0
masked,bert-base-uncased,bert-base-uncased,,1.0,1,62,38.0
masked,bert-base-uncased,bert-base-uncased,,1.0,1,63,42.0
masked,bert-base-uncased,bert-base-uncased,,1.0,1,64,32.0
masked,bert-base-uncased,bert-base-uncased,,1.0,1,65,41.0
masked,bert-base-uncased,bert-base-uncased,,1.0,1,66,43.0
masked,bert-base-uncased,bert-base-uncased,,1.0,1,67,47.0
masked,bert-base-uncased,bert-base-uncased,,1.0,1,68,44.0
masked,bert-base-uncased,bert-base-uncased,,1.0,1,69,43.0
masked,bert-base-uncased,bert-base-uncased,,1.0,1,70,44.0
masked,bert-base-uncased,bert-base-uncased,,1.0,1,71,37.0
masked,bert-base-uncased,bert-base-uncased,,1.0,1,72,44.0
masked,bert-base-uncased,bert-base-uncased,,1.0,1,73,39.0
masked,bert-base-uncased,bert-base-uncased,,1.0,1,74,40.0
masked,bert-base-uncased,bert-base-uncased,,1.0,1,75,43.0
masked,bert-base-uncased,bert-base-uncased,,1.0,1,76,42.0
masked,bert-base-uncased,bert-base-uncased,,1.0,1,77,45.0
masked,bert-base-uncased,bert-base-uncased,,1.0,1,78,40.0
masked,bert-base-uncased,bert-base-uncased,,1.0,1,79,40.0
masked,bert-base-uncased,bert-base-uncased,,1.0,1,80,43.0
masked,bert-base-uncased,bert-base-uncased,,1.0,1,81,40.0
masked,bert-base-uncased,bert-base-uncased,,1.0,1,82,47.0
masked,bert-base-uncased,bert-base-uncased,,1.0,1,83,40.0
masked,bert-base-uncased,bert-base-uncased,,1.0,1,84,45.0
masked,bert-base-uncased,bert-base-uncased,,1.0,1,85,46.0
masked,bert-base-uncased,bert-base-uncased,,1.0,1,86,42.0
masked,bert-base-uncased,bert-base-uncased,,1.0,1,87,41.0
masked,bert-base-uncased,bert-base-uncased,,1.0,1,88,40.0
masked,bert-base-uncased,bert-base-uncased,,1.0,1,89,40.0
masked,bert-base-uncased,bert-base-uncased,,1.0,1,90,44.0
masked,bert-base-uncased,bert-base-uncased,,1.0,1,91,37.0
masked,bert-base-uncased,bert-base-uncased,,1.0,1,92,38.0
masked,bert-base-uncased,bert-base-uncased,,1.0,1,93,45.0
masked,bert-base-uncased,bert-base-uncased,,1.0,1,94,32.0
masked,bert-base-uncased,bert-base-uncased,,1.0,1,95,40.0
masked,bert-base-uncased,bert-base-uncased,,1.0,1,96,45.0
masked,bert-base-uncased,bert-base-uncased,,1.0,1,97,35.0
masked,bert-base-uncased,bert-base-uncased,,1.0,1,98,34.0
masked,bert-base-uncased,bert-base-uncased,,1.0,1,99,36.0
masked,bert-base-uncased,bert-base-uncased,,1.0,1,100,32.0
masked,bert-base-uncased,bert-base-uncased,,1.0,1,101,38.0
masked,bert-base-uncased,bert-base-uncased,,1.0,1,102,45.0
masked,bert-base-uncased,bert-base-uncased,,1.0,1,103,41.0
masked,bert-base-uncased,bert-base-uncased,,1.0,1,104,45.0
masked,bert-base-uncased,bert-base-uncased,,1.0,1,105,43.0
masked,bert-base-uncased,bert-base-uncased,,1.0,1,106,40.0
masked,bert-base-uncased,bert-base-uncased,,1.0,1,107,43.0
masked,bert-base-uncased,bert-base-uncased,,1.0,1,108,41.0
masked,bert-base-uncased,bert-base-uncased,,1.0,1,109,35.0
masked,bert-base-uncased,bert-base-uncased,,1.0,1,110,38.0
masked,bert-base-uncased,bert-base-uncased,,1.0,1,111,34.0
masked,bert-base-uncased,bert-base-uncased,,1.0,1,112,35.0
masked,bert-base-uncased,bert-base-uncased,,1.0,1,113,37.0
masked,bert-base-uncased,bert-base-uncased,,1.0,1,114,38.0
masked,bert-base-uncased,bert-base-uncased,,1.0,1,115,40.0
masked,bert-base-uncased,bert-base-uncased,,1.0,1,116,38.0
masked,bert-base-uncased,bert-base-uncased,,1.0,1,117,43.0
masked,bert-base-uncased,bert-base-uncased,,1.0,1,118,35.0
masked,bert-base-uncased,bert-base-uncased,,1.0,1,119,35.0
masked,bert-base-uncased,bert-base-uncased,,1.0,1,120,33.0
masked,bert-base-uncased,bert-base-uncased,,1.0,2,0,1.0
masked,bert-base-uncased,bert-base-uncased,,1.0,2,1,6.0
masked,bert-base-uncased,bert-base-uncased,,1.0,2,2,17.0
masked,bert-base-uncased,bert-base-uncased,,1.0,2,3,33.0
masked,bert-base-uncased,bert-base-uncased,,1.0,2,4,40.0
masked,bert-base-uncased,bert-base-uncased,,1.0,2,5,39.0
masked,bert-base-uncased,bert-base-uncased,,1.0,2,6,33.0
masked,bert-base-uncased,bert-base-uncased,,1.0,2,7,30.0
masked,bert-base-uncased,bert-base-uncased,,1.0,2,8,34.0
masked,bert-base-uncased,bert-base-uncased,,1.0,2,9,39.0
masked,bert-base-uncased,bert-base-uncased,,1.0,2,10,41.0
masked,bert-base-uncased,bert-base-uncased,,1.0,2,11,40.0
masked,bert-base-uncased,bert-base-uncased,,1.0,2,12,38.0
masked,bert-base-uncased,bert-base-uncased,,1.0,2,13,47.0
masked,bert-base-uncased,bert-base-uncased,,1.0,2,14,44.0
masked,bert-base-uncased,bert-base-uncased,,1.0,2,15,43.0
masked,bert-base-uncased,bert-base-uncased,,1.0,2,16,41.0
masked,bert-base-uncased,bert-base-uncased,,1.0,2,17,46.0
masked,bert-base-uncased,bert-base-uncased,,1.0,2,18,48.0
masked,bert-base-uncased,bert-base-uncased,,1.0,2,19,42.0
masked,bert-base-uncased,bert-base-uncased,,1.0,2,20,45.0
masked,bert-base-uncased,bert-base-uncased,,1.0,2,21,43.0
masked,bert-base-uncased,bert-base-uncased,,1.0,2,22,43.0
masked,bert-base-uncased,bert-base-uncased,,1.0,2,23,39.0
masked,bert-base-uncased,bert-base-uncased,,1.0,2,24,43.0
masked,bert-base-uncased,bert-base-uncased,,1.0,2,25,40.0
masked,bert-base-uncased,bert-base-uncased,,1.0,2,26,35.0
masked,bert-base-uncased,bert-base-uncased,,1.0,2,27,28.0
masked,bert-base-uncased,bert-base-uncased,,1.0,2,28,36.0
masked,bert-base-uncased,bert-base-uncased,,1.0,2,29,24.0
masked,bert-base-uncased,bert-base-uncased,,1.0,2,30,22.0
masked,bert-base-uncased,bert-base-uncased,,1.0,2,31,7.0
masked,bert-base-uncased,bert-base-uncased,,1.0,2,32,6.0
masked,bert-base-uncased,bert-base-uncased,,1.0,2,33,2.0
masked,bert-base-uncased,bert-base-uncased,,1.0,2,34,5.0
masked,bert-base-uncased,bert-base-uncased,,1.0,2,35,1.0
masked,bert-base-uncased,bert-base-uncased,,1.0,2,36,5.0
masked,bert-base-uncased,bert-base-uncased,,1.0,2,37,1.0
masked,bert-base-uncased,bert-base-uncased,,1.0,2,38,2.0
masked,bert-base-uncased,bert-base-uncased,,1.0,2,39,1.0
masked,bert-base-uncased,bert-base-uncased,,1.0,2,40,5.0
masked,bert-base-uncased,bert-base-uncased,,1.0,2,41,3.0
masked,bert-base-uncased,bert-base-uncased,,1.0,2,42,5.0
masked,bert-base-uncased,bert-base-uncased,,1.0,2,43,2.0
masked,bert-base-uncased,bert-base-uncased,,1.0,2,44,2.0
masked,bert-base-uncased,bert-base-uncased,,1.0,2,45,3.0
masked,bert-base-uncased,bert-base-uncased,,1.0,2,46,1.0
masked,bert-base-uncased,bert-base-uncased,,1.0,2,47,1.0
masked,bert-base-uncased,bert-base-uncased,,1.0,2,48,5.0
masked,bert-base-uncased,bert-base-uncased,,1.0,2,49,1.0
masked,bert-base-uncased,bert-base-uncased,,1.0,2,50,8.0
masked,bert-base-uncased,bert-base-uncased,,1.0,2,51,16.0
masked,bert-base-uncased,bert-base-uncased,,1.0,2,52,13.0
masked,bert-base-uncased,bert-base-uncased,,1.0,2,53,4.0
masked,bert-base-uncased,bert-base-uncased,,1.0,2,54,6.0
masked,bert-base-uncased,bert-base-uncased,,1.0,2,55,6.0
masked,bert-base-uncased,bert-base-uncased,,1.0,2,56,6.0
masked,bert-base-uncased,bert-base-uncased,,1.0,2,57,4.0
masked,bert-base-uncased,bert-base-uncased,,1.0,2,58,8.0
masked,bert-base-uncased,bert-base-uncased,,1.0,2,59,1.0
masked,bert-base-uncased,bert-base-uncased,,1.0,2,60,4.0
masked,bert-base-uncased,bert-base-uncased,,1.0,2,61,2.0
masked,bert-base-uncased,bert-base-uncased,,1.0,2,62,8.0
masked,bert-base-uncased,bert-base-uncased,,1.0,2,63,4.0
masked,bert-base-uncased,bert-base-uncased,,1.0,2,64,5.0
masked,bert-base-uncased,bert-base-uncased,,1.0,2,65,3.0
masked,bert-base-uncased,bert-base-uncased,,1.0,2,66,10.0
masked,bert-base-uncased,bert-base-uncased,,1.0,2,67,5.0
masked,bert-base-uncased,bert-base-uncased,,1.0,2,68,12.0
masked,bert-base-uncased,bert-base-uncased,,1.0,2,69,6.0
masked,bert-base-uncased,bert-base-uncased,,1.0,2,70,18.0
masked,bert-base-uncased,bert-base-uncased,,1.0,2,71,7.0
masked,bert-base-uncased,bert-base-uncased,,1.0,2,72,15.0
masked,bert-base-uncased,bert-base-uncased,,1.0,2,73,5.0
masked,bert-base-uncased,bert-base-uncased,,1.0,2,74,7.0
masked,bert-base-uncased,bert-base-uncased,,1.0,2,75,1.0
masked,bert-base-uncased,bert-base-uncased,,1.0,2,76,3.0
masked,bert-base-uncased,bert-base-uncased,,1.0,2,77,4.0
masked,bert-base-uncased,bert-base-uncased,,1.0,2,78,5.0
masked,bert-base-uncased,bert-base-uncased,,1.0,2,79,1.0
masked,bert-base-uncased,bert-base-uncased,,1.0,2,80,4.0
masked,bert-base-uncased,bert-base-uncased,,1.0,2,81,2.0
masked,bert-base-uncased,bert-base-uncased,,1.0,2,82,4.0
masked,bert-base-uncased,bert-base-uncased,,1.0,2,83,0.0
masked,bert-base-uncased,bert-base-uncased,,1.0,2,84,0.0
masked,bert-base-uncased,bert-base-uncased,,1.0,2,85,0.0
masked,bert-base-uncased,bert-base-uncased,,1.0,2,86,0.0
masked,bert-base-uncased,bert-base-uncased,,1.0,2,87,0.0
masked,bert-base-uncased,bert-base-uncased,,1.0,2,88,0.0
masked,bert-base-uncased,bert-base-uncased,,1.0,2,89,0.0
masked,bert-base-uncased,bert-base-uncased,,1.0,2,90,0.0
masked,bert-base-uncased,bert-base-uncased,,1.0,2,91,0.0
masked,bert-base-uncased,bert-base-uncased,,1.0,2,92,0.0
masked,bert-base-uncased,bert-base-uncased,,1.0,2,93,0.0
masked,bert-base-uncased,bert-base-uncased,,1.0,2,94,0.0
masked,bert-base-uncased,bert-base-uncased,,1.0,2,95,0.0
masked,bert-base-uncased,bert-base-uncased,,1.0,2,96,0.0
masked,bert-base-uncased,bert-base-uncased,,1.0,2,97,0.0
masked,bert-base-uncased,bert-base-uncased,,1.0,2,98,0.0
masked,bert-base-uncased,bert-base-uncased,,1.0,2,99,0.0
masked,bert-base-uncased,bert-base-uncased,,1.0,2,100,0.0
masked,bert-base-uncased,bert-base-uncased,,1.0,2,101,0.0
masked,bert-base-uncased,bert-base-uncased,,1.0,2,102,0.0
masked,bert-base-uncased,bert-base-uncased,,1.0,2,103,0.0
masked,bert-base-uncased,bert-base-uncased,,1.0,2,104,0.0
masked,bert-base-uncased,bert-base-uncased,,1.0,2,105,0.0
masked,bert-base-uncased,bert-base-uncased,,1.0,2,106,0.0
masked,bert-base-uncased,bert-base-uncased,,1.0,2,107,0.0
masked,bert-base-uncased,bert-base-uncased,,1.0,2,108,0.0
masked,bert-base-uncased,bert-base-uncased,,1.0,2,109,0.0
masked,bert-base-uncased,bert-base-uncased,,1.0,2,110,0.0
masked,bert-base-uncased,bert-base-uncased,,1.0,2,111,0.0
masked,bert-base-uncased,bert-base-uncased,,1.0,2,112,0.0
masked,bert-base-uncased,bert-base-uncased,,1.0,2,113,0.0
masked,bert-base-uncased,bert-base-uncased,,1.0,2,114,0.0
masked,bert-base-uncased,bert-base-uncased,,1.0,2,115,0.0
masked,bert-base-uncased,bert-base-uncased,,1.0,2,116,0.0
masked,bert-base-uncased,bert-base-uncased,,1.0,2,117,0.0
masked,bert-base-uncased,bert-base-uncased,,1.0,2,118,0.0
masked,bert-base-uncased,bert-base-uncased,,1.0,2,119,0.0
masked,bert-base-uncased,bert-base-uncased,,1.0,2,120,0.0
masked,bert-base-uncased,bert-base-uncased,,1.0,3,0,1.0
masked,bert-base-uncased,bert-base-uncased,,1.0,3,1,5.0
masked,bert-base-uncased,bert-base-uncased,,1.0,3,2,7.0
masked,bert-base-uncased,bert-base-uncased,,1.0,3,3,24.0
masked,bert-base-uncased,bert-base-uncased,,1.0,3,4,27.0
masked,bert-base-uncased,bert-base-uncased,,1.0,3,5,38.0
masked,bert-base-uncased,bert-base-uncased,,1.0,3,6,41.0
masked,bert-base-uncased,bert-base-uncased,,1.0,3,7,37.0
masked,bert-base-uncased,bert-base-uncased,,1.0,3,8,43.0
masked,bert-base-uncased,bert-base-uncased,,1.0,3,9,36.0
masked,bert-base-uncased,bert-base-uncased,,1.0,3,10,37.0
masked,bert-base-uncased,bert-base-uncased,,1.0,3,11,34.0
masked,bert-base-uncased,bert-base-uncased,,1.0,3,12,35.0
masked,bert-base-uncased,bert-base-uncased,,1.0,3,13,36.0
masked,bert-base-uncased,bert-base-uncased,,1.0,3,14,31.0
masked,bert-base-uncased,bert-base-uncased,,1.0,3,15,29.0
masked,bert-base-uncased,bert-base-uncased,,1.0,3,16,30.0
masked,bert-base-uncased,bert-base-uncased,,1.0,3,17,41.0
masked,bert-base-uncased,bert-base-uncased,,1.0,3,18,47.0
masked,bert-base-uncased,bert-base-uncased,,1.0,3,19,43.0
masked,bert-base-uncased,bert-base-uncased,,1.0,3,20,39.0
masked,bert-base-uncased,bert-base-uncased,,1.0,3,21,42.0
masked,bert-base-uncased,bert-base-uncased,,1.0,3,22,46.0
masked,bert-base-uncased,bert-base-uncased,,1.0,3,23,33.0
masked,bert-base-uncased,bert-base-uncased,,1.0,3,24,43.0
masked,bert-base-uncased,bert-base-uncased,,1.0,3,25,40.0
masked,bert-base-uncased,bert-base-uncased,,1.0,3,26,42.0
masked,bert-base-uncased,bert-base-uncased,,1.0,3,27,44.0
masked,bert-base-uncased,bert-base-uncased,,1.0,3,28,39.0
masked,bert-base-uncased,bert-base-uncased,,1.0,3,29,43.0
masked,bert-base-uncased,bert-base-uncased,,1.0,3,30,44.0
masked,bert-base-uncased,bert-base-uncased,,1.0,3,31,41.0
masked,bert-base-uncased,bert-base-uncased,,1.0,3,32,38.0
masked,bert-base-uncased,bert-base-uncased,,1.0,3,33,43.0
masked,bert-base-uncased,bert-base-uncased,,1.0,3,34,33.0
masked,bert-base-uncased,bert-base-uncased,,1.0,3,35,41.0
masked,bert-base-uncased,bert-base-uncased,,1.0,3,36,46.0
masked,bert-base-uncased,bert-base-uncased,,1.0,3,37,41.0
masked,bert-base-uncased,bert-base-uncased,,1.0,3,38,44.0
masked,bert-base-uncased,bert-base-uncased,,1.0,3,39,46.0
masked,bert-base-uncased,bert-base-uncased,,1.0,3,40,43.0
masked,bert-base-uncased,bert-base-uncased,,1.0,3,41,45.0
masked,bert-base-uncased,bert-base-uncased,,1.0,3,42,44.0
masked,bert-base-uncased,bert-base-uncased,,1.0,3,43,46.0
masked,bert-base-uncased,bert-base-uncased,,1.0,3,44,42.0
masked,bert-base-uncased,bert-base-uncased,,1.0,3,45,38.0
masked,bert-base-uncased,bert-base-uncased,,1.0,3,46,46.0
masked,bert-base-uncased,bert-base-uncased,,1.0,3,47,34.0
masked,bert-base-uncased,bert-base-uncased,,1.0,3,48,42.0
masked,bert-base-uncased,bert-base-uncased,,1.0,3,49,43.0
masked,bert-base-uncased,bert-base-uncased,,1.0,3,50,41.0
masked,bert-base-uncased,bert-base-uncased,,1.0,3,51,43.0
masked,bert-base-uncased,bert-base-uncased,,1.0,3,52,35.0
masked,bert-base-uncased,bert-base-uncased,,1.0,3,53,34.0
masked,bert-base-uncased,bert-base-uncased,,1.0,3,54,39.0
masked,bert-base-uncased,bert-base-uncased,,1.0,3,55,44.0
masked,bert-base-uncased,bert-base-uncased,,1.0,3,56,41.0
masked,bert-base-uncased,bert-base-uncased,,1.0,3,57,45.0
masked,bert-base-uncased,bert-base-uncased,,1.0,3,58,38.0
masked,bert-base-uncased,bert-base-uncased,,1.0,3,59,38.0
masked,bert-base-uncased,bert-base-uncased,,1.0,3,60,44.0
masked,bert-base-uncased,bert-base-uncased,,1.0,3,61,39.0
masked,bert-base-uncased,bert-base-uncased,,1.0,3,62,45.0
masked,bert-base-uncased,bert-base-uncased,,1.0,3,63,42.0
masked,bert-base-uncased,bert-base-uncased,,1.0,3,64,45.0
masked,bert-base-uncased,bert-base-uncased,,1.0,3,65,39.0
masked,bert-base-uncased,bert-base-uncased,,1.0,3,66,43.0
masked,bert-base-uncased,bert-base-uncased,,1.0,3,67,42.0
masked,bert-base-uncased,bert-base-uncased,,1.0,3,68,41.0
masked,bert-base-uncased,bert-base-uncased,,1.0,3,69,33.0
masked,bert-base-uncased,bert-base-uncased,,1.0,3,70,35.0
masked,bert-base-uncased,bert-base-uncased,,1.0,3,71,39.0
masked,bert-base-uncased,bert-base-uncased,,1.0,3,72,40.0
masked,bert-base-uncased,bert-base-uncased,,1.0,3,73,43.0
masked,bert-base-uncased,bert-base-uncased,,1.0,3,74,39.0
masked,bert-base-uncased,bert-base-uncased,,1.0,3,75,44.0
masked,bert-base-uncased,bert-base-uncased,,1.0,3,76,35.0
masked,bert-base-uncased,bert-base-uncased,,1.0,3,77,37.0
masked,bert-base-uncased,bert-base-uncased,,1.0,3,78,44.0
masked,bert-base-uncased,bert-base-uncased,,1.0,3,79,44.0
masked,bert-base-uncased,bert-base-uncased,,1.0,3,80,36.0
masked,bert-base-uncased,bert-base-uncased,,1.0,3,81,44.0
masked,bert-base-uncased,bert-base-uncased,,1.0,3,82,41.0
masked,bert-base-uncased,bert-base-uncased,,1.0,3,83,31.0
masked,bert-base-uncased,bert-base-uncased,,1.0,3,84,41.0
masked,bert-base-uncased,bert-base-uncased,,1.0,3,85,37.0
masked,bert-base-uncased,bert-base-uncased,,1.0,3,86,43.0
masked,bert-base-uncased,bert-base-uncased,,1.0,3,87,41.0
masked,bert-base-uncased,bert-base-uncased,,1.0,3,88,44.0
masked,bert-base-uncased,bert-base-uncased,,1.0,3,89,40.0
masked,bert-base-uncased,bert-base-uncased,,1.0,3,90,41.0
masked,bert-base-uncased,bert-base-uncased,,1.0,3,91,43.0
masked,bert-base-uncased,bert-base-uncased,,1.0,3,92,46.0
masked,bert-base-uncased,bert-base-uncased,,1.0,3,93,41.0
masked,bert-base-uncased,bert-base-uncased,,1.0,3,94,45.0
masked,bert-base-uncased,bert-base-uncased,,1.0,3,95,40.0
masked,bert-base-uncased,bert-base-uncased,,1.0,3,96,45.0
masked,bert-base-uncased,bert-base-uncased,,1.0,3,97,42.0
masked,bert-base-uncased,bert-base-uncased,,1.0,3,98,32.0
masked,bert-base-uncased,bert-base-uncased,,1.0,3,99,43.0
masked,bert-base-uncased,bert-base-uncased,,1.0,3,100,42.0
masked,bert-base-uncased,bert-base-uncased,,1.0,3,101,44.0
masked,bert-base-uncased,bert-base-uncased,,1.0,3,102,41.0
masked,bert-base-uncased,bert-base-uncased,,1.0,3,103,42.0
masked,bert-base-uncased,bert-base-uncased,,1.0,3,104,43.0
masked,bert-base-uncased,bert-base-uncased,,1.0,3,105,42.0
masked,bert-base-uncased,bert-base-uncased,,1.0,3,106,43.0
masked,bert-base-uncased,bert-base-uncased,,1.0,3,107,36.0
masked,bert-base-uncased,bert-base-uncased,,1.0,3,108,36.0
masked,bert-base-uncased,bert-base-uncased,,1.0,3,109,44.0
masked,bert-base-uncased,bert-base-uncased,,1.0,3,110,34.0
masked,bert-base-uncased,bert-base-uncased,,1.0,3,111,35.0
masked,bert-base-uncased,bert-base-uncased,,1.0,3,112,47.0
masked,bert-base-uncased,bert-base-uncased,,1.0,3,113,37.0
masked,bert-base-uncased,bert-base-uncased,,1.0,3,114,44.0
masked,bert-base-uncased,bert-base-uncased,,1.0,3,115,44.0
masked,bert-base-uncased,bert-base-uncased,,1.0,3,116,44.0
masked,bert-base-uncased,bert-base-uncased,,1.0,3,117,44.0
masked,bert-base-uncased,bert-base-uncased,,1.0,3,118,42.0
masked,bert-base-uncased,bert-base-uncased,,1.0,3,119,46.0
masked,bert-base-uncased,bert-base-uncased,,1.0,3,120,38.0
masked,bert-base-uncased,bert-base-uncased,,1.0,4,0,1.0
masked,bert-base-uncased,bert-base-uncased,,1.0,4,1,2.0
masked,bert-base-uncased,bert-base-uncased,,1.0,4,2,7.0
masked,bert-base-uncased,bert-base-uncased,,1.0,4,3,17.0
masked,bert-base-uncased,bert-base-uncased,,1.0,4,4,26.0
masked,bert-base-uncased,bert-base-uncased,,1.0,4,5,26.0
masked,bert-base-uncased,bert-base-uncased,,1.0,4,6,33.0
masked,bert-base-uncased,bert-base-uncased,,1.0,4,7,31.0
masked,bert-base-uncased,bert-base-uncased,,1.0,4,8,33.0
masked,bert-base-uncased,bert-base-uncased,,1.0,4,9,32.0
masked,bert-base-uncased,bert-base-uncased,,1.0,4,10,30.0
masked,bert-base-uncased,bert-base-uncased,,1.0,4,11,22.0
masked,bert-base-uncased,bert-base-uncased,,1.0,4,12,24.0
masked,bert-base-uncased,bert-base-uncased,,1.0,4,13,16.0
masked,bert-base-uncased,bert-base-uncased,,1.0,4,14,8.0
masked,bert-base-uncased,bert-base-uncased,,1.0,4,15,1.0
masked,bert-base-uncased,bert-base-uncased,,1.0,4,16,5.0
masked,bert-base-uncased,bert-base-uncased,,1.0,4,17,1.0
masked,bert-base-uncased,bert-base-uncased,,1.0,4,18,7.0
masked,bert-base-uncased,bert-base-uncased,,1.0,4,19,1.0
masked,bert-base-uncased,bert-base-uncased,,1.0,4,20,6.0
masked,bert-base-uncased,bert-base-uncased,,1.0,4,21,2.0
masked,bert-base-uncased,bert-base-uncased,,1.0,4,22,10.0
masked,bert-base-uncased,bert-base-uncased,,1.0,4,23,6.0
masked,bert-base-uncased,bert-base-uncased,,1.0,4,24,10.0
masked,bert-base-uncased,bert-base-uncased,,1.0,4,25,4.0
masked,bert-base-uncased,bert-base-uncased,,1.0,4,26,8.0
masked,bert-base-uncased,bert-base-uncased,,1.0,4,27,2.0
masked,bert-base-uncased,bert-base-uncased,,1.0,4,28,0.0
masked,bert-base-uncased,bert-base-uncased,,1.0,4,29,0.0
masked,bert-base-uncased,bert-base-uncased,,1.0,4,30,0.0
masked,bert-base-uncased,bert-base-uncased,,1.0,4,31,0.0
masked,bert-base-uncased,bert-base-uncased,,1.0,4,32,0.0
masked,bert-base-uncased,bert-base-uncased,,1.0,4,33,0.0
masked,bert-base-uncased,bert-base-uncased,,1.0,4,34,0.0
masked,bert-base-uncased,bert-base-uncased,,1.0,4,35,0.0
masked,bert-base-uncased,bert-base-uncased,,1.0,4,36,0.0
masked,bert-base-uncased,bert-base-uncased,,1.0,4,37,0.0
masked,bert-base-uncased,bert-base-uncased,,1.0,4,38,0.0
masked,bert-base-uncased,bert-base-uncased,,1.0,4,39,0.0
masked,bert-base-uncased,bert-base-uncased,,1.0,4,40,0.0
masked,bert-base-uncased,bert-base-uncased,,1.0,4,41,0.0
masked,bert-base-uncased,bert-base-uncased,,1.0,4,42,0.0
masked,bert-base-uncased,bert-base-uncased,,1.0,4,43,0.0
masked,bert-base-uncased,bert-base-uncased,,1.0,4,44,0.0
masked,bert-base-uncased,bert-base-uncased,,1.0,4,45,0.0
masked,bert-base-uncased,bert-base-uncased,,1.0,4,46,0.0
masked,bert-base-uncased,bert-base-uncased,,1.0,4,47,0.0
masked,bert-base-uncased,bert-base-uncased,,1.0,4,48,0.0
masked,bert-base-uncased,bert-base-uncased,,1.0,4,49,0.0
masked,bert-base-uncased,bert-base-uncased,,1.0,4,50,0.0
masked,bert-base-uncased,bert-base-uncased,,1.0,4,51,0.0
masked,bert-base-uncased,bert-base-uncased,,1.0,4,52,0.0
masked,bert-base-uncased,bert-base-uncased,,1.0,4,53,0.0
masked,bert-base-uncased,bert-base-uncased,,1.0,4,54,0.0
masked,bert-base-uncased,bert-base-uncased,,1.0,4,55,0.0
masked,bert-base-uncased,bert-base-uncased,,1.0,4,56,0.0
masked,bert-base-uncased,bert-base-uncased,,1.0,4,57,0.0
masked,bert-base-uncased,bert-base-uncased,,1.0,4,58,0.0
masked,bert-base-uncased,bert-base-uncased,,1.0,4,59,0.0
masked,bert-base-uncased,bert-base-uncased,,1.0,4,60,0.0
masked,bert-base-uncased,bert-base-uncased,,1.0,4,61,0.0
masked,bert-base-uncased,bert-base-uncased,,1.0,4,62,0.0
masked,bert-base-uncased,bert-base-uncased,,1.0,4,63,0.0
masked,bert-base-uncased,bert-base-uncased,,1.0,4,64,0.0
masked,bert-base-uncased,bert-base-uncased,,1.0,4,65,0.0
masked,bert-base-uncased,bert-base-uncased,,1.0,4,66,0.0
masked,bert-base-uncased,bert-base-uncased,,1.0,4,67,0.0
masked,bert-base-uncased,bert-base-uncased,,1.0,4,68,0.0
masked,bert-base-uncased,bert-base-uncased,,1.0,4,69,0.0
masked,bert-base-uncased,bert-base-uncased,,1.0,4,70,0.0
masked,bert-base-uncased,bert-base-uncased,,1.0,4,71,0.0
masked,bert-base-uncased,bert-base-uncased,,1.0,4,72,0.0
masked,bert-base-uncased,bert-base-uncased,,1.0,4,73,0.0
masked,bert-base-uncased,bert-base-uncased,,1.0,4,74,0.0
masked,bert-base-uncased,bert-base-uncased,,1.0,4,75,0.0
masked,bert-base-uncased,bert-base-uncased,,1.0,4,76,0.0
masked,bert-base-uncased,bert-base-uncased,,1.0,4,77,0.0
masked,bert-base-uncased,bert-base-uncased,,1.0,4,78,0.0
masked,bert-base-uncased,bert-base-uncased,,1.0,4,79,0.0
masked,bert-base-uncased,bert-base-uncased,,1.0,4,80,0.0
masked,bert-base-uncased,bert-base-uncased,,1.0,4,81,0.0
masked,bert-base-uncased,bert-base-uncased,,1.0,4,82,0.0
masked,bert-base-uncased,bert-base-uncased,,1.0,4,83,0.0
masked,bert-base-uncased,bert-base-uncased,,1.0,4,84,0.0
masked,bert-base-uncased,bert-base-uncased,,1.0,4,85,0.0
masked,bert-base-uncased,bert-base-uncased,,1.0,4,86,0.0
masked,bert-base-uncased,bert-base-uncased,,1.0,4,87,0.0
masked,bert-base-uncased,bert-base-uncased,,1.0,4,88,0.0
masked,bert-base-uncased,bert-base-uncased,,1.0,4,89,0.0
masked,bert-base-uncased,bert-base-uncased,,1.0,4,90,0.0
masked,bert-base-uncased,bert-base-uncased,,1.0,4,91,0.0
masked,bert-base-uncased,bert-base-uncased,,1.0,4,92,0.0
masked,bert-base-uncased,bert-base-uncased,,1.0,4,93,0.0
masked,bert-base-uncased,bert-base-uncased,,1.0,4,94,0.0
masked,bert-base-uncased,bert-base-uncased,,1.0,4,95,0.0
masked,bert-base-uncased,bert-base-uncased,,1.0,4,96,0.0
masked,bert-base-uncased,bert-base-uncased,,1.0,4,97,0.0
masked,bert-base-uncased,bert-base-uncased,,1.0,4,98,0.0
masked,bert-base-uncased,bert-base-uncased,,1.0,4,99,0.0
masked,bert-base-uncased,bert-base-uncased,,1.0,4,100,0.0
masked,bert-base-uncased,bert-base-uncased,,1.0,4,101,0.0
masked,bert-base-uncased,bert-base-uncased,,1.0,4,102,0.0
masked,bert-base-uncased,bert-base-uncased,,1.0,4,103,0.0
masked,bert-base-uncased,bert-base-uncased,,1.0,4,104,0.0
masked,bert-base-uncased,bert-base-uncased,,1.0,4,105,0.0
masked,bert-base-uncased,bert-base-uncased,,1.0,4,106,0.0
masked,bert-base-uncased,bert-base-uncased,,1.0,4,107,0.0
masked,bert-base-uncased,bert-base-uncased,,1.0,4,108,0.0
masked,bert-base-uncased,bert-base-uncased,,1.0,4,109,0.0
masked,bert-base-uncased,bert-base-uncased,,1.0,4,110,0.0
masked,bert-base-uncased,bert-base-uncased,,1.0,4,111,0.0
masked,bert-base-uncased,bert-base-uncased,,1.0,4,112,0.0
masked,bert-base-uncased,bert-base-uncased,,1.0,4,113,0.0
masked,bert-base-uncased,bert-base-uncased,,1.0,4,114,0.0
masked,bert-base-uncased,bert-base-uncased,,1.0,4,115,0.0
masked,bert-base-uncased,bert-base-uncased,,1.0,4,116,0.0
masked,bert-base-uncased,bert-base-uncased,,1.0,4,117,0.0
masked,bert-base-uncased,bert-base-uncased,,1.0,4,118,0.0
masked,bert-base-uncased,bert-base-uncased,,1.0,4,119,0.0
masked,bert-base-uncased,bert-base-uncased,,1.0,4,120,0.0
masked,bert-base-uncased,bert-base-uncased,,1.0,5,0,1.0
masked,bert-base-uncased,bert-base-uncased,,1.0,5,1,7.0
masked,bert-base-uncased,bert-base-uncased,,1.0,5,2,14.0
masked,bert-base-uncased,bert-base-uncased,,1.0,5,3,23.0
masked,bert-base-uncased,bert-base-uncased,,1.0,5,4,33.0
masked,bert-base-uncased,bert-base-uncased,,1.0,5,5,38.0
masked,bert-base-uncased,bert-base-uncased,,1.0,5,6,36.0
masked,bert-base-uncased,bert-base-uncased,,1.0,5,7,37.0
masked,bert-base-uncased,bert-base-uncased,,1.0,5,8,40.0
masked,bert-base-uncased,bert-base-uncased,,1.0,5,9,34.0
masked,bert-base-uncased,bert-base-uncased,,1.0,5,10,32.0
masked,bert-base-uncased,bert-base-uncased,,1.0,5,11,35.0
masked,bert-base-uncased,bert-base-uncased,,1.0,5,12,37.0
masked,bert-base-uncased,bert-base-uncased,,1.0,5,13,38.0
masked,bert-base-uncased,bert-base-uncased,,1.0,5,14,43.0
masked,bert-base-uncased,bert-base-uncased,,1.0,5,15,42.0
masked,bert-base-uncased,bert-base-uncased,,1.0,5,16,44.0
masked,bert-base-uncased,bert-base-uncased,,1.0,5,17,44.0
masked,bert-base-uncased,bert-base-uncased,,1.0,5,18,39.0
masked,bert-base-uncased,bert-base-uncased,,1.0,5,19,39.0
masked,bert-base-uncased,bert-base-uncased,,1.0,5,20,33.0
masked,bert-base-uncased,bert-base-uncased,,1.0,5,21,36.0
masked,bert-base-uncased,bert-base-uncased,,1.0,5,22,34.0
masked,bert-base-uncased,bert-base-uncased,,1.0,5,23,38.0
masked,bert-base-uncased,bert-base-uncased,,1.0,5,24,23.0
masked,bert-base-uncased,bert-base-uncased,,1.0,5,25,14.0
masked,bert-base-uncased,bert-base-uncased,,1.0,5,26,13.0
masked,bert-base-uncased,bert-base-uncased,,1.0,5,27,12.0
masked,bert-base-uncased,bert-base-uncased,,1.0,5,28,6.0
masked,bert-base-uncased,bert-base-uncased,,1.0,5,29,8.0
masked,bert-base-uncased,bert-base-uncased,,1.0,5,30,10.0
masked,bert-base-uncased,bert-base-uncased,,1.0,5,31,9.0
masked,bert-base-uncased,bert-base-uncased,,1.0,5,32,2.0
masked,bert-base-uncased,bert-base-uncased,,1.0,5,33,5.0
masked,bert-base-uncased,bert-base-uncased,,1.0,5,34,2.0
masked,bert-base-uncased,bert-base-uncased,,1.0,5,35,6.0
masked,bert-base-uncased,bert-base-uncased,,1.0,5,36,8.0
masked,bert-base-uncased,bert-base-uncased,,1.0,5,37,15.0
masked,bert-base-uncased,bert-base-uncased,,1.0,5,38,11.0
masked,bert-base-uncased,bert-base-uncased,,1.0,5,39,18.0
masked,bert-base-uncased,bert-base-uncased,,1.0,5,40,8.0
masked,bert-base-uncased,bert-base-uncased,,1.0,5,41,11.0
masked,bert-base-uncased,bert-base-uncased,,1.0,5,42,8.0
masked,bert-base-uncased,bert-base-uncased,,1.0,5,43,21.0
masked,bert-base-uncased,bert-base-uncased,,1.0,5,44,9.0
masked,bert-base-uncased,bert-base-uncased,,1.0,5,45,19.0
masked,bert-base-uncased,bert-base-uncased,,1.0,5,46,7.0
masked,bert-base-uncased,bert-base-uncased,,1.0,5,47,10.0
masked,bert-base-uncased,bert-base-uncased,,1.0,5,48,8.0
masked,bert-base-uncased,bert-base-uncased,,1.0,5,49,18.0
masked,bert-base-uncased,bert-base-uncased,,1.0,5,50,3.0
masked,bert-base-uncased,bert-base-uncased,,1.0,5,51,12.0
masked,bert-base-uncased,bert-base-uncased,,1.0,5,52,8.0
masked,bert-base-uncased,bert-base-uncased,,1.0,5,53,20.0
masked,bert-base-uncased,bert-base-uncased,,1.0,5,54,23.0
masked,bert-base-uncased,bert-base-uncased,,1.0,5,55,31.0
masked,bert-base-uncased,bert-base-uncased,,1.0,5,56,45.0
masked,bert-base-uncased,bert-base-uncased,,1.0,5,57,33.0
masked,bert-base-uncased,bert-base-uncased,,1.0,5,58,44.0
masked,bert-base-uncased,bert-base-uncased,,1.0,5,59,36.0
masked,bert-base-uncased,bert-base-uncased,,1.0,5,60,42.0
masked,bert-base-uncased,bert-base-uncased,,1.0,5,61,44.0
masked,bert-base-uncased,bert-base-uncased,,1.0,5,62,31.0
masked,bert-base-uncased,bert-base-uncased,,1.0,5,63,36.0
masked,bert-base-uncased,bert-base-uncased,,1.0,5,64,43.0
masked,bert-base-uncased,bert-base-uncased,,1.0,5,65,36.0
masked,bert-base-uncased,bert-base-uncased,,1.0,5,66,40.0
masked,bert-base-uncased,bert-base-uncased,,1.0,5,67,42.0
masked,bert-base-uncased,bert-base-uncased,,1.0,5,68,39.0
masked,bert-base-uncased,bert-base-uncased,,1.0,5,69,30.0
masked,bert-base-uncased,bert-base-uncased,,1.0,5,70,42.0
masked,bert-base-uncased,bert-base-uncased,,1.0,5,71,44.0
masked,bert-base-uncased,bert-base-uncased,,1.0,5,72,44.0
masked,bert-base-uncased,bert-base-uncased,,1.0,5,73,46.0
masked,bert-base-uncased,bert-base-uncased,,1.0,5,74,42.0
masked,bert-base-uncased,bert-base-uncased,,1.0,5,75,42.0
masked,bert-base-uncased,bert-base-uncased,,1.0,5,76,46.0
masked,bert-base-uncased,bert-base-uncased,,1.0,5,77,33.0
masked,bert-base-uncased,bert-base-uncased,,1.0,5,78,37.0
masked,bert-base-uncased,bert-base-uncased,,1.0,5,79,42.0
masked,bert-base-uncased,bert-base-uncased,,1.0,5,80,40.0
masked,bert-base-uncased,bert-base-uncased,,1.0,5,81,45.0
masked,bert-base-uncased,bert-base-uncased,,1.0,5,82,40.0
masked,bert-base-uncased,bert-base-uncased,,1.0,5,83,42.0
masked,bert-base-uncased,bert-base-uncased,,1.0,5,84,37.0
masked,bert-base-uncased,bert-base-uncased,,1.0,5,85,38.0
masked,bert-base-uncased,bert-base-uncased,,1.0,5,86,45.0
masked,bert-base-uncased,bert-base-uncased,,1.0,5,87,40.0
masked,bert-base-uncased,bert-base-uncased,,1.0,5,88,46.0
masked,bert-base-uncased,bert-base-uncased,,1.0,5,89,31.0
masked,bert-base-uncased,bert-base-uncased,,1.0,5,90,35.0
masked,bert-base-uncased,bert-base-uncased,,1.0,5,91,46.0
masked,bert-base-uncased,bert-base-uncased,,1.0,5,92,39.0
masked,bert-base-uncased,bert-base-uncased,,1.0,5,93,27.0
masked,bert-base-uncased,bert-base-uncased,,1.0,5,94,32.0
masked,bert-base-uncased,bert-base-uncased,,1.0,5,95,31.0
masked,bert-base-uncased,bert-base-uncased,,1.0,5,96,29.0
masked,bert-base-uncased,bert-base-uncased,,1.0,5,97,27.0
masked,bert-base-uncased,bert-base-uncased,,1.0,5,98,39.0
masked,bert-base-uncased,bert-base-uncased,,1.0,5,99,42.0
masked,bert-base-uncased,bert-base-uncased,,1.0,5,100,45.0
masked,bert-base-uncased,bert-base-uncased,,1.0,5,101,37.0
masked,bert-base-uncased,bert-base-uncased,,1.0,5,102,46.0
masked,bert-base-uncased,bert-base-uncased,,1.0,5,103,45.0
masked,bert-base-uncased,bert-base-uncased,,1.0,5,104,45.0
masked,bert-base-uncased,bert-base-uncased,,1.0,5,105,44.0
masked,bert-base-uncased,bert-base-uncased,,1.0,5,106,42.0
masked,bert-base-uncased,bert-base-uncased,,1.0,5,107,44.0
masked,bert-base-uncased,bert-base-uncased,,1.0,5,108,38.0
masked,bert-base-uncased,bert-base-uncased,,1.0,5,109,44.0
masked,bert-base-uncased,bert-base-uncased,,1.0,5,110,43.0
masked,bert-base-uncased,bert-base-uncased,,1.0,5,111,39.0
masked,bert-base-uncased,bert-base-uncased,,1.0,5,112,36.0
masked,bert-base-uncased,bert-base-uncased,,1.0,5,113,42.0
masked,bert-base-uncased,bert-base-uncased,,1.0,5,114,37.0
masked,bert-base-uncased,bert-base-uncased,,1.0,5,115,41.0
masked,bert-base-uncased,bert-base-uncased,,1.0,5,116,40.0
masked,bert-base-uncased,bert-base-uncased,,1.0,5,117,41.0
masked,bert-base-uncased,bert-base-uncased,,1.0,5,118,42.0
masked,bert-base-uncased,bert-base-uncased,,1.0,5,119,43.0
masked,bert-base-uncased,bert-base-uncased,,1.0,5,120,39.0
masked,bert-base-uncased,bert-base-uncased,,1.0,6,0,1.0
masked,bert-base-uncased,bert-base-uncased,,1.0,6,1,5.0
masked,bert-base-uncased,bert-base-uncased,,1.0,6,2,18.0
masked,bert-base-uncased,bert-base-uncased,,1.0,6,3,26.0
masked,bert-base-uncased,bert-base-uncased,,1.0,6,4,30.0
masked,bert-base-uncased,bert-base-uncased,,1.0,6,5,29.0
masked,bert-base-uncased,bert-base-uncased,,1.0,6,6,29.0
masked,bert-base-uncased,bert-base-uncased,,1.0,6,7,35.0
masked,bert-base-uncased,bert-base-uncased,,1.0,6,8,36.0
masked,bert-base-uncased,bert-base-uncased,,1.0,6,9,36.0
masked,bert-base-uncased,bert-base-uncased,,1.0,6,10,35.0
masked,bert-base-uncased,bert-base-uncased,,1.0,6,11,33.0
masked,bert-base-uncased,bert-base-uncased,,1.0,6,12,33.0
masked,bert-base-uncased,bert-base-uncased,,1.0,6,13,33.0
masked,bert-base-uncased,bert-base-uncased,,1.0,6,14,33.0
masked,bert-base-uncased,bert-base-uncased,,1.0,6,15,31.0
masked,bert-base-uncased,bert-base-uncased,,1.0,6,16,41.0
masked,bert-base-uncased,bert-base-uncased,,1.0,6,17,43.0
masked,bert-base-uncased,bert-base-uncased,,1.0,6,18,40.0
masked,bert-base-uncased,bert-base-uncased,,1.0,6,19,34.0
masked,bert-base-uncased,bert-base-uncased,,1.0,6,20,41.0
masked,bert-base-uncased,bert-base-uncased,,1.0,6,21,40.0
masked,bert-base-uncased,bert-base-uncased,,1.0,6,22,35.0
masked,bert-base-uncased,bert-base-uncased,,1.0,6,23,18.0
masked,bert-base-uncased,bert-base-uncased,,1.0,6,24,19.0
masked,bert-base-uncased,bert-base-uncased,,1.0,6,25,17.0
masked,bert-base-uncased,bert-base-uncased,,1.0,6,26,19.0
masked,bert-base-uncased,bert-base-uncased,,1.0,6,27,18.0
masked,bert-base-uncased,bert-base-uncased,,1.0,6,28,28.0
masked,bert-base-uncased,bert-base-uncased,,1.0,6,29,27.0
masked,bert-base-uncased,bert-base-uncased,,1.0,6,30,21.0
masked,bert-base-uncased,bert-base-uncased,,1.0,6,31,13.0
masked,bert-base-uncased,bert-base-uncased,,1.0,6,32,24.0
masked,bert-base-uncased,bert-base-uncased,,1.0,6,33,15.0
masked,bert-base-uncased,bert-base-uncased,,1.0,6,34,6.0
masked,bert-base-uncased,bert-base-uncased,,1.0,6,35,1.0
masked,bert-base-uncased,bert-base-uncased,,1.0,6,36,7.0
masked,bert-base-uncased,bert-base-uncased,,1.0,6,37,2.0
masked,bert-base-uncased,bert-base-uncased,,1.0,6,38,1.0
masked,bert-base-uncased,bert-base-uncased,,1.0,6,39,1.0
masked,bert-base-uncased,bert-base-uncased,,1.0,6,40,2.0
masked,bert-base-uncased,bert-base-uncased,,1.0,6,41,1.0
masked,bert-base-uncased,bert-base-uncased,,1.0,6,42,6.0
masked,bert-base-uncased,bert-base-uncased,,1.0,6,43,3.0
masked,bert-base-uncased,bert-base-uncased,,1.0,6,44,10.0
masked,bert-base-uncased,bert-base-uncased,,1.0,6,45,4.0
masked,bert-base-uncased,bert-base-uncased,,1.0,6,46,15.0
masked,bert-base-uncased,bert-base-uncased,,1.0,6,47,12.0
masked,bert-base-uncased,bert-base-uncased,,1.0,6,48,16.0
masked,bert-base-uncased,bert-base-uncased,,1.0,6,49,8.0
masked,bert-base-uncased,bert-base-uncased,,1.0,6,50,9.0
masked,bert-base-uncased,bert-base-uncased,,1.0,6,51,3.0
masked,bert-base-uncased,bert-base-uncased,,1.0,6,52,11.0
masked,bert-base-uncased,bert-base-uncased,,1.0,6,53,7.0
masked,bert-base-uncased,bert-base-uncased,,1.0,6,54,10.0
masked,bert-base-uncased,bert-base-uncased,,1.0,6,55,4.0
masked,bert-base-uncased,bert-base-uncased,,1.0,6,56,4.0
masked,bert-base-uncased,bert-base-uncased,,1.0,6,57,1.0
masked,bert-base-uncased,bert-base-uncased,,1.0,6,58,5.0
masked,bert-base-uncased,bert-base-uncased,,1.0,6,59,1.0
masked,bert-base-uncased,bert-base-uncased,,1.0,6,60,1.0
masked,bert-base-uncased,bert-base-uncased,,1.0,6,61,0.0
masked,bert-base-uncased,bert-base-uncased,,1.0,6,62,0.0
masked,bert-base-uncased,bert-base-uncased,,1.0,6,63,0.0
masked,bert-base-uncased,bert-base-uncased,,1.0,6,64,0.0
masked,bert-base-uncased,bert-base-uncased,,1.0,6,65,0.0
masked,bert-base-uncased,bert-base-uncased,,1.0,6,66,0.0
masked,bert-base-uncased,bert-base-uncased,,1.0,6,67,0.0
masked,bert-base-uncased,bert-base-uncased,,1.0,6,68,0.0
masked,bert-base-uncased,bert-base-uncased,,1.0,6,69,0.0
masked,bert-base-uncased,bert-base-uncased,,1.0,6,70,0.0
masked,bert-base-uncased,bert-base-uncased,,1.0,6,71,0.0
masked,bert-base-uncased,bert-base-uncased,,1.0,6,72,0.0
masked,bert-base-uncased,bert-base-uncased,,1.0,6,73,0.0
masked,bert-base-uncased,bert-base-uncased,,1.0,6,74,0.0
masked,bert-base-uncased,bert-base-uncased,,1.0,6,75,0.0
masked,bert-base-uncased,bert-base-uncased,,1.0,6,76,0.0
masked,bert-base-uncased,bert-base-uncased,,1.0,6,77,0.0
masked,bert-base-uncased,bert-base-uncased,,1.0,6,78,0.0
masked,bert-base-uncased,bert-base-uncased,,1.0,6,79,0.0
masked,bert-base-uncased,bert-base-uncased,,1.0,6,80,0.0
masked,bert-base-uncased,bert-base-uncased,,1.0,6,81,0.0
masked,bert-base-uncased,bert-base-uncased,,1.0,6,82,0.0
masked,bert-base-uncased,bert-base-uncased,,1.0,6,83,0.0
masked,bert-base-uncased,bert-base-uncased,,1.0,6,84,0.0
masked,bert-base-uncased,bert-base-uncased,,1.0,6,85,0.0
masked,bert-base-uncased,bert-base-uncased,,1.0,6,86,0.0
masked,bert-base-uncased,bert-base-uncased,,1.0,6,87,0.0
masked,bert-base-uncased,bert-base-uncased,,1.0,6,88,0.0
masked,bert-base-uncased,bert-base-uncased,,1.0,6,89,0.0
masked,bert-base-uncased,bert-base-uncased,,1.0,6,90,0.0
masked,bert-base-uncased,bert-base-uncased,,1.0,6,91,0.0
masked,bert-base-uncased,bert-base-uncased,,1.0,6,92,0.0
masked,bert-base-uncased,bert-base-uncased,,1.0,6,93,0.0
masked,bert-base-uncased,bert-base-uncased,,1.0,6,94,0.0
masked,bert-base-uncased,bert-base-uncased,,1.0,6,95,0.0
masked,bert-base-uncased,bert-base-uncased,,1.0,6,96,0.0
masked,bert-base-uncased,bert-base-uncased,,1.0,6,97,0.0
masked,bert-base-uncased,bert-base-uncased,,1.0,6,98,0.0
masked,bert-base-uncased,bert-base-uncased,,1.0,6,99,0.0
masked,bert-base-uncased,bert-base-uncased,,1.0,6,100,0.0
masked,bert-base-uncased,bert-base-uncased,,1.0,6,101,0.0
masked,bert-base-uncased,bert-base-uncased,,1.0,6,102,0.0
masked,bert-base-uncased,bert-base-uncased,,1.0,6,103,0.0
masked,bert-base-uncased,bert-base-uncased,,1.0,6,104,0.0
masked,bert-base-uncased,bert-base-uncased,,1.0,6,105,0.0
masked,bert-base-uncased,bert-base-uncased,,1.0,6,106,0.0
masked,bert-base-uncased,bert-base-uncased,,1.0,6,107,0.0
masked,bert-base-uncased,bert-base-uncased,,1.0,6,108,0.0
masked,bert-base-uncased,bert-base-uncased,,1.0,6,109,0.0
masked,bert-base-uncased,bert-base-uncased,,1.0,6,110,0.0
masked,bert-base-uncased,bert-base-uncased,,1.0,6,111,0.0
masked,bert-base-uncased,bert-base-uncased,,1.0,6,112,0.0
masked,bert-base-uncased,bert-base-uncased,,1.0,6,113,0.0
masked,bert-base-uncased,bert-base-uncased,,1.0,6,114,0.0
masked,bert-base-uncased,bert-base-uncased,,1.0,6,115,0.0
masked,bert-base-uncased,bert-base-uncased,,1.0,6,116,0.0
masked,bert-base-uncased,bert-base-uncased,,1.0,6,117,0.0
masked,bert-base-uncased,bert-base-uncased,,1.0,6,118,0.0
masked,bert-base-uncased,bert-base-uncased,,1.0,6,119,0.0
masked,bert-base-uncased,bert-base-uncased,,1.0,6,120,0.0
masked,bert-base-uncased,bert-base-uncased,,1.0,7,0,1.0
masked,bert-base-uncased,bert-base-uncased,,1.0,7,1,5.0
masked,bert-base-uncased,bert-base-uncased,,1.0,7,2,17.0
masked,bert-base-uncased,bert-base-uncased,,1.0,7,3,25.0
masked,bert-base-uncased,bert-base-uncased,,1.0,7,4,31.0
masked,bert-base-uncased,bert-base-uncased,,1.0,7,5,27.0
masked,bert-base-uncased,bert-base-uncased,,1.0,7,6,37.0
masked,bert-base-uncased,bert-base-uncased,,1.0,7,7,38.0
masked,bert-base-uncased,bert-base-uncased,,1.0,7,8,38.0
masked,bert-base-uncased,bert-base-uncased,,1.0,7,9,31.0
masked,bert-base-uncased,bert-base-uncased,,1.0,7,10,30.0
masked,bert-base-uncased,bert-base-uncased,,1.0,7,11,33.0
masked,bert-base-uncased,bert-base-uncased,,1.0,7,12,40.0
masked,bert-base-uncased,bert-base-uncased,,1.0,7,13,41.0
masked,bert-base-uncased,bert-base-uncased,,1.0,7,14,38.0
masked,bert-base-uncased,bert-base-uncased,,1.0,7,15,33.0
masked,bert-base-uncased,bert-base-uncased,,1.0,7,16,40.0
masked,bert-base-uncased,bert-base-uncased,,1.0,7,17,40.0
masked,bert-base-uncased,bert-base-uncased,,1.0,7,18,41.0
masked,bert-base-uncased,bert-base-uncased,,1.0,7,19,41.0
masked,bert-base-uncased,bert-base-uncased,,1.0,7,20,40.0
masked,bert-base-uncased,bert-base-uncased,,1.0,7,21,44.0
masked,bert-base-uncased,bert-base-uncased,,1.0,7,22,41.0
masked,bert-base-uncased,bert-base-uncased,,1.0,7,23,44.0
masked,bert-base-uncased,bert-base-uncased,,1.0,7,24,43.0
masked,bert-base-uncased,bert-base-uncased,,1.0,7,25,42.0
masked,bert-base-uncased,bert-base-uncased,,1.0,7,26,42.0
masked,bert-base-uncased,bert-base-uncased,,1.0,7,27,44.0
masked,bert-base-uncased,bert-base-uncased,,1.0,7,28,39.0
masked,bert-base-uncased,bert-base-uncased,,1.0,7,29,42.0
masked,bert-base-uncased,bert-base-uncased,,1.0,7,30,42.0
masked,bert-base-uncased,bert-base-uncased,,1.0,7,31,44.0
masked,bert-base-uncased,bert-base-uncased,,1.0,7,32,40.0
masked,bert-base-uncased,bert-base-uncased,,1.0,7,33,34.0
masked,bert-base-uncased,bert-base-uncased,,1.0,7,34,43.0
masked,bert-base-uncased,bert-base-uncased,,1.0,7,35,44.0
masked,bert-base-uncased,bert-base-uncased,,1.0,7,36,40.0
masked,bert-base-uncased,bert-base-uncased,,1.0,7,37,46.0
masked,bert-base-uncased,bert-base-uncased,,1.0,7,38,38.0
masked,bert-base-uncased,bert-base-uncased,,1.0,7,39,46.0
masked,bert-base-uncased,bert-base-uncased,,1.0,7,40,43.0
masked,bert-base-uncased,bert-base-uncased,,1.0,7,41,43.0
masked,bert-base-uncased,bert-base-uncased,,1.0,7,42,38.0
masked,bert-base-uncased,bert-base-uncased,,1.0,7,43,41.0
masked,bert-base-uncased,bert-base-uncased,,1.0,7,44,40.0
masked,bert-base-uncased,bert-base-uncased,,1.0,7,45,43.0
masked,bert-base-uncased,bert-base-uncased,,1.0,7,46,41.0
masked,bert-base-uncased,bert-base-uncased,,1.0,7,47,43.0
masked,bert-base-uncased,bert-base-uncased,,1.0,7,48,42.0
masked,bert-base-uncased,bert-base-uncased,,1.0,7,49,33.0
masked,bert-base-uncased,bert-base-uncased,,1.0,7,50,46.0
masked,bert-base-uncased,bert-base-uncased,,1.0,7,51,41.0
masked,bert-base-uncased,bert-base-uncased,,1.0,7,52,46.0
masked,bert-base-uncased,bert-base-uncased,,1.0,7,53,39.0
masked,bert-base-uncased,bert-base-uncased,,1.0,7,54,45.0
masked,bert-base-uncased,bert-base-uncased,,1.0,7,55,38.0
masked,bert-base-uncased,bert-base-uncased,,1.0,7,56,41.0
masked,bert-base-uncased,bert-base-uncased,,1.0,7,57,45.0
masked,bert-base-uncased,bert-base-uncased,,1.0,7,58,37.0
masked,bert-base-uncased,bert-base-uncased,,1.0,7,59,38.0
masked,bert-base-uncased,bert-base-uncased,,1.0,7,60,44.0
masked,bert-base-uncased,bert-base-uncased,,1.0,7,61,34.0
masked,bert-base-uncased,bert-base-uncased,,1.0,7,62,44.0
masked,bert-base-uncased,bert-base-uncased,,1.0,7,63,39.0
masked,bert-base-uncased,bert-base-uncased,,1.0,7,64,39.0
masked,bert-base-uncased,bert-base-uncased,,1.0,7,65,43.0
masked,bert-base-uncased,bert-base-uncased,,1.0,7,66,45.0
masked,bert-base-uncased,bert-base-uncased,,1.0,7,67,32.0
masked,bert-base-uncased,bert-base-uncased,,1.0,7,68,45.0
masked,bert-base-uncased,bert-base-uncased,,1.0,7,69,42.0
masked,bert-base-uncased,bert-base-uncased,,1.0,7,70,42.0
masked,bert-base-uncased,bert-base-uncased,,1.0,7,71,45.0
masked,bert-base-uncased,bert-base-uncased,,1.0,7,72,37.0
masked,bert-base-uncased,bert-base-uncased,,1.0,7,73,41.0
masked,bert-base-uncased,bert-base-uncased,,1.0,7,74,46.0
masked,bert-base-uncased,bert-base-uncased,,1.0,7,75,44.0
masked,bert-base-uncased,bert-base-uncased,,1.0,7,76,33.0
masked,bert-base-uncased,bert-base-uncased,,1.0,7,77,38.0
masked,bert-base-uncased,bert-base-uncased,,1.0,7,78,42.0
masked,bert-base-uncased,bert-base-uncased,,1.0,7,79,39.0
masked,bert-base-uncased,bert-base-uncased,,1.0,7,80,44.0
masked,bert-base-uncased,bert-base-uncased,,1.0,7,81,39.0
masked,bert-base-uncased,bert-base-uncased,,1.0,7,82,45.0
masked,bert-base-uncased,bert-base-uncased,,1.0,7,83,42.0
masked,bert-base-uncased,bert-base-uncased,,1.0,7,84,45.0
masked,bert-base-uncased,bert-base-uncased,,1.0,7,85,43.0
masked,bert-base-uncased,bert-base-uncased,,1.0,7,86,40.0
masked,bert-base-uncased,bert-base-uncased,,1.0,7,87,41.0
masked,bert-base-uncased,bert-base-uncased,,1.0,7,88,39.0
masked,bert-base-uncased,bert-base-uncased,,1.0,7,89,41.0
masked,bert-base-uncased,bert-base-uncased,,1.0,7,90,40.0
masked,bert-base-uncased,bert-base-uncased,,1.0,7,91,43.0
masked,bert-base-uncased,bert-base-uncased,,1.0,7,92,47.0
masked,bert-base-uncased,bert-base-uncased,,1.0,7,93,41.0
masked,bert-base-uncased,bert-base-uncased,,1.0,7,94,44.0
masked,bert-base-uncased,bert-base-uncased,,1.0,7,95,40.0
masked,bert-base-uncased,bert-base-uncased,,1.0,7,96,46.0
masked,bert-base-uncased,bert-base-uncased,,1.0,7,97,39.0
masked,bert-base-uncased,bert-base-uncased,,1.0,7,98,44.0
masked,bert-base-uncased,bert-base-uncased,,1.0,7,99,38.0
masked,bert-base-uncased,bert-base-uncased,,1.0,7,100,45.0
masked,bert-base-uncased,bert-base-uncased,,1.0,7,101,42.0
masked,bert-base-uncased,bert-base-uncased,,1.0,7,102,40.0
masked,bert-base-uncased,bert-base-uncased,,1.0,7,103,35.0
masked,bert-base-uncased,bert-base-uncased,,1.0,7,104,35.0
masked,bert-base-uncased,bert-base-uncased,,1.0,7,105,33.0
masked,bert-base-uncased,bert-base-uncased,,1.0,7,106,41.0
masked,bert-base-uncased,bert-base-uncased,,1.0,7,107,45.0
masked,bert-base-uncased,bert-base-uncased,,1.0,7,108,42.0
masked,bert-base-uncased,bert-base-uncased,,1.0,7,109,46.0
masked,bert-base-uncased,bert-base-uncased,,1.0,7,110,41.0
masked,bert-base-uncased,bert-base-uncased,,1.0,7,111,46.0
masked,bert-base-uncased,bert-base-uncased,,1.0,7,112,39.0
masked,bert-base-uncased,bert-base-uncased,,1.0,7,113,41.0
masked,bert-base-uncased,bert-base-uncased,,1.0,7,114,43.0
masked,bert-base-uncased,bert-base-uncased,,1.0,7,115,44.0
masked,bert-base-uncased,bert-base-uncased,,1.0,7,116,39.0
masked,bert-base-uncased,bert-base-uncased,,1.0,7,117,31.0
masked,bert-base-uncased,bert-base-uncased,,1.0,7,118,40.0
masked,bert-base-uncased,bert-base-uncased,,1.0,7,119,46.0
masked,bert-base-uncased,bert-base-uncased,,1.0,7,120,35.0
masked,bert-base-uncased,bert-base-uncased,,1.0,8,0,1.0
masked,bert-base-uncased,bert-base-uncased,,1.0,8,1,6.0
masked,bert-base-uncased,bert-base-uncased,,1.0,8,2,10.0
masked,bert-base-uncased,bert-base-uncased,,1.0,8,3,18.0
masked,bert-base-uncased,bert-base-uncased,,1.0,8,4,21.0
masked,bert-base-uncased,bert-base-uncased,,1.0,8,5,29.0
masked,bert-base-uncased,bert-base-uncased,,1.0,8,6,31.0
masked,bert-base-uncased,bert-base-uncased,,1.0,8,7,37.0
masked,bert-base-uncased,bert-base-uncased,,1.0,8,8,41.0
masked,bert-base-uncased,bert-base-uncased,,1.0,8,9,42.0
masked,bert-base-uncased,bert-base-uncased,,1.0,8,10,35.0
masked,bert-base-uncased,bert-base-uncased,,1.0,8,11,40.0
masked,bert-base-uncased,bert-base-uncased,,1.0,8,12,36.0
masked,bert-base-uncased,bert-base-uncased,,1.0,8,13,39.0
masked,bert-base-uncased,bert-base-uncased,,1.0,8,14,37.0
masked,bert-base-uncased,bert-base-uncased,,1.0,8,15,40.0
masked,bert-base-uncased,bert-base-uncased,,1.0,8,16,40.0
masked,bert-base-uncased,bert-base-uncased,,1.0,8,17,44.0
masked,bert-base-uncased,bert-base-uncased,,1.0,8,18,44.0
masked,bert-base-uncased,bert-base-uncased,,1.0,8,19,44.0
masked,bert-base-uncased,bert-base-uncased,,1.0,8,20,44.0
masked,bert-base-uncased,bert-base-uncased,,1.0,8,21,40.0
masked,bert-base-uncased,bert-base-uncased,,1.0,8,22,41.0
masked,bert-base-uncased,bert-base-uncased,,1.0,8,23,38.0
masked,bert-base-uncased,bert-base-uncased,,1.0,8,24,37.0
masked,bert-base-uncased,bert-base-uncased,,1.0,8,25,42.0
masked,bert-base-uncased,bert-base-uncased,,1.0,8,26,39.0
masked,bert-base-uncased,bert-base-uncased,,1.0,8,27,33.0
masked,bert-base-uncased,bert-base-uncased,,1.0,8,28,33.0
masked,bert-base-uncased,bert-base-uncased,,1.0,8,29,19.0
masked,bert-base-uncased,bert-base-uncased,,1.0,8,30,25.0
masked,bert-base-uncased,bert-base-uncased,,1.0,8,31,17.0
masked,bert-base-uncased,bert-base-uncased,,1.0,8,32,32.0
masked,bert-base-uncased,bert-base-uncased,,1.0,8,33,20.0
masked,bert-base-uncased,bert-base-uncased,,1.0,8,34,25.0
masked,bert-base-uncased,bert-base-uncased,,1.0,8,35,14.0
masked,bert-base-uncased,bert-base-uncased,,1.0,8,36,20.0
masked,bert-base-uncased,bert-base-uncased,,1.0,8,37,9.0
masked,bert-base-uncased,bert-base-uncased,,1.0,8,38,9.0
masked,bert-base-uncased,bert-base-uncased,,1.0,8,39,5.0
masked,bert-base-uncased,bert-base-uncased,,1.0,8,40,3.0
masked,bert-base-uncased,bert-base-uncased,,1.0,8,41,3.0
masked,bert-base-uncased,bert-base-uncased,,1.0,8,42,8.0
masked,bert-base-uncased,bert-base-uncased,,1.0,8,43,2.0
masked,bert-base-uncased,bert-base-uncased,,1.0,8,44,9.0
masked,bert-base-uncased,bert-base-uncased,,1.0,8,45,5.0
masked,bert-base-uncased,bert-base-uncased,,1.0,8,46,16.0
masked,bert-base-uncased,bert-base-uncased,,1.0,8,47,5.0
masked,bert-base-uncased,bert-base-uncased,,1.0,8,48,3.0
masked,bert-base-uncased,bert-base-uncased,,1.0,8,49,1.0
masked,bert-base-uncased,bert-base-uncased,,1.0,8,50,0.0
masked,bert-base-uncased,bert-base-uncased,,1.0,8,51,0.0
masked,bert-base-uncased,bert-base-uncased,,1.0,8,52,0.0
masked,bert-base-uncased,bert-base-uncased,,1.0,8,53,0.0
masked,bert-base-uncased,bert-base-uncased,,1.0,8,54,0.0
masked,bert-base-uncased,bert-base-uncased,,1.0,8,55,0.0
masked,bert-base-uncased,bert-base-uncased,,1.0,8,56,0.0
masked,bert-base-uncased,bert-base-uncased,,1.0,8,57,0.0
masked,bert-base-uncased,bert-base-uncased,,1.0,8,58,0.0
masked,bert-base-uncased,bert-base-uncased,,1.0,8,59,0.0
masked,bert-base-uncased,bert-base-uncased,,1.0,8,60,0.0
masked,bert-base-uncased,bert-base-uncased,,1.0,8,61,0.0
masked,bert-base-uncased,bert-base-uncased,,1.0,8,62,0.0
masked,bert-base-uncased,bert-base-uncased,,1.0,8,63,0.0
masked,bert-base-uncased,bert-base-uncased,,1.0,8,64,0.0
masked,bert-base-uncased,bert-base-uncased,,1.0,8,65,0.0
masked,bert-base-uncased,bert-base-uncased,,1.0,8,66,0.0
masked,bert-base-uncased,bert-base-uncased,,1.0,8,67,0.0
masked,bert-base-uncased,bert-base-uncased,,1.0,8,68,0.0
masked,bert-base-uncased,bert-base-uncased,,1.0,8,69,0.0
masked,bert-base-uncased,bert-base-uncased,,1.0,8,70,0.0
masked,bert-base-uncased,bert-base-uncased,,1.0,8,71,0.0
masked,bert-base-uncased,bert-base-uncased,,1.0,8,72,0.0
masked,bert-base-uncased,bert-base-uncased,,1.0,8,73,0.0
masked,bert-base-uncased,bert-base-uncased,,1.0,8,74,0.0
masked,bert-base-uncased,bert-base-uncased,,1.0,8,75,0.0
masked,bert-base-uncased,bert-base-uncased,,1.0,8,76,0.0
masked,bert-base-uncased,bert-base-uncased,,1.0,8,77,0.0
masked,bert-base-uncased,bert-base-uncased,,1.0,8,78,0.0
masked,bert-base-uncased,bert-base-uncased,,1.0,8,79,0.0
masked,bert-base-uncased,bert-base-uncased,,1.0,8,80,0.0
masked,bert-base-uncased,bert-base-uncased,,1.0,8,81,0.0
masked,bert-base-uncased,bert-base-uncased,,1.0,8,82,0.0
masked,bert-base-uncased,bert-base-uncased,,1.0,8,83,0.0
masked,bert-base-uncased,bert-base-uncased,,1.0,8,84,0.0
masked,bert-base-uncased,bert-base-uncased,,1.0,8,85,0.0
masked,bert-base-uncased,bert-base-uncased,,1.0,8,86,0.0
masked,bert-base-uncased,bert-base-uncased,,1.0,8,87,0.0
masked,bert-base-uncased,bert-base-uncased,,1.0,8,88,0.0
masked,bert-base-uncased,bert-base-uncased,,1.0,8,89,0.0
masked,bert-base-uncased,bert-base-uncased,,1.0,8,90,0.0
masked,bert-base-uncased,bert-base-uncased,,1.0,8,91,0.0
masked,bert-base-uncased,bert-base-uncased,,1.0,8,92,0.0
masked,bert-base-uncased,bert-base-uncased,,1.0,8,93,0.0
masked,bert-base-uncased,bert-base-uncased,,1.0,8,94,0.0
masked,bert-base-uncased,bert-base-uncased,,1.0,8,95,0.0
masked,bert-base-uncased,bert-base-uncased,,1.0,8,96,0.0
masked,bert-base-uncased,bert-base-uncased,,1.0,8,97,0.0
masked,bert-base-uncased,bert-base-uncased,,1.0,8,98,0.0
masked,bert-base-uncased,bert-base-uncased,,1.0,8,99,0.0
masked,bert-base-uncased,bert-base-uncased,,1.0,8,100,0.0
masked,bert-base-uncased,bert-base-uncased,,1.0,8,101,0.0
masked,bert-base-uncased,bert-base-uncased,,1.0,8,102,0.0
masked,bert-base-uncased,bert-base-uncased,,1.0,8,103,0.0
masked,bert-base-uncased,bert-base-uncased,,1.0,8,104,0.0
masked,bert-base-uncased,bert-base-uncased,,1.0,8,105,0.0
masked,bert-base-uncased,bert-base-uncased,,1.0,8,106,0.0
masked,bert-base-uncased,bert-base-uncased,,1.0,8,107,0.0
masked,bert-base-uncased,bert-base-uncased,,1.0,8,108,0.0
masked,bert-base-uncased,bert-base-uncased,,1.0,8,109,0.0
masked,bert-base-uncased,bert-base-uncased,,1.0,8,110,0.0
masked,bert-base-uncased,bert-base-uncased,,1.0,8,111,0.0
masked,bert-base-uncased,bert-base-uncased,,1.0,8,112,0.0
masked,bert-base-uncased,bert-base-uncased,,1.0,8,113,0.0
masked,bert-base-uncased,bert-base-uncased,,1.0,8,114,0.0
masked,bert-base-uncased,bert-base-uncased,,1.0,8,115,0.0
masked,bert-base-uncased,bert-base-uncased,,1.0,8,116,0.0
masked,bert-base-uncased,bert-base-uncased,,1.0,8,117,0.0
masked,bert-base-uncased,bert-base-uncased,,1.0,8,118,0.0
masked,bert-base-uncased,bert-base-uncased,,1.0,8,119,0.0
masked,bert-base-uncased,bert-base-uncased,,1.0,8,120,0.0
masked,bert-base-uncased,bert-base-uncased,,1.0,9,0,1.0
masked,bert-base-uncased,bert-base-uncased,,1.0,9,1,6.0
masked,bert-base-uncased,bert-base-uncased,,1.0,9,2,19.0
masked,bert-base-uncased,bert-base-uncased,,1.0,9,3,30.0
masked,bert-base-uncased,bert-base-uncased,,1.0,9,4,39.0
masked,bert-base-uncased,bert-base-uncased,,1.0,9,5,37.0
masked,bert-base-uncased,bert-base-uncased,,1.0,9,6,35.0
masked,bert-base-uncased,bert-base-uncased,,1.0,9,7,30.0
masked,bert-base-uncased,bert-base-uncased,,1.0,9,8,26.0
masked,bert-base-uncased,bert-base-uncased,,1.0,9,9,29.0
masked,bert-base-uncased,bert-base-uncased,,1.0,9,10,34.0
masked,bert-base-uncased,bert-base-uncased,,1.0,9,11,38.0
masked,bert-base-uncased,bert-base-uncased,,1.0,9,12,38.0
masked,bert-base-uncased,bert-base-uncased,,1.0,9,13,34.0
masked,bert-base-uncased,bert-base-uncased,,1.0,9,14,33.0
masked,bert-base-uncased,bert-base-uncased,,1.0,9,15,36.0
masked,bert-base-uncased,bert-base-uncased,,1.0,9,16,40.0
masked,bert-base-uncased,bert-base-uncased,,1.0,9,17,38.0
masked,bert-base-uncased,bert-base-uncased,,1.0,9,18,44.0
masked,bert-base-uncased,bert-base-uncased,,1.0,9,19,44.0
masked,bert-base-uncased,bert-base-uncased,,1.0,9,20,46.0
masked,bert-base-uncased,bert-base-uncased,,1.0,9,21,45.0
masked,bert-base-uncased,bert-base-uncased,,1.0,9,22,46.0
masked,bert-base-uncased,bert-base-uncased,,1.0,9,23,47.0
masked,bert-base-uncased,bert-base-uncased,,1.0,9,24,47.0
masked,bert-base-uncased,bert-base-uncased,,1.0,9,25,47.0
masked,bert-base-uncased,bert-base-uncased,,1.0,9,26,48.0
masked,bert-base-uncased,bert-base-uncased,,1.0,9,27,47.0
masked,bert-base-uncased,bert-base-uncased,,1.0,9,28,48.0
masked,bert-base-uncased,bert-base-uncased,,1.0,9,29,46.0
masked,bert-base-uncased,bert-base-uncased,,1.0,9,30,47.0
masked,bert-base-uncased,bert-base-uncased,,1.0,9,31,45.0
masked,bert-base-uncased,bert-base-uncased,,1.0,9,32,47.0
masked,bert-base-uncased,bert-base-uncased,,1.0,9,33,47.0
masked,bert-base-uncased,bert-base-uncased,,1.0,9,34,47.0
masked,bert-base-uncased,bert-base-uncased,,1.0,9,35,48.0
masked,bert-base-uncased,bert-base-uncased,,1.0,9,36,48.0
masked,bert-base-uncased,bert-base-uncased,,1.0,9,37,47.0
masked,bert-base-uncased,bert-base-uncased,,1.0,9,38,48.0
masked,bert-base-uncased,bert-base-uncased,,1.0,9,39,46.0
masked,bert-base-uncased,bert-base-uncased,,1.0,9,40,47.0
masked,bert-base-uncased,bert-base-uncased,,1.0,9,41,47.0
masked,bert-base-uncased,bert-base-uncased,,1.0,9,42,48.0
masked,bert-base-uncased,bert-base-uncased,,1.0,9,43,48.0
masked,bert-base-uncased,bert-base-uncased,,1.0,9,44,48.0
masked,bert-base-uncased,bert-base-uncased,,1.0,9,45,46.0
masked,bert-base-uncased,bert-base-uncased,,1.0,9,46,44.0
masked,bert-base-uncased,bert-base-uncased,,1.0,9,47,36.0
masked,bert-base-uncased,bert-base-uncased,,1.0,9,48,29.0
masked,bert-base-uncased,bert-base-uncased,,1.0,9,49,33.0
masked,bert-base-uncased,bert-base-uncased,,1.0,9,50,28.0
masked,bert-base-uncased,bert-base-uncased,,1.0,9,51,23.0
masked,bert-base-uncased,bert-base-uncased,,1.0,9,52,14.0
masked,bert-base-uncased,bert-base-uncased,,1.0,9,53,20.0
masked,bert-base-uncased,bert-base-uncased,,1.0,9,54,11.0
masked,bert-base-uncased,bert-base-uncased,,1.0,9,55,23.0
masked,bert-base-uncased,bert-base-uncased,,1.0,9,56,11.0
masked,bert-base-uncased,bert-base-uncased,,1.0,9,57,12.0
masked,bert-base-uncased,bert-base-uncased,,1.0,9,58,7.0
masked,bert-base-uncased,bert-base-uncased,,1.0,9,59,10.0
masked,bert-base-uncased,bert-base-uncased,,1.0,9,60,5.0
masked,bert-base-uncased,bert-base-uncased,,1.0,9,61,8.0
masked,bert-base-uncased,bert-base-uncased,,1.0,9,62,7.0
masked,bert-base-uncased,bert-base-uncased,,1.0,9,63,24.0
masked,bert-base-uncased,bert-base-uncased,,1.0,9,64,18.0
masked,bert-base-uncased,bert-base-uncased,,1.0,9,65,15.0
masked,bert-base-uncased,bert-base-uncased,,1.0,9,66,4.0
masked,bert-base-uncased,bert-base-uncased,,1.0,9,67,7.0
masked,bert-base-uncased,bert-base-uncased,,1.0,9,68,4.0
masked,bert-base-uncased,bert-base-uncased,,1.0,9,69,17.0
masked,bert-base-uncased,bert-base-uncased,,1.0,9,70,9.0
masked,bert-base-uncased,bert-base-uncased,,1.0,9,71,4.0
masked,bert-base-uncased,bert-base-uncased,,1.0,9,72,6.0
masked,bert-base-uncased,bert-base-uncased,,1.0,9,73,7.0
masked,bert-base-uncased,bert-base-uncased,,1.0,9,74,3.0
masked,bert-base-uncased,bert-base-uncased,,1.0,9,75,11.0
masked,bert-base-uncased,bert-base-uncased,,1.0,9,76,7.0
masked,bert-base-uncased,bert-base-uncased,,1.0,9,77,5.0
masked,bert-base-uncased,bert-base-uncased,,1.0,9,78,7.0
masked,bert-base-uncased,bert-base-uncased,,1.0,9,79,8.0
masked,bert-base-uncased,bert-base-uncased,,1.0,9,80,9.0
masked,bert-base-uncased,bert-base-uncased,,1.0,9,81,8.0
masked,bert-base-uncased,bert-base-uncased,,1.0,9,82,4.0
masked,bert-base-uncased,bert-base-uncased,,1.0,9,83,12.0
masked,bert-base-uncased,bert-base-uncased,,1.0,9,84,15.0
masked,bert-base-uncased,bert-base-uncased,,1.0,9,85,20.0
masked,bert-base-uncased,bert-base-uncased,,1.0,9,86,18.0
masked,bert-base-uncased,bert-base-uncased,,1.0,9,87,17.0
masked,bert-base-uncased,bert-base-uncased,,1.0,9,88,19.0
masked,bert-base-uncased,bert-base-uncased,,1.0,9,89,26.0
masked,bert-base-uncased,bert-base-uncased,,1.0,9,90,28.0
masked,bert-base-uncased,bert-base-uncased,,1.0,9,91,31.0
masked,bert-base-uncased,bert-base-uncased,,1.0,9,92,18.0
masked,bert-base-uncased,bert-base-uncased,,1.0,9,93,24.0
masked,bert-base-uncased,bert-base-uncased,,1.0,9,94,15.0
masked,bert-base-uncased,bert-base-uncased,,1.0,9,95,22.0
masked,bert-base-uncased,bert-base-uncased,,1.0,9,96,9.0
masked,bert-base-uncased,bert-base-uncased,,1.0,9,97,16.0
masked,bert-base-uncased,bert-base-uncased,,1.0,9,98,11.0
masked,bert-base-uncased,bert-base-uncased,,1.0,9,99,20.0
masked,bert-base-uncased,bert-base-uncased,,1.0,9,100,21.0
masked,bert-base-uncased,bert-base-uncased,,1.0,9,101,24.0
masked,bert-base-uncased,bert-base-uncased,,1.0,9,102,14.0
masked,bert-base-uncased,bert-base-uncased,,1.0,9,103,15.0
masked,bert-base-uncased,bert-base-uncased,,1.0,9,104,9.0
masked,bert-base-uncased,bert-base-uncased,,1.0,9,105,11.0
masked,bert-base-uncased,bert-base-uncased,,1.0,9,106,8.0
masked,bert-base-uncased,bert-base-uncased,,1.0,9,107,8.0
masked,bert-base-uncased,bert-base-uncased,,1.0,9,108,3.0
masked,bert-base-uncased,bert-base-uncased,,1.0,9,109,15.0
masked,bert-base-uncased,bert-base-uncased,,1.0,9,110,14.0
masked,bert-base-uncased,bert-base-uncased,,1.0,9,111,23.0
masked,bert-base-uncased,bert-base-uncased,,1.0,9,112,10.0
masked,bert-base-uncased,bert-base-uncased,,1.0,9,113,12.0
masked,bert-base-uncased,bert-base-uncased,,1.0,9,114,4.0
masked,bert-base-uncased,bert-base-uncased,,1.0,9,115,4.0
masked,bert-base-uncased,bert-base-uncased,,1.0,9,116,3.0
masked,bert-base-uncased,bert-base-uncased,,1.0,9,117,7.0
masked,bert-base-uncased,bert-base-uncased,,1.0,9,118,2.0
masked,bert-base-uncased,bert-base-uncased,,1.0,9,119,15.0
masked,bert-base-uncased,bert-base-uncased,,1.0,9,120,5.0
masked,bert-base-uncased,bert-base-uncased,,1.0,10,0,1.0
masked,bert-base-uncased,bert-base-uncased,,1.0,10,1,3.0
masked,bert-base-uncased,bert-base-uncased,,1.0,10,2,16.0
masked,bert-base-uncased,bert-base-uncased,,1.0,10,3,26.0
masked,bert-base-uncased,bert-base-uncased,,1.0,10,4,35.0
masked,bert-base-uncased,bert-base-uncased,,1.0,10,5,33.0
masked,bert-base-uncased,bert-base-uncased,,1.0,10,6,37.0
masked,bert-base-uncased,bert-base-uncased,,1.0,10,7,40.0
masked,bert-base-uncased,bert-base-uncased,,1.0,10,8,34.0
masked,bert-base-uncased,bert-base-uncased,,1.0,10,9,31.0
masked,bert-base-uncased,bert-base-uncased,,1.0,10,10,26.0
masked,bert-base-uncased,bert-base-uncased,,1.0,10,11,34.0
masked,bert-base-uncased,bert-base-uncased,,1.0,10,12,32.0
masked,bert-base-uncased,bert-base-uncased,,1.0,10,13,35.0
masked,bert-base-uncased,bert-base-uncased,,1.0,10,14,38.0
masked,bert-base-uncased,bert-base-uncased,,1.0,10,15,36.0
masked,bert-base-uncased,bert-base-uncased,,1.0,10,16,37.0
masked,bert-base-uncased,bert-base-uncased,,1.0,10,17,37.0
masked,bert-base-uncased,bert-base-uncased,,1.0,10,18,32.0
masked,bert-base-uncased,bert-base-uncased,,1.0,10,19,37.0
masked,bert-base-uncased,bert-base-uncased,,1.0,10,20,39.0
masked,bert-base-uncased,bert-base-uncased,,1.0,10,21,43.0
masked,bert-base-uncased,bert-base-uncased,,1.0,10,22,43.0
masked,bert-base-uncased,bert-base-uncased,,1.0,10,23,45.0
masked,bert-base-uncased,bert-base-uncased,,1.0,10,24,44.0
masked,bert-base-uncased,bert-base-uncased,,1.0,10,25,47.0
masked,bert-base-uncased,bert-base-uncased,,1.0,10,26,45.0
masked,bert-base-uncased,bert-base-uncased,,1.0,10,27,46.0
masked,bert-base-uncased,bert-base-uncased,,1.0,10,28,45.0
masked,bert-base-uncased,bert-base-uncased,,1.0,10,29,41.0
masked,bert-base-uncased,bert-base-uncased,,1.0,10,30,42.0
masked,bert-base-uncased,bert-base-uncased,,1.0,10,31,33.0
masked,bert-base-uncased,bert-base-uncased,,1.0,10,32,36.0
masked,bert-base-uncased,bert-base-uncased,,1.0,10,33,21.0
masked,bert-base-uncased,bert-base-uncased,,1.0,10,34,25.0
masked,bert-base-uncased,bert-base-uncased,,1.0,10,35,17.0
masked,bert-base-uncased,bert-base-uncased,,1.0,10,36,17.0
masked,bert-base-uncased,bert-base-uncased,,1.0,10,37,10.0
masked,bert-base-uncased,bert-base-uncased,,1.0,10,38,11.0
masked,bert-base-uncased,bert-base-uncased,,1.0,10,39,6.0
masked,bert-base-uncased,bert-base-uncased,,1.0,10,40,17.0
masked,bert-base-uncased,bert-base-uncased,,1.0,10,41,20.0
masked,bert-base-uncased,bert-base-uncased,,1.0,10,42,18.0
masked,bert-base-uncased,bert-base-uncased,,1.0,10,43,14.0
masked,bert-base-uncased,bert-base-uncased,,1.0,10,44,17.0
masked,bert-base-uncased,bert-base-uncased,,1.0,10,45,4.0
masked,bert-base-uncased,bert-base-uncased,,1.0,10,46,12.0
masked,bert-base-uncased,bert-base-uncased,,1.0,10,47,11.0
masked,bert-base-uncased,bert-base-uncased,,1.0,10,48,19.0
masked,bert-base-uncased,bert-base-uncased,,1.0,10,49,16.0
masked,bert-base-uncased,bert-base-uncased,,1.0,10,50,13.0
masked,bert-base-uncased,bert-base-uncased,,1.0,10,51,7.0
masked,bert-base-uncased,bert-base-uncased,,1.0,10,52,12.0
masked,bert-base-uncased,bert-base-uncased,,1.0,10,53,5.0
masked,bert-base-uncased,bert-base-uncased,,1.0,10,54,8.0
masked,bert-base-uncased,bert-base-uncased,,1.0,10,55,8.0
masked,bert-base-uncased,bert-base-uncased,,1.0,10,56,24.0
masked,bert-base-uncased,bert-base-uncased,,1.0,10,57,31.0
masked,bert-base-uncased,bert-base-uncased,,1.0,10,58,30.0
masked,bert-base-uncased,bert-base-uncased,,1.0,10,59,33.0
masked,bert-base-uncased,bert-base-uncased,,1.0,10,60,36.0
masked,bert-base-uncased,bert-base-uncased,,1.0,10,61,45.0
masked,bert-base-uncased,bert-base-uncased,,1.0,10,62,40.0
masked,bert-base-uncased,bert-base-uncased,,1.0,10,63,42.0
masked,bert-base-uncased,bert-base-uncased,,1.0,10,64,36.0
masked,bert-base-uncased,bert-base-uncased,,1.0,10,65,46.0
masked,bert-base-uncased,bert-base-uncased,,1.0,10,66,38.0
masked,bert-base-uncased,bert-base-uncased,,1.0,10,67,35.0
masked,bert-base-uncased,bert-base-uncased,,1.0,10,68,41.0
masked,bert-base-uncased,bert-base-uncased,,1.0,10,69,38.0
masked,bert-base-uncased,bert-base-uncased,,1.0,10,70,38.0
masked,bert-base-uncased,bert-base-uncased,,1.0,10,71,32.0
masked,bert-base-uncased,bert-base-uncased,,1.0,10,72,42.0
masked,bert-base-uncased,bert-base-uncased,,1.0,10,73,36.0
masked,bert-base-uncased,bert-base-uncased,,1.0,10,74,41.0
masked,bert-base-uncased,bert-base-uncased,,1.0,10,75,31.0
masked,bert-base-uncased,bert-base-uncased,,1.0,10,76,36.0
masked,bert-base-uncased,bert-base-uncased,,1.0,10,77,42.0
masked,bert-base-uncased,bert-base-uncased,,1.0,10,78,44.0
masked,bert-base-uncased,bert-base-uncased,,1.0,10,79,42.0
masked,bert-base-uncased,bert-base-uncased,,1.0,10,80,45.0
masked,bert-base-uncased,bert-base-uncased,,1.0,10,81,42.0
masked,bert-base-uncased,bert-base-uncased,,1.0,10,82,34.0
masked,bert-base-uncased,bert-base-uncased,,1.0,10,83,39.0
masked,bert-base-uncased,bert-base-uncased,,1.0,10,84,42.0
masked,bert-base-uncased,bert-base-uncased,,1.0,10,85,42.0
masked,bert-base-uncased,bert-base-uncased,,1.0,10,86,45.0
masked,bert-base-uncased,bert-base-uncased,,1.0,10,87,33.0
masked,bert-base-uncased,bert-base-uncased,,1.0,10,88,33.0
masked,bert-base-uncased,bert-base-uncased,,1.0,10,89,42.0
masked,bert-base-uncased,bert-base-uncased,,1.0,10,90,36.0
masked,bert-base-uncased,bert-base-uncased,,1.0,10,91,44.0
masked,bert-base-uncased,bert-base-uncased,,1.0,10,92,43.0
masked,bert-base-uncased,bert-base-uncased,,1.0,10,93,36.0
masked,bert-base-uncased,bert-base-uncased,,1.0,10,94,39.0
masked,bert-base-uncased,bert-base-uncased,,1.0,10,95,42.0
masked,bert-base-uncased,bert-base-uncased,,1.0,10,96,42.0
masked,bert-base-uncased,bert-base-uncased,,1.0,10,97,39.0
masked,bert-base-uncased,bert-base-uncased,,1.0,10,98,43.0
masked,bert-base-uncased,bert-base-uncased,,1.0,10,99,32.0
masked,bert-base-uncased,bert-base-uncased,,1.0,10,100,44.0
masked,bert-base-uncased,bert-base-uncased,,1.0,10,101,43.0
masked,bert-base-uncased,bert-base-uncased,,1.0,10,102,39.0
masked,bert-base-uncased,bert-base-uncased,,1.0,10,103,41.0
masked,bert-base-uncased,bert-base-uncased,,1.0,10,104,37.0
masked,bert-base-uncased,bert-base-uncased,,1.0,10,105,41.0
masked,bert-base-uncased,bert-base-uncased,,1.0,10,106,38.0
masked,bert-base-uncased,bert-base-uncased,,1.0,10,107,37.0
masked,bert-base-uncased,bert-base-uncased,,1.0,10,108,30.0
masked,bert-base-uncased,bert-base-uncased,,1.0,10,109,26.0
masked,bert-base-uncased,bert-base-uncased,,1.0,10,110,33.0
masked,bert-base-uncased,bert-base-uncased,,1.0,10,111,32.0
masked,bert-base-uncased,bert-base-uncased,,1.0,10,112,18.0
masked,bert-base-uncased,bert-base-uncased,,1.0,10,113,10.0
masked,bert-base-uncased,bert-base-uncased,,1.0,10,114,13.0
masked,bert-base-uncased,bert-base-uncased,,1.0,10,115,8.0
masked,bert-base-uncased,bert-base-uncased,,1.0,10,116,5.0
masked,bert-base-uncased,bert-base-uncased,,1.0,10,117,3.0
masked,bert-base-uncased,bert-base-uncased,,1.0,10,118,12.0
masked,bert-base-uncased,bert-base-uncased,,1.0,10,119,2.0
masked,bert-base-uncased,bert-base-uncased,,1.0,10,120,13.0
masked,bert-base-uncased,bert-base-uncased,,1.0,11,0,1.0
masked,bert-base-uncased,bert-base-uncased,,1.0,11,1,3.0
masked,bert-base-uncased,bert-base-uncased,,1.0,11,2,8.0
masked,bert-base-uncased,bert-base-uncased,,1.0,11,3,21.0
masked,bert-base-uncased,bert-base-uncased,,1.0,11,4,33.0
masked,bert-base-uncased,bert-base-uncased,,1.0,11,5,41.0
masked,bert-base-uncased,bert-base-uncased,,1.0,11,6,35.0
masked,bert-base-uncased,bert-base-uncased,,1.0,11,7,28.0
masked,bert-base-uncased,bert-base-uncased,,1.0,11,8,34.0
masked,bert-base-uncased,bert-base-uncased,,1.0,11,9,38.0
masked,bert-base-uncased,bert-base-uncased,,1.0,11,10,38.0
masked,bert-base-uncased,bert-base-uncased,,1.0,11,11,41.0
masked,bert-base-uncased,bert-base-uncased,,1.0,11,12,41.0
masked,bert-base-uncased,bert-base-uncased,,1.0,11,13,32.0
masked,bert-base-uncased,bert-base-uncased,,1.0,11,14,28.0
masked,bert-base-uncased,bert-base-uncased,,1.0,11,15,40.0
masked,bert-base-uncased,bert-base-uncased,,1.0,11,16,43.0
masked,bert-base-uncased,bert-base-uncased,,1.0,11,17,40.0
masked,bert-base-uncased,bert-base-uncased,,1.0,11,18,43.0
masked,bert-base-uncased,bert-base-uncased,,1.0,11,19,41.0
masked,bert-base-uncased,bert-base-uncased,,1.0,11,20,47.0
masked,bert-base-uncased,bert-base-uncased,,1.0,11,21,39.0
masked,bert-base-uncased,bert-base-uncased,,1.0,11,22,45.0
masked,bert-base-uncased,bert-base-uncased,,1.0,11,23,40.0
masked,bert-base-uncased,bert-base-uncased,,1.0,11,24,43.0
masked,bert-base-uncased,bert-base-uncased,,1.0,11,25,38.0
masked,bert-base-uncased,bert-base-uncased,,1.0,11,26,39.0
masked,bert-base-uncased,bert-base-uncased,,1.0,11,27,37.0
masked,bert-base-uncased,bert-base-uncased,,1.0,11,28,41.0
masked,bert-base-uncased,bert-base-uncased,,1.0,11,29,44.0
masked,bert-base-uncased,bert-base-uncased,,1.0,11,30,40.0
masked,bert-base-uncased,bert-base-uncased,,1.0,11,31,47.0
masked,bert-base-uncased,bert-base-uncased,,1.0,11,32,33.0
masked,bert-base-uncased,bert-base-uncased,,1.0,11,33,44.0
masked,bert-base-uncased,bert-base-uncased,,1.0,11,34,41.0
masked,bert-base-uncased,bert-base-uncased,,1.0,11,35,45.0
masked,bert-base-uncased,bert-base-uncased,,1.0,11,36,38.0
masked,bert-base-uncased,bert-base-uncased,,1.0,11,37,48.0
masked,bert-base-uncased,bert-base-uncased,,1.0,11,38,33.0
masked,bert-base-uncased,bert-base-uncased,,1.0,11,39,34.0
masked,bert-base-uncased,bert-base-uncased,,1.0,11,40,40.0
masked,bert-base-uncased,bert-base-uncased,,1.0,11,41,39.0
masked,bert-base-uncased,bert-base-uncased,,1.0,11,42,45.0
masked,bert-base-uncased,bert-base-uncased,,1.0,11,43,41.0
masked,bert-base-uncased,bert-base-uncased,,1.0,11,44,39.0
masked,bert-base-uncased,bert-base-uncased,,1.0,11,45,39.0
masked,bert-base-uncased,bert-base-uncased,,1.0,11,46,45.0
masked,bert-base-uncased,bert-base-uncased,,1.0,11,47,43.0
masked,bert-base-uncased,bert-base-uncased,,1.0,11,48,39.0
masked,bert-base-uncased,bert-base-uncased,,1.0,11,49,43.0
masked,bert-base-uncased,bert-base-uncased,,1.0,11,50,43.0
masked,bert-base-uncased,bert-base-uncased,,1.0,11,51,42.0
masked,bert-base-uncased,bert-base-uncased,,1.0,11,52,42.0
masked,bert-base-uncased,bert-base-uncased,,1.0,11,53,43.0
masked,bert-base-uncased,bert-base-uncased,,1.0,11,54,38.0
masked,bert-base-uncased,bert-base-uncased,,1.0,11,55,45.0
masked,bert-base-uncased,bert-base-uncased,,1.0,11,56,39.0
masked,bert-base-uncased,bert-base-uncased,,1.0,11,57,45.0
masked,bert-base-uncased,bert-base-uncased,,1.0,11,58,41.0
masked,bert-base-uncased,bert-base-uncased,,1.0,11,59,43.0
masked,bert-base-uncased,bert-base-uncased,,1.0,11,60,41.0
masked,bert-base-uncased,bert-base-uncased,,1.0,11,61,36.0
masked,bert-base-uncased,bert-base-uncased,,1.0,11,62,40.0
masked,bert-base-uncased,bert-base-uncased,,1.0,11,63,43.0
masked,bert-base-uncased,bert-base-uncased,,1.0,11,64,40.0
masked,bert-base-uncased,bert-base-uncased,,1.0,11,65,33.0
masked,bert-base-uncased,bert-base-uncased,,1.0,11,66,36.0
masked,bert-base-uncased,bert-base-uncased,,1.0,11,67,24.0
masked,bert-base-uncased,bert-base-uncased,,1.0,11,68,26.0
masked,bert-base-uncased,bert-base-uncased,,1.0,11,69,30.0
masked,bert-base-uncased,bert-base-uncased,,1.0,11,70,32.0
masked,bert-base-uncased,bert-base-uncased,,1.0,11,71,32.0
masked,bert-base-uncased,bert-base-uncased,,1.0,11,72,40.0
masked,bert-base-uncased,bert-base-uncased,,1.0,11,73,34.0
masked,bert-base-uncased,bert-base-uncased,,1.0,11,74,33.0
masked,bert-base-uncased,bert-base-uncased,,1.0,11,75,35.0
masked,bert-base-uncased,bert-base-uncased,,1.0,11,76,36.0
masked,bert-base-uncased,bert-base-uncased,,1.0,11,77,35.0
masked,bert-base-uncased,bert-base-uncased,,1.0,11,78,37.0
masked,bert-base-uncased,bert-base-uncased,,1.0,11,79,27.0
masked,bert-base-uncased,bert-base-uncased,,1.0,11,80,39.0
masked,bert-base-uncased,bert-base-uncased,,1.0,11,81,45.0
masked,bert-base-uncased,bert-base-uncased,,1.0,11,82,45.0
masked,bert-base-uncased,bert-base-uncased,,1.0,11,83,43.0
masked,bert-base-uncased,bert-base-uncased,,1.0,11,84,43.0
masked,bert-base-uncased,bert-base-uncased,,1.0,11,85,44.0
masked,bert-base-uncased,bert-base-uncased,,1.0,11,86,43.0
masked,bert-base-uncased,bert-base-uncased,,1.0,11,87,46.0
masked,bert-base-uncased,bert-base-uncased,,1.0,11,88,40.0
masked,bert-base-uncased,bert-base-uncased,,1.0,11,89,46.0
masked,bert-base-uncased,bert-base-uncased,,1.0,11,90,44.0
masked,bert-base-uncased,bert-base-uncased,,1.0,11,91,43.0
masked,bert-base-uncased,bert-base-uncased,,1.0,11,92,43.0
masked,bert-base-uncased,bert-base-uncased,,1.0,11,93,44.0
masked,bert-base-uncased,bert-base-uncased,,1.0,11,94,42.0
masked,bert-base-uncased,bert-base-uncased,,1.0,11,95,43.0
masked,bert-base-uncased,bert-base-uncased,,1.0,11,96,32.0
masked,bert-base-uncased,bert-base-uncased,,1.0,11,97,38.0
masked,bert-base-uncased,bert-base-uncased,,1.0,11,98,40.0
masked,bert-base-uncased,bert-base-uncased,,1.0,11,99,38.0
masked,bert-base-uncased,bert-base-uncased,,1.0,11,100,43.0
masked,bert-base-uncased,bert-base-uncased,,1.0,11,101,42.0
masked,bert-base-uncased,bert-base-uncased,,1.0,11,102,42.0
masked,bert-base-uncased,bert-base-uncased,,1.0,11,103,44.0
masked,bert-base-uncased,bert-base-uncased,,1.0,11,104,42.0
masked,bert-base-uncased,bert-base-uncased,,1.0,11,105,43.0
masked,bert-base-uncased,bert-base-uncased,,1.0,11,106,43.0
masked,bert-base-uncased,bert-base-uncased,,1.0,11,107,40.0
masked,bert-base-uncased,bert-base-uncased,,1.0,11,108,38.0
masked,bert-base-uncased,bert-base-uncased,,1.0,11,109,41.0
masked,bert-base-uncased,bert-base-uncased,,1.0,11,110,39.0
masked,bert-base-uncased,bert-base-uncased,,1.0,11,111,39.0
masked,bert-base-uncased,bert-base-uncased,,1.0,11,112,35.0
masked,bert-base-uncased,bert-base-uncased,,1.0,11,113,36.0
masked,bert-base-uncased,bert-base-uncased,,1.0,11,114,41.0
masked,bert-base-uncased,bert-base-uncased,,1.0,11,115,42.0
masked,bert-base-uncased,bert-base-uncased,,1.0,11,116,42.0
masked,bert-base-uncased,bert-base-uncased,,1.0,11,117,41.0
masked,bert-base-uncased,bert-base-uncased,,1.0,11,118,34.0
masked,bert-base-uncased,bert-base-uncased,,1.0,11,119,36.0
masked,bert-base-uncased,bert-base-uncased,,1.0,11,120,38.0
masked,bert-base-uncased,bert-base-uncased,,1.0,12,0,1.0
masked,bert-base-uncased,bert-base-uncased,,1.0,12,1,4.0
masked,bert-base-uncased,bert-base-uncased,,1.0,12,2,16.0
masked,bert-base-uncased,bert-base-uncased,,1.0,12,3,27.0
masked,bert-base-uncased,bert-base-uncased,,1.0,12,4,39.0
masked,bert-base-uncased,bert-base-uncased,,1.0,12,5,40.0
masked,bert-base-uncased,bert-base-uncased,,1.0,12,6,44.0
masked,bert-base-uncased,bert-base-uncased,,1.0,12,7,45.0
masked,bert-base-uncased,bert-base-uncased,,1.0,12,8,38.0
masked,bert-base-uncased,bert-base-uncased,,1.0,12,9,40.0
masked,bert-base-uncased,bert-base-uncased,,1.0,12,10,43.0
masked,bert-base-uncased,bert-base-uncased,,1.0,12,11,41.0
masked,bert-base-uncased,bert-base-uncased,,1.0,12,12,41.0
masked,bert-base-uncased,bert-base-uncased,,1.0,12,13,44.0
masked,bert-base-uncased,bert-base-uncased,,1.0,12,14,40.0
masked,bert-base-uncased,bert-base-uncased,,1.0,12,15,43.0
masked,bert-base-uncased,bert-base-uncased,,1.0,12,16,40.0
masked,bert-base-uncased,bert-base-uncased,,1.0,12,17,42.0
masked,bert-base-uncased,bert-base-uncased,,1.0,12,18,43.0
masked,bert-base-uncased,bert-base-uncased,,1.0,12,19,46.0
masked,bert-base-uncased,bert-base-uncased,,1.0,12,20,44.0
masked,bert-base-uncased,bert-base-uncased,,1.0,12,21,39.0
masked,bert-base-uncased,bert-base-uncased,,1.0,12,22,45.0
masked,bert-base-uncased,bert-base-uncased,,1.0,12,23,38.0
masked,bert-base-uncased,bert-base-uncased,,1.0,12,24,45.0
masked,bert-base-uncased,bert-base-uncased,,1.0,12,25,37.0
masked,bert-base-uncased,bert-base-uncased,,1.0,12,26,42.0
masked,bert-base-uncased,bert-base-uncased,,1.0,12,27,33.0
masked,bert-base-uncased,bert-base-uncased,,1.0,12,28,40.0
masked,bert-base-uncased,bert-base-uncased,,1.0,12,29,38.0
masked,bert-base-uncased,bert-base-uncased,,1.0,12,30,43.0
masked,bert-base-uncased,bert-base-uncased,,1.0,12,31,45.0
masked,bert-base-uncased,bert-base-uncased,,1.0,12,32,37.0
masked,bert-base-uncased,bert-base-uncased,,1.0,12,33,40.0
masked,bert-base-uncased,bert-base-uncased,,1.0,12,34,40.0
masked,bert-base-uncased,bert-base-uncased,,1.0,12,35,43.0
masked,bert-base-uncased,bert-base-uncased,,1.0,12,36,37.0
masked,bert-base-uncased,bert-base-uncased,,1.0,12,37,40.0
masked,bert-base-uncased,bert-base-uncased,,1.0,12,38,42.0
masked,bert-base-uncased,bert-base-uncased,,1.0,12,39,42.0
masked,bert-base-uncased,bert-base-uncased,,1.0,12,40,38.0
masked,bert-base-uncased,bert-base-uncased,,1.0,12,41,35.0
masked,bert-base-uncased,bert-base-uncased,,1.0,12,42,38.0
masked,bert-base-uncased,bert-base-uncased,,1.0,12,43,41.0
masked,bert-base-uncased,bert-base-uncased,,1.0,12,44,38.0
masked,bert-base-uncased,bert-base-uncased,,1.0,12,45,42.0
masked,bert-base-uncased,bert-base-uncased,,1.0,12,46,45.0
masked,bert-base-uncased,bert-base-uncased,,1.0,12,47,46.0
masked,bert-base-uncased,bert-base-uncased,,1.0,12,48,40.0
masked,bert-base-uncased,bert-base-uncased,,1.0,12,49,39.0
masked,bert-base-uncased,bert-base-uncased,,1.0,12,50,44.0
masked,bert-base-uncased,bert-base-uncased,,1.0,12,51,37.0
masked,bert-base-uncased,bert-base-uncased,,1.0,12,52,42.0
masked,bert-base-uncased,bert-base-uncased,,1.0,12,53,45.0
masked,bert-base-uncased,bert-base-uncased,,1.0,12,54,34.0
masked,bert-base-uncased,bert-base-uncased,,1.0,12,55,45.0
masked,bert-base-uncased,bert-base-uncased,,1.0,12,56,37.0
masked,bert-base-uncased,bert-base-uncased,,1.0,12,57,41.0
masked,bert-base-uncased,bert-base-uncased,,1.0,12,58,32.0
masked,bert-base-uncased,bert-base-uncased,,1.0,12,59,36.0
masked,bert-base-uncased,bert-base-uncased,,1.0,12,60,35.0
masked,bert-base-uncased,bert-base-uncased,,1.0,12,61,37.0
masked,bert-base-uncased,bert-base-uncased,,1.0,12,62,41.0
masked,bert-base-uncased,bert-base-uncased,,1.0,12,63,38.0
masked,bert-base-uncased,bert-base-uncased,,1.0,12,64,36.0
masked,bert-base-uncased,bert-base-uncased,,1.0,12,65,35.0
masked,bert-base-uncased,bert-base-uncased,,1.0,12,66,27.0
masked,bert-base-uncased,bert-base-uncased,,1.0,12,67,25.0
masked,bert-base-uncased,bert-base-uncased,,1.0,12,68,14.0
masked,bert-base-uncased,bert-base-uncased,,1.0,12,69,20.0
masked,bert-base-uncased,bert-base-uncased,,1.0,12,70,13.0
masked,bert-base-uncased,bert-base-uncased,,1.0,12,71,12.0
masked,bert-base-uncased,bert-base-uncased,,1.0,12,72,9.0
masked,bert-base-uncased,bert-base-uncased,,1.0,12,73,18.0
masked,bert-base-uncased,bert-base-uncased,,1.0,12,74,4.0
masked,bert-base-uncased,bert-base-uncased,,1.0,12,75,15.0
masked,bert-base-uncased,bert-base-uncased,,1.0,12,76,12.0
masked,bert-base-uncased,bert-base-uncased,,1.0,12,77,13.0
masked,bert-base-uncased,bert-base-uncased,,1.0,12,78,8.0
masked,bert-base-uncased,bert-base-uncased,,1.0,12,79,13.0
masked,bert-base-uncased,bert-base-uncased,,1.0,12,80,9.0
masked,bert-base-uncased,bert-base-uncased,,1.0,12,81,13.0
masked,bert-base-uncased,bert-base-uncased,,1.0,12,82,2.0
masked,bert-base-uncased,bert-base-uncased,,1.0,12,83,3.0
masked,bert-base-uncased,bert-base-uncased,,1.0,12,84,1.0
masked,bert-base-uncased,bert-base-uncased,,1.0,12,85,3.0
masked,bert-base-uncased,bert-base-uncased,,1.0,12,86,2.0
masked,bert-base-uncased,bert-base-uncased,,1.0,12,87,5.0
masked,bert-base-uncased,bert-base-uncased,,1.0,12,88,1.0
masked,bert-base-uncased,bert-base-uncased,,1.0,12,89,1.0
masked,bert-base-uncased,bert-base-uncased,,1.0,12,90,0.0
masked,bert-base-uncased,bert-base-uncased,,1.0,12,91,0.0
masked,bert-base-uncased,bert-base-uncased,,1.0,12,92,0.0
masked,bert-base-uncased,bert-base-uncased,,1.0,12,93,0.0
masked,bert-base-uncased,bert-base-uncased,,1.0,12,94,0.0
masked,bert-base-uncased,bert-base-uncased,,1.0,12,95,0.0
masked,bert-base-uncased,bert-base-uncased,,1.0,12,96,0.0
masked,bert-base-uncased,bert-base-uncased,,1.0,12,97,0.0
masked,bert-base-uncased,bert-base-uncased,,1.0,12,98,0.0
masked,bert-base-uncased,bert-base-uncased,,1.0,12,99,0.0
masked,bert-base-uncased,bert-base-uncased,,1.0,12,100,0.0
masked,bert-base-uncased,bert-base-uncased,,1.0,12,101,0.0
masked,bert-base-uncased,bert-base-uncased,,1.0,12,102,0.0
masked,bert-base-uncased,bert-base-uncased,,1.0,12,103,0.0
masked,bert-base-uncased,bert-base-uncased,,1.0,12,104,0.0
masked,bert-base-uncased,bert-base-uncased,,1.0,12,105,0.0
masked,bert-base-uncased,bert-base-uncased,,1.0,12,106,0.0
masked,bert-base-uncased,bert-base-uncased,,1.0,12,107,0.0
masked,bert-base-uncased,bert-base-uncased,,1.0,12,108,0.0
masked,bert-base-uncased,bert-base-uncased,,1.0,12,109,0.0
masked,bert-base-uncased,bert-base-uncased,,1.0,12,110,0.0
masked,bert-base-uncased,bert-base-uncased,,1.0,12,111,0.0
masked,bert-base-uncased,bert-base-uncased,,1.0,12,112,0.0
masked,bert-base-uncased,bert-base-uncased,,1.0,12,113,0.0
masked,bert-base-uncased,bert-base-uncased,,1.0,12,114,0.0
masked,bert-base-uncased,bert-base-uncased,,1.0,12,115,0.0
masked,bert-base-uncased,bert-base-uncased,,1.0,12,116,0.0
masked,bert-base-uncased,bert-base-uncased,,1.0,12,117,0.0
masked,bert-base-uncased,bert-base-uncased,,1.0,12,118,0.0
masked,bert-base-uncased,bert-base-uncased,,1.0,12,119,0.0
masked,bert-base-uncased,bert-base-uncased,,1.0,12,120,0.0
masked,bert-base-uncased,bert-base-uncased,,1.0,13,0,1.0
masked,bert-base-uncased,bert-base-uncased,,1.0,13,1,5.0
masked,bert-base-uncased,bert-base-uncased,,1.0,13,2,19.0
masked,bert-base-uncased,bert-base-uncased,,1.0,13,3,26.0
masked,bert-base-uncased,bert-base-uncased,,1.0,13,4,38.0
masked,bert-base-uncased,bert-base-uncased,,1.0,13,5,35.0
masked,bert-base-uncased,bert-base-uncased,,1.0,13,6,36.0
masked,bert-base-uncased,bert-base-uncased,,1.0,13,7,36.0
masked,bert-base-uncased,bert-base-uncased,,1.0,13,8,40.0
masked,bert-base-uncased,bert-base-uncased,,1.0,13,9,37.0
masked,bert-base-uncased,bert-base-uncased,,1.0,13,10,36.0
masked,bert-base-uncased,bert-base-uncased,,1.0,13,11,38.0
masked,bert-base-uncased,bert-base-uncased,,1.0,13,12,44.0
masked,bert-base-uncased,bert-base-uncased,,1.0,13,13,43.0
masked,bert-base-uncased,bert-base-uncased,,1.0,13,14,43.0
masked,bert-base-uncased,bert-base-uncased,,1.0,13,15,46.0
masked,bert-base-uncased,bert-base-uncased,,1.0,13,16,44.0
masked,bert-base-uncased,bert-base-uncased,,1.0,13,17,47.0
masked,bert-base-uncased,bert-base-uncased,,1.0,13,18,47.0
masked,bert-base-uncased,bert-base-uncased,,1.0,13,19,46.0
masked,bert-base-uncased,bert-base-uncased,,1.0,13,20,46.0
masked,bert-base-uncased,bert-base-uncased,,1.0,13,21,42.0
masked,bert-base-uncased,bert-base-uncased,,1.0,13,22,45.0
masked,bert-base-uncased,bert-base-uncased,,1.0,13,23,47.0
masked,bert-base-uncased,bert-base-uncased,,1.0,13,24,47.0
masked,bert-base-uncased,bert-base-uncased,,1.0,13,25,46.0
masked,bert-base-uncased,bert-base-uncased,,1.0,13,26,48.0
masked,bert-base-uncased,bert-base-uncased,,1.0,13,27,46.0
masked,bert-base-uncased,bert-base-uncased,,1.0,13,28,47.0
masked,bert-base-uncased,bert-base-uncased,,1.0,13,29,46.0
masked,bert-base-uncased,bert-base-uncased,,1.0,13,30,48.0
masked,bert-base-uncased,bert-base-uncased,,1.0,13,31,45.0
masked,bert-base-uncased,bert-base-uncased,,1.0,13,32,47.0
masked,bert-base-uncased,bert-base-uncased,,1.0,13,33,45.0
masked,bert-base-uncased,bert-base-uncased,,1.0,13,34,39.0
masked,bert-base-uncased,bert-base-uncased,,1.0,13,35,44.0
masked,bert-base-uncased,bert-base-uncased,,1.0,13,36,42.0
masked,bert-base-uncased,bert-base-uncased,,1.0,13,37,40.0
masked,bert-base-uncased,bert-base-uncased,,1.0,13,38,35.0
masked,bert-base-uncased,bert-base-uncased,,1.0,13,39,42.0
masked,bert-base-uncased,bert-base-uncased,,1.0,13,40,41.0
masked,bert-base-uncased,bert-base-uncased,,1.0,13,41,45.0
masked,bert-base-uncased,bert-base-uncased,,1.0,13,42,40.0
masked,bert-base-uncased,bert-base-uncased,,1.0,13,43,45.0
masked,bert-base-uncased,bert-base-uncased,,1.0,13,44,35.0
masked,bert-base-uncased,bert-base-uncased,,1.0,13,45,43.0
masked,bert-base-uncased,bert-base-uncased,,1.0,13,46,40.0
masked,bert-base-uncased,bert-base-uncased,,1.0,13,47,43.0
masked,bert-base-uncased,bert-base-uncased,,1.0,13,48,38.0
masked,bert-base-uncased,bert-base-uncased,,1.0,13,49,43.0
masked,bert-base-uncased,bert-base-uncased,,1.0,13,50,39.0
masked,bert-base-uncased,bert-base-uncased,,1.0,13,51,41.0
masked,bert-base-uncased,bert-base-uncased,,1.0,13,52,40.0
masked,bert-base-uncased,bert-base-uncased,,1.0,13,53,43.0
masked,bert-base-uncased,bert-base-uncased,,1.0,13,54,37.0
masked,bert-base-uncased,bert-base-uncased,,1.0,13,55,30.0
masked,bert-base-uncased,bert-base-uncased,,1.0,13,56,34.0
masked,bert-base-uncased,bert-base-uncased,,1.0,13,57,41.0
masked,bert-base-uncased,bert-base-uncased,,1.0,13,58,45.0
masked,bert-base-uncased,bert-base-uncased,,1.0,13,59,41.0
masked,bert-base-uncased,bert-base-uncased,,1.0,13,60,40.0
masked,bert-base-uncased,bert-base-uncased,,1.0,13,61,45.0
masked,bert-base-uncased,bert-base-uncased,,1.0,13,62,37.0
masked,bert-base-uncased,bert-base-uncased,,1.0,13,63,38.0
masked,bert-base-uncased,bert-base-uncased,,1.0,13,64,43.0
masked,bert-base-uncased,bert-base-uncased,,1.0,13,65,46.0
masked,bert-base-uncased,bert-base-uncased,,1.0,13,66,42.0
masked,bert-base-uncased,bert-base-uncased,,1.0,13,67,45.0
masked,bert-base-uncased,bert-base-uncased,,1.0,13,68,40.0
masked,bert-base-uncased,bert-base-uncased,,1.0,13,69,43.0
masked,bert-base-uncased,bert-base-uncased,,1.0,13,70,40.0
masked,bert-base-uncased,bert-base-uncased,,1.0,13,71,42.0
masked,bert-base-uncased,bert-base-uncased,,1.0,13,72,39.0
masked,bert-base-uncased,bert-base-uncased,,1.0,13,73,47.0
masked,bert-base-uncased,bert-base-uncased,,1.0,13,74,36.0
masked,bert-base-uncased,bert-base-uncased,,1.0,13,75,42.0
masked,bert-base-uncased,bert-base-uncased,,1.0,13,76,43.0
masked,bert-base-uncased,bert-base-uncased,,1.0,13,77,41.0
masked,bert-base-uncased,bert-base-uncased,,1.0,13,78,43.0
masked,bert-base-uncased,bert-base-uncased,,1.0,13,79,40.0
masked,bert-base-uncased,bert-base-uncased,,1.0,13,80,41.0
masked,bert-base-uncased,bert-base-uncased,,1.0,13,81,46.0
masked,bert-base-uncased,bert-base-uncased,,1.0,13,82,35.0
masked,bert-base-uncased,bert-base-uncased,,1.0,13,83,40.0
masked,bert-base-uncased,bert-base-uncased,,1.0,13,84,47.0
masked,bert-base-uncased,bert-base-uncased,,1.0,13,85,38.0
masked,bert-base-uncased,bert-base-uncased,,1.0,13,86,41.0
masked,bert-base-uncased,bert-base-uncased,,1.0,13,87,39.0
masked,bert-base-uncased,bert-base-uncased,,1.0,13,88,43.0
masked,bert-base-uncased,bert-base-uncased,,1.0,13,89,43.0
masked,bert-base-uncased,bert-base-uncased,,1.0,13,90,45.0
masked,bert-base-uncased,bert-base-uncased,,1.0,13,91,42.0
masked,bert-base-uncased,bert-base-uncased,,1.0,13,92,42.0
masked,bert-base-uncased,bert-base-uncased,,1.0,13,93,43.0
masked,bert-base-uncased,bert-base-uncased,,1.0,13,94,45.0
masked,bert-base-uncased,bert-base-uncased,,1.0,13,95,31.0
masked,bert-base-uncased,bert-base-uncased,,1.0,13,96,42.0
masked,bert-base-uncased,bert-base-uncased,,1.0,13,97,42.0
masked,bert-base-uncased,bert-base-uncased,,1.0,13,98,45.0
masked,bert-base-uncased,bert-base-uncased,,1.0,13,99,39.0
masked,bert-base-uncased,bert-base-uncased,,1.0,13,100,36.0
masked,bert-base-uncased,bert-base-uncased,,1.0,13,101,43.0
masked,bert-base-uncased,bert-base-uncased,,1.0,13,102,43.0
masked,bert-base-uncased,bert-base-uncased,,1.0,13,103,39.0
masked,bert-base-uncased,bert-base-uncased,,1.0,13,104,43.0
masked,bert-base-uncased,bert-base-uncased,,1.0,13,105,39.0
masked,bert-base-uncased,bert-base-uncased,,1.0,13,106,37.0
masked,bert-base-uncased,bert-base-uncased,,1.0,13,107,40.0
masked,bert-base-uncased,bert-base-uncased,,1.0,13,108,32.0
masked,bert-base-uncased,bert-base-uncased,,1.0,13,109,35.0
masked,bert-base-uncased,bert-base-uncased,,1.0,13,110,40.0
masked,bert-base-uncased,bert-base-uncased,,1.0,13,111,44.0
masked,bert-base-uncased,bert-base-uncased,,1.0,13,112,42.0
masked,bert-base-uncased,bert-base-uncased,,1.0,13,113,42.0
masked,bert-base-uncased,bert-base-uncased,,1.0,13,114,41.0
masked,bert-base-uncased,bert-base-uncased,,1.0,13,115,34.0
masked,bert-base-uncased,bert-base-uncased,,1.0,13,116,31.0
masked,bert-base-uncased,bert-base-uncased,,1.0,13,117,42.0
masked,bert-base-uncased,bert-base-uncased,,1.0,13,118,42.0
masked,bert-base-uncased,bert-base-uncased,,1.0,13,119,41.0
masked,bert-base-uncased,bert-base-uncased,,1.0,13,120,35.0
masked,bert-base-uncased,bert-base-uncased,,1.0,14,0,1.0
masked,bert-base-uncased,bert-base-uncased,,1.0,14,1,5.0
masked,bert-base-uncased,bert-base-uncased,,1.0,14,2,14.0
masked,bert-base-uncased,bert-base-uncased,,1.0,14,3,24.0
masked,bert-base-uncased,bert-base-uncased,,1.0,14,4,24.0
masked,bert-base-uncased,bert-base-uncased,,1.0,14,5,38.0
masked,bert-base-uncased,bert-base-uncased,,1.0,14,6,30.0
masked,bert-base-uncased,bert-base-uncased,,1.0,14,7,42.0
masked,bert-base-uncased,bert-base-uncased,,1.0,14,8,44.0
masked,bert-base-uncased,bert-base-uncased,,1.0,14,9,39.0
masked,bert-base-uncased,bert-base-uncased,,1.0,14,10,37.0
masked,bert-base-uncased,bert-base-uncased,,1.0,14,11,38.0
masked,bert-base-uncased,bert-base-uncased,,1.0,14,12,40.0
masked,bert-base-uncased,bert-base-uncased,,1.0,14,13,43.0
masked,bert-base-uncased,bert-base-uncased,,1.0,14,14,42.0
masked,bert-base-uncased,bert-base-uncased,,1.0,14,15,46.0
masked,bert-base-uncased,bert-base-uncased,,1.0,14,16,47.0
masked,bert-base-uncased,bert-base-uncased,,1.0,14,17,46.0
masked,bert-base-uncased,bert-base-uncased,,1.0,14,18,47.0
masked,bert-base-uncased,bert-base-uncased,,1.0,14,19,46.0
masked,bert-base-uncased,bert-base-uncased,,1.0,14,20,45.0
masked,bert-base-uncased,bert-base-uncased,,1.0,14,21,44.0
masked,bert-base-uncased,bert-base-uncased,,1.0,14,22,44.0
masked,bert-base-uncased,bert-base-uncased,,1.0,14,23,46.0
masked,bert-base-uncased,bert-base-uncased,,1.0,14,24,47.0
masked,bert-base-uncased,bert-base-uncased,,1.0,14,25,46.0
masked,bert-base-uncased,bert-base-uncased,,1.0,14,26,43.0
masked,bert-base-uncased,bert-base-uncased,,1.0,14,27,40.0
masked,bert-base-uncased,bert-base-uncased,,1.0,14,28,42.0
masked,bert-base-uncased,bert-base-uncased,,1.0,14,29,32.0
masked,bert-base-uncased,bert-base-uncased,,1.0,14,30,35.0
masked,bert-base-uncased,bert-base-uncased,,1.0,14,31,31.0
masked,bert-base-uncased,bert-base-uncased,,1.0,14,32,35.0
masked,bert-base-uncased,bert-base-uncased,,1.0,14,33,34.0
masked,bert-base-uncased,bert-base-uncased,,1.0,14,34,33.0
masked,bert-base-uncased,bert-base-uncased,,1.0,14,35,32.0
masked,bert-base-uncased,bert-base-uncased,,1.0,14,36,29.0
masked,bert-base-uncased,bert-base-uncased,,1.0,14,37,24.0
masked,bert-base-uncased,bert-base-uncased,,1.0,14,38,19.0
masked,bert-base-uncased,bert-base-uncased,,1.0,14,39,21.0
masked,bert-base-uncased,bert-base-uncased,,1.0,14,40,14.0
masked,bert-base-uncased,bert-base-uncased,,1.0,14,41,13.0
masked,bert-base-uncased,bert-base-uncased,,1.0,14,42,9.0
masked,bert-base-uncased,bert-base-uncased,,1.0,14,43,3.0
masked,bert-base-uncased,bert-base-uncased,,1.0,14,44,17.0
masked,bert-base-uncased,bert-base-uncased,,1.0,14,45,9.0
masked,bert-base-uncased,bert-base-uncased,,1.0,14,46,17.0
masked,bert-base-uncased,bert-base-uncased,,1.0,14,47,9.0
masked,bert-base-uncased,bert-base-uncased,,1.0,14,48,10.0
masked,bert-base-uncased,bert-base-uncased,,1.0,14,49,10.0
masked,bert-base-uncased,bert-base-uncased,,1.0,14,50,6.0
masked,bert-base-uncased,bert-base-uncased,,1.0,14,51,6.0
masked,bert-base-uncased,bert-base-uncased,,1.0,14,52,11.0
masked,bert-base-uncased,bert-base-uncased,,1.0,14,53,4.0
masked,bert-base-uncased,bert-base-uncased,,1.0,14,54,9.0
masked,bert-base-uncased,bert-base-uncased,,1.0,14,55,13.0
masked,bert-base-uncased,bert-base-uncased,,1.0,14,56,23.0
masked,bert-base-uncased,bert-base-uncased,,1.0,14,57,22.0
masked,bert-base-uncased,bert-base-uncased,,1.0,14,58,25.0
masked,bert-base-uncased,bert-base-uncased,,1.0,14,59,11.0
masked,bert-base-uncased,bert-base-uncased,,1.0,14,60,9.0
masked,bert-base-uncased,bert-base-uncased,,1.0,14,61,7.0
masked,bert-base-uncased,bert-base-uncased,,1.0,14,62,6.0
masked,bert-base-uncased,bert-base-uncased,,1.0,14,63,2.0
masked,bert-base-uncased,bert-base-uncased,,1.0,14,64,1.0
masked,bert-base-uncased,bert-base-uncased,,1.0,14,65,0.0
masked,bert-base-uncased,bert-base-uncased,,1.0,14,66,0.0
masked,bert-base-uncased,bert-base-uncased,,1.0,14,67,0.0
masked,bert-base-uncased,bert-base-uncased,,1.0,14,68,0.0
masked,bert-base-uncased,bert-base-uncased,,1.0,14,69,0.0
masked,bert-base-uncased,bert-base-uncased,,1.0,14,70,0.0
masked,bert-base-uncased,bert-base-uncased,,1.0,14,71,0.0
masked,bert-base-uncased,bert-base-uncased,,1.0,14,72,0.0
masked,bert-base-uncased,bert-base-uncased,,1.0,14,73,0.0
masked,bert-base-uncased,bert-base-uncased,,1.0,14,74,0.0
masked,bert-base-uncased,bert-base-uncased,,1.0,14,75,0.0
masked,bert-base-uncased,bert-base-uncased,,1.0,14,76,0.0
masked,bert-base-uncased,bert-base-uncased,,1.0,14,77,0.0
masked,bert-base-uncased,bert-base-uncased,,1.0,14,78,0.0
masked,bert-base-uncased,bert-base-uncased,,1.0,14,79,0.0
masked,bert-base-uncased,bert-base-uncased,,1.0,14,80,0.0
masked,bert-base-uncased,bert-base-uncased,,1.0,14,81,0.0
masked,bert-base-uncased,bert-base-uncased,,1.0,14,82,0.0
masked,bert-base-uncased,bert-base-uncased,,1.0,14,83,0.0
masked,bert-base-uncased,bert-base-uncased,,1.0,14,84,0.0
masked,bert-base-uncased,bert-base-uncased,,1.0,14,85,0.0
masked,bert-base-uncased,bert-base-uncased,,1.0,14,86,0.0
masked,bert-base-uncased,bert-base-uncased,,1.0,14,87,0.0
masked,bert-base-uncased,bert-base-uncased,,1.0,14,88,0.0
masked,bert-base-uncased,bert-base-uncased,,1.0,14,89,0.0
masked,bert-base-uncased,bert-base-uncased,,1.0,14,90,0.0
masked,bert-base-uncased,bert-base-uncased,,1.0,14,91,0.0
masked,bert-base-uncased,bert-base-uncased,,1.0,14,92,0.0
masked,bert-base-uncased,bert-base-uncased,,1.0,14,93,0.0
masked,bert-base-uncased,bert-base-uncased,,1.0,14,94,0.0
masked,bert-base-uncased,bert-base-uncased,,1.0,14,95,0.0
masked,bert-base-uncased,bert-base-uncased,,1.0,14,96,0.0
masked,bert-base-uncased,bert-base-uncased,,1.0,14,97,0.0
masked,bert-base-uncased,bert-base-uncased,,1.0,14,98,0.0
masked,bert-base-uncased,bert-base-uncased,,1.0,14,99,0.0
masked,bert-base-uncased,bert-base-uncased,,1.0,14,100,0.0
masked,bert-base-uncased,bert-base-uncased,,1.0,14,101,0.0
masked,bert-base-uncased,bert-base-uncased,,1.0,14,102,0.0
masked,bert-base-uncased,bert-base-uncased,,1.0,14,103,0.0
masked,bert-base-uncased,bert-base-uncased,,1.0,14,104,0.0
masked,bert-base-uncased,bert-base-uncased,,1.0,14,105,0.0
masked,bert-base-uncased,bert-base-uncased,,1.0,14,106,0.0
masked,bert-base-uncased,bert-base-uncased,,1.0,14,107,0.0
masked,bert-base-uncased,bert-base-uncased,,1.0,14,108,0.0
masked,bert-base-uncased,bert-base-uncased,,1.0,14,109,0.0
masked,bert-base-uncased,bert-base-uncased,,1.0,14,110,0.0
masked,bert-base-uncased,bert-base-uncased,,1.0,14,111,0.0
masked,bert-base-uncased,bert-base-uncased,,1.0,14,112,0.0
masked,bert-base-uncased,bert-base-uncased,,1.0,14,113,0.0
masked,bert-base-uncased,bert-base-uncased,,1.0,14,114,0.0
masked,bert-base-uncased,bert-base-uncased,,1.0,14,115,0.0
masked,bert-base-uncased,bert-base-uncased,,1.0,14,116,0.0
masked,bert-base-uncased,bert-base-uncased,,1.0,14,117,0.0
masked,bert-base-uncased,bert-base-uncased,,1.0,14,118,0.0
masked,bert-base-uncased,bert-base-uncased,,1.0,14,119,0.0
masked,bert-base-uncased,bert-base-uncased,,1.0,14,120,0.0
masked,bert-base-uncased,bert-base-uncased,,1.0,15,0,1.0
masked,bert-base-uncased,bert-base-uncased,,1.0,15,1,7.0
masked,bert-base-uncased,bert-base-uncased,,1.0,15,2,15.0
masked,bert-base-uncased,bert-base-uncased,,1.0,15,3,30.0
masked,bert-base-uncased,bert-base-uncased,,1.0,15,4,36.0
masked,bert-base-uncased,bert-base-uncased,,1.0,15,5,33.0
masked,bert-base-uncased,bert-base-uncased,,1.0,15,6,39.0
masked,bert-base-uncased,bert-base-uncased,,1.0,15,7,41.0
masked,bert-base-uncased,bert-base-uncased,,1.0,15,8,38.0
masked,bert-base-uncased,bert-base-uncased,,1.0,15,9,42.0
masked,bert-base-uncased,bert-base-uncased,,1.0,15,10,41.0
masked,bert-base-uncased,bert-base-uncased,,1.0,15,11,40.0
masked,bert-base-uncased,bert-base-uncased,,1.0,15,12,43.0
masked,bert-base-uncased,bert-base-uncased,,1.0,15,13,45.0
masked,bert-base-uncased,bert-base-uncased,,1.0,15,14,42.0
masked,bert-base-uncased,bert-base-uncased,,1.0,15,15,44.0
masked,bert-base-uncased,bert-base-uncased,,1.0,15,16,43.0
masked,bert-base-uncased,bert-base-uncased,,1.0,15,17,41.0
masked,bert-base-uncased,bert-base-uncased,,1.0,15,18,37.0
masked,bert-base-uncased,bert-base-uncased,,1.0,15,19,36.0
masked,bert-base-uncased,bert-base-uncased,,1.0,15,20,40.0
masked,bert-base-uncased,bert-base-uncased,,1.0,15,21,46.0
masked,bert-base-uncased,bert-base-uncased,,1.0,15,22,37.0
masked,bert-base-uncased,bert-base-uncased,,1.0,15,23,36.0
masked,bert-base-uncased,bert-base-uncased,,1.0,15,24,36.0
masked,bert-base-uncased,bert-base-uncased,,1.0,15,25,38.0
masked,bert-base-uncased,bert-base-uncased,,1.0,15,26,44.0
masked,bert-base-uncased,bert-base-uncased,,1.0,15,27,39.0
masked,bert-base-uncased,bert-base-uncased,,1.0,15,28,44.0
masked,bert-base-uncased,bert-base-uncased,,1.0,15,29,39.0
masked,bert-base-uncased,bert-base-uncased,,1.0,15,30,45.0
masked,bert-base-uncased,bert-base-uncased,,1.0,15,31,37.0
masked,bert-base-uncased,bert-base-uncased,,1.0,15,32,45.0
masked,bert-base-uncased,bert-base-uncased,,1.0,15,33,40.0
masked,bert-base-uncased,bert-base-uncased,,1.0,15,34,40.0
masked,bert-base-uncased,bert-base-uncased,,1.0,15,35,39.0
masked,bert-base-uncased,bert-base-uncased,,1.0,15,36,36.0
masked,bert-base-uncased,bert-base-uncased,,1.0,15,37,36.0
masked,bert-base-uncased,bert-base-uncased,,1.0,15,38,38.0
masked,bert-base-uncased,bert-base-uncased,,1.0,15,39,46.0
masked,bert-base-uncased,bert-base-uncased,,1.0,15,40,38.0
masked,bert-base-uncased,bert-base-uncased,,1.0,15,41,44.0
masked,bert-base-uncased,bert-base-uncased,,1.0,15,42,42.0
masked,bert-base-uncased,bert-base-uncased,,1.0,15,43,46.0
masked,bert-base-uncased,bert-base-uncased,,1.0,15,44,43.0
masked,bert-base-uncased,bert-base-uncased,,1.0,15,45,44.0
masked,bert-base-uncased,bert-base-uncased,,1.0,15,46,44.0
masked,bert-base-uncased,bert-base-uncased,,1.0,15,47,42.0
masked,bert-base-uncased,bert-base-uncased,,1.0,15,48,39.0
masked,bert-base-uncased,bert-base-uncased,,1.0,15,49,45.0
masked,bert-base-uncased,bert-base-uncased,,1.0,15,50,30.0
masked,bert-base-uncased,bert-base-uncased,,1.0,15,51,40.0
masked,bert-base-uncased,bert-base-uncased,,1.0,15,52,39.0
masked,bert-base-uncased,bert-base-uncased,,1.0,15,53,45.0
masked,bert-base-uncased,bert-base-uncased,,1.0,15,54,43.0
masked,bert-base-uncased,bert-base-uncased,,1.0,15,55,37.0
masked,bert-base-uncased,bert-base-uncased,,1.0,15,56,40.0
masked,bert-base-uncased,bert-base-uncased,,1.0,15,57,45.0
masked,bert-base-uncased,bert-base-uncased,,1.0,15,58,40.0
masked,bert-base-uncased,bert-base-uncased,,1.0,15,59,45.0
masked,bert-base-uncased,bert-base-uncased,,1.0,15,60,41.0
masked,bert-base-uncased,bert-base-uncased,,1.0,15,61,45.0
masked,bert-base-uncased,bert-base-uncased,,1.0,15,62,38.0
masked,bert-base-uncased,bert-base-uncased,,1.0,15,63,42.0
masked,bert-base-uncased,bert-base-uncased,,1.0,15,64,40.0
masked,bert-base-uncased,bert-base-uncased,,1.0,15,65,46.0
masked,bert-base-uncased,bert-base-uncased,,1.0,15,66,46.0
masked,bert-base-uncased,bert-base-uncased,,1.0,15,67,40.0
masked,bert-base-uncased,bert-base-uncased,,1.0,15,68,42.0
masked,bert-base-uncased,bert-base-uncased,,1.0,15,69,44.0
masked,bert-base-uncased,bert-base-uncased,,1.0,15,70,42.0
masked,bert-base-uncased,bert-base-uncased,,1.0,15,71,32.0
masked,bert-base-uncased,bert-base-uncased,,1.0,15,72,43.0
masked,bert-base-uncased,bert-base-uncased,,1.0,15,73,40.0
masked,bert-base-uncased,bert-base-uncased,,1.0,15,74,43.0
masked,bert-base-uncased,bert-base-uncased,,1.0,15,75,38.0
masked,bert-base-uncased,bert-base-uncased,,1.0,15,76,37.0
masked,bert-base-uncased,bert-base-uncased,,1.0,15,77,47.0
masked,bert-base-uncased,bert-base-uncased,,1.0,15,78,41.0
masked,bert-base-uncased,bert-base-uncased,,1.0,15,79,47.0
masked,bert-base-uncased,bert-base-uncased,,1.0,15,80,40.0
masked,bert-base-uncased,bert-base-uncased,,1.0,15,81,43.0
masked,bert-base-uncased,bert-base-uncased,,1.0,15,82,43.0
masked,bert-base-uncased,bert-base-uncased,,1.0,15,83,36.0
masked,bert-base-uncased,bert-base-uncased,,1.0,15,84,43.0
masked,bert-base-uncased,bert-base-uncased,,1.0,15,85,46.0
masked,bert-base-uncased,bert-base-uncased,,1.0,15,86,28.0
masked,bert-base-uncased,bert-base-uncased,,1.0,15,87,34.0
masked,bert-base-uncased,bert-base-uncased,,1.0,15,88,42.0
masked,bert-base-uncased,bert-base-uncased,,1.0,15,89,38.0
masked,bert-base-uncased,bert-base-uncased,,1.0,15,90,43.0
masked,bert-base-uncased,bert-base-uncased,,1.0,15,91,42.0
masked,bert-base-uncased,bert-base-uncased,,1.0,15,92,42.0
masked,bert-base-uncased,bert-base-uncased,,1.0,15,93,40.0
masked,bert-base-uncased,bert-base-uncased,,1.0,15,94,40.0
masked,bert-base-uncased,bert-base-uncased,,1.0,15,95,37.0
masked,bert-base-uncased,bert-base-uncased,,1.0,15,96,42.0
masked,bert-base-uncased,bert-base-uncased,,1.0,15,97,39.0
masked,bert-base-uncased,bert-base-uncased,,1.0,15,98,40.0
masked,bert-base-uncased,bert-base-uncased,,1.0,15,99,43.0
masked,bert-base-uncased,bert-base-uncased,,1.0,15,100,41.0
masked,bert-base-uncased,bert-base-uncased,,1.0,15,101,44.0
masked,bert-base-uncased,bert-base-uncased,,1.0,15,102,34.0
masked,bert-base-uncased,bert-base-uncased,,1.0,15,103,43.0
masked,bert-base-uncased,bert-base-uncased,,1.0,15,104,34.0
masked,bert-base-uncased,bert-base-uncased,,1.0,15,105,44.0
masked,bert-base-uncased,bert-base-uncased,,1.0,15,106,35.0
masked,bert-base-uncased,bert-base-uncased,,1.0,15,107,39.0
masked,bert-base-uncased,bert-base-uncased,,1.0,15,108,47.0
masked,bert-base-uncased,bert-base-uncased,,1.0,15,109,35.0
masked,bert-base-uncased,bert-base-uncased,,1.0,15,110,43.0
masked,bert-base-uncased,bert-base-uncased,,1.0,15,111,44.0
masked,bert-base-uncased,bert-base-uncased,,1.0,15,112,39.0
masked,bert-base-uncased,bert-base-uncased,,1.0,15,113,42.0
masked,bert-base-uncased,bert-base-uncased,,1.0,15,114,36.0
masked,bert-base-uncased,bert-base-uncased,,1.0,15,115,38.0
masked,bert-base-uncased,bert-base-uncased,,1.0,15,116,34.0
masked,bert-base-uncased,bert-base-uncased,,1.0,15,117,34.0
masked,bert-base-uncased,bert-base-uncased,,1.0,15,118,42.0
masked,bert-base-uncased,bert-base-uncased,,1.0,15,119,42.0
masked,bert-base-uncased,bert-base-uncased,,1.0,15,120,41.0
local,distilroberta-base,distilroberta-base,1,1.0,0,0,1.0
local,distilroberta-base,distilroberta-base,1,1.0,0,1,1.0
local,distilroberta-base,distilroberta-base,1,1.0,0,2,4.0
local,distilroberta-base,distilroberta-base,1,1.0,0,3,8.0
local,distilroberta-base,distilroberta-base,1,1.0,0,4,11.0
local,distilroberta-base,distilroberta-base,1,1.0,0,5,8.0
local,distilroberta-base,distilroberta-base,1,1.0,0,6,10.0
local,distilroberta-base,distilroberta-base,1,1.0,0,7,9.0
local,distilroberta-base,distilroberta-base,1,1.0,0,8,12.0
local,distilroberta-base,distilroberta-base,1,1.0,0,9,10.0
local,distilroberta-base,distilroberta-base,1,1.0,0,10,14.0
local,distilroberta-base,distilroberta-base,1,1.0,0,11,11.0
local,distilroberta-base,distilroberta-base,1,1.0,0,12,13.0
local,distilroberta-base,distilroberta-base,1,1.0,0,13,10.0
local,distilroberta-base,distilroberta-base,1,1.0,0,14,12.0
local,distilroberta-base,distilroberta-base,1,1.0,0,15,11.0
local,distilroberta-base,distilroberta-base,1,1.0,0,16,10.0
local,distilroberta-base,distilroberta-base,1,1.0,0,17,7.0
local,distilroberta-base,distilroberta-base,1,1.0,0,18,11.0
local,distilroberta-base,distilroberta-base,1,1.0,0,19,10.0
local,distilroberta-base,distilroberta-base,1,1.0,0,20,6.0
local,distilroberta-base,distilroberta-base,1,1.0,0,21,3.0
local,distilroberta-base,distilroberta-base,1,1.0,0,22,10.0
local,distilroberta-base,distilroberta-base,1,1.0,0,23,11.0
local,distilroberta-base,distilroberta-base,1,1.0,0,24,10.0
local,distilroberta-base,distilroberta-base,1,1.0,0,25,12.0
local,distilroberta-base,distilroberta-base,1,1.0,0,26,12.0
local,distilroberta-base,distilroberta-base,1,1.0,0,27,11.0
local,distilroberta-base,distilroberta-base,1,1.0,0,28,13.0
local,distilroberta-base,distilroberta-base,1,1.0,0,29,13.0
local,distilroberta-base,distilroberta-base,1,1.0,0,30,7.0
local,distilroberta-base,distilroberta-base,1,1.0,0,31,8.0
local,distilroberta-base,distilroberta-base,1,1.0,0,32,11.0
local,distilroberta-base,distilroberta-base,1,1.0,0,33,10.0
local,distilroberta-base,distilroberta-base,1,1.0,0,34,13.0
local,distilroberta-base,distilroberta-base,1,1.0,0,35,12.0
local,distilroberta-base,distilroberta-base,1,1.0,0,36,14.0
local,distilroberta-base,distilroberta-base,1,1.0,0,37,13.0
local,distilroberta-base,distilroberta-base,1,1.0,0,38,11.0
local,distilroberta-base,distilroberta-base,1,1.0,0,39,15.0
local,distilroberta-base,distilroberta-base,1,1.0,0,40,11.0
local,distilroberta-base,distilroberta-base,1,1.0,0,41,10.0
local,distilroberta-base,distilroberta-base,1,1.0,0,42,7.0
local,distilroberta-base,distilroberta-base,1,1.0,0,43,4.0
local,distilroberta-base,distilroberta-base,1,1.0,0,44,2.0
local,distilroberta-base,distilroberta-base,1,1.0,0,45,2.0
local,distilroberta-base,distilroberta-base,1,1.0,0,46,1.0
local,distilroberta-base,distilroberta-base,1,1.0,0,47,1.0
local,distilroberta-base,distilroberta-base,1,1.0,0,48,2.0
local,distilroberta-base,distilroberta-base,1,1.0,0,49,2.0
local,distilroberta-base,distilroberta-base,1,1.0,0,50,2.0
local,distilroberta-base,distilroberta-base,1,1.0,0,51,1.0
local,distilroberta-base,distilroberta-base,1,1.0,0,52,0.0
local,distilroberta-base,distilroberta-base,1,1.0,0,53,0.0
local,distilroberta-base,distilroberta-base,1,1.0,0,54,0.0
local,distilroberta-base,distilroberta-base,1,1.0,0,55,0.0
local,distilroberta-base,distilroberta-base,1,1.0,0,56,0.0
local,distilroberta-base,distilroberta-base,1,1.0,0,57,0.0
local,distilroberta-base,distilroberta-base,1,1.0,0,58,0.0
local,distilroberta-base,distilroberta-base,1,1.0,0,59,0.0
local,distilroberta-base,distilroberta-base,1,1.0,0,60,0.0
local,distilroberta-base,distilroberta-base,1,1.0,0,61,0.0
local,distilroberta-base,distilroberta-base,1,1.0,0,62,0.0
local,distilroberta-base,distilroberta-base,1,1.0,0,63,0.0
local,distilroberta-base,distilroberta-base,1,1.0,0,64,0.0
local,distilroberta-base,distilroberta-base,1,1.0,0,65,0.0
local,distilroberta-base,distilroberta-base,1,1.0,0,66,0.0
local,distilroberta-base,distilroberta-base,1,1.0,0,67,0.0
local,distilroberta-base,distilroberta-base,1,1.0,0,68,0.0
local,distilroberta-base,distilroberta-base,1,1.0,0,69,0.0
local,distilroberta-base,distilroberta-base,1,1.0,0,70,0.0
local,distilroberta-base,distilroberta-base,1,1.0,0,71,0.0
local,distilroberta-base,distilroberta-base,1,1.0,0,72,0.0
local,distilroberta-base,distilroberta-base,1,1.0,0,73,0.0
local,distilroberta-base,distilroberta-base,1,1.0,0,74,0.0
local,distilroberta-base,distilroberta-base,1,1.0,0,75,0.0
local,distilroberta-base,distilroberta-base,1,1.0,0,76,0.0
local,distilroberta-base,distilroberta-base,1,1.0,0,77,0.0
local,distilroberta-base,distilroberta-base,1,1.0,0,78,0.0
local,distilroberta-base,distilroberta-base,1,1.0,0,79,0.0
local,distilroberta-base,distilroberta-base,1,1.0,0,80,0.0
local,distilroberta-base,distilroberta-base,1,1.0,0,81,0.0
local,distilroberta-base,distilroberta-base,1,1.0,0,82,0.0
local,distilroberta-base,distilroberta-base,1,1.0,0,83,0.0
local,distilroberta-base,distilroberta-base,1,1.0,0,84,0.0
local,distilroberta-base,distilroberta-base,1,1.0,0,85,0.0
local,distilroberta-base,distilroberta-base,1,1.0,0,86,0.0
local,distilroberta-base,distilroberta-base,1,1.0,0,87,0.0
local,distilroberta-base,distilroberta-base,1,1.0,0,88,0.0
local,distilroberta-base,distilroberta-base,1,1.0,0,89,0.0
local,distilroberta-base,distilroberta-base,1,1.0,0,90,0.0
local,distilroberta-base,distilroberta-base,1,1.0,0,91,0.0
local,distilroberta-base,distilroberta-base,1,1.0,0,92,0.0
local,distilroberta-base,distilroberta-base,1,1.0,0,93,0.0
local,distilroberta-base,distilroberta-base,1,1.0,0,94,0.0
local,distilroberta-base,distilroberta-base,1,1.0,0,95,0.0
local,distilroberta-base,distilroberta-base,1,1.0,0,96,0.0
local,distilroberta-base,distilroberta-base,1,1.0,0,97,0.0
local,distilroberta-base,distilroberta-base,1,1.0,0,98,0.0
local,distilroberta-base,distilroberta-base,1,1.0,0,99,0.0
local,distilroberta-base,distilroberta-base,1,1.0,0,100,0.0
local,distilroberta-base,distilroberta-base,1,1.0,0,101,0.0
local,distilroberta-base,distilroberta-base,1,1.0,0,102,0.0
local,distilroberta-base,distilroberta-base,1,1.0,0,103,0.0
local,distilroberta-base,distilroberta-base,1,1.0,0,104,0.0
local,distilroberta-base,distilroberta-base,1,1.0,0,105,0.0
local,distilroberta-base,distilroberta-base,1,1.0,0,106,0.0
local,distilroberta-base,distilroberta-base,1,1.0,0,107,0.0
local,distilroberta-base,distilroberta-base,1,1.0,0,108,0.0
local,distilroberta-base,distilroberta-base,1,1.0,0,109,0.0
local,distilroberta-base,distilroberta-base,1,1.0,0,110,0.0
local,distilroberta-base,distilroberta-base,1,1.0,0,111,0.0
local,distilroberta-base,distilroberta-base,1,1.0,0,112,0.0
local,distilroberta-base,distilroberta-base,1,1.0,0,113,0.0
local,distilroberta-base,distilroberta-base,1,1.0,0,114,0.0
local,distilroberta-base,distilroberta-base,1,1.0,0,115,0.0
local,distilroberta-base,distilroberta-base,1,1.0,0,116,0.0
local,distilroberta-base,distilroberta-base,1,1.0,0,117,0.0
local,distilroberta-base,distilroberta-base,1,1.0,0,118,0.0
local,distilroberta-base,distilroberta-base,1,1.0,0,119,0.0
local,distilroberta-base,distilroberta-base,1,1.0,0,120,0.0
local,distilroberta-base,distilroberta-base,1,1.0,1,0,1.0
local,distilroberta-base,distilroberta-base,1,1.0,1,1,4.0
local,distilroberta-base,distilroberta-base,1,1.0,1,2,3.0
local,distilroberta-base,distilroberta-base,1,1.0,1,3,3.0
local,distilroberta-base,distilroberta-base,1,1.0,1,4,2.0
local,distilroberta-base,distilroberta-base,1,1.0,1,5,1.0
local,distilroberta-base,distilroberta-base,1,1.0,1,6,2.0
local,distilroberta-base,distilroberta-base,1,1.0,1,7,1.0
local,distilroberta-base,distilroberta-base,1,1.0,1,8,2.0
local,distilroberta-base,distilroberta-base,1,1.0,1,9,1.0
local,distilroberta-base,distilroberta-base,1,1.0,1,10,2.0
local,distilroberta-base,distilroberta-base,1,1.0,1,11,1.0
local,distilroberta-base,distilroberta-base,1,1.0,1,12,1.0
local,distilroberta-base,distilroberta-base,1,1.0,1,13,1.0
local,distilroberta-base,distilroberta-base,1,1.0,1,14,1.0
local,distilroberta-base,distilroberta-base,1,1.0,1,15,1.0
local,distilroberta-base,distilroberta-base,1,1.0,1,16,2.0
local,distilroberta-base,distilroberta-base,1,1.0,1,17,1.0
local,distilroberta-base,distilroberta-base,1,1.0,1,18,1.0
local,distilroberta-base,distilroberta-base,1,1.0,1,19,1.0
local,distilroberta-base,distilroberta-base,1,1.0,1,20,0.0
local,distilroberta-base,distilroberta-base,1,1.0,1,21,0.0
local,distilroberta-base,distilroberta-base,1,1.0,1,22,0.0
local,distilroberta-base,distilroberta-base,1,1.0,1,23,0.0
local,distilroberta-base,distilroberta-base,1,1.0,1,24,0.0
local,distilroberta-base,distilroberta-base,1,1.0,1,25,0.0
local,distilroberta-base,distilroberta-base,1,1.0,1,26,0.0
local,distilroberta-base,distilroberta-base,1,1.0,1,27,0.0
local,distilroberta-base,distilroberta-base,1,1.0,1,28,0.0
local,distilroberta-base,distilroberta-base,1,1.0,1,29,0.0
local,distilroberta-base,distilroberta-base,1,1.0,1,30,0.0
local,distilroberta-base,distilroberta-base,1,1.0,1,31,0.0
local,distilroberta-base,distilroberta-base,1,1.0,1,32,0.0
local,distilroberta-base,distilroberta-base,1,1.0,1,33,0.0
local,distilroberta-base,distilroberta-base,1,1.0,1,34,0.0
local,distilroberta-base,distilroberta-base,1,1.0,1,35,0.0
local,distilroberta-base,distilroberta-base,1,1.0,1,36,0.0
local,distilroberta-base,distilroberta-base,1,1.0,1,37,0.0
local,distilroberta-base,distilroberta-base,1,1.0,1,38,0.0
local,distilroberta-base,distilroberta-base,1,1.0,1,39,0.0
local,distilroberta-base,distilroberta-base,1,1.0,1,40,0.0
local,distilroberta-base,distilroberta-base,1,1.0,1,41,0.0
local,distilroberta-base,distilroberta-base,1,1.0,1,42,0.0
local,distilroberta-base,distilroberta-base,1,1.0,1,43,0.0
local,distilroberta-base,distilroberta-base,1,1.0,1,44,0.0
local,distilroberta-base,distilroberta-base,1,1.0,1,45,0.0
local,distilroberta-base,distilroberta-base,1,1.0,1,46,0.0
local,distilroberta-base,distilroberta-base,1,1.0,1,47,0.0
local,distilroberta-base,distilroberta-base,1,1.0,1,48,0.0
local,distilroberta-base,distilroberta-base,1,1.0,1,49,0.0
local,distilroberta-base,distilroberta-base,1,1.0,1,50,0.0
local,distilroberta-base,distilroberta-base,1,1.0,1,51,0.0
local,distilroberta-base,distilroberta-base,1,1.0,1,52,0.0
local,distilroberta-base,distilroberta-base,1,1.0,1,53,0.0
local,distilroberta-base,distilroberta-base,1,1.0,1,54,0.0
local,distilroberta-base,distilroberta-base,1,1.0,1,55,0.0
local,distilroberta-base,distilroberta-base,1,1.0,1,56,0.0
local,distilroberta-base,distilroberta-base,1,1.0,1,57,0.0
local,distilroberta-base,distilroberta-base,1,1.0,1,58,0.0
local,distilroberta-base,distilroberta-base,1,1.0,1,59,0.0
local,distilroberta-base,distilroberta-base,1,1.0,1,60,0.0
local,distilroberta-base,distilroberta-base,1,1.0,1,61,0.0
local,distilroberta-base,distilroberta-base,1,1.0,1,62,0.0
local,distilroberta-base,distilroberta-base,1,1.0,1,63,0.0
local,distilroberta-base,distilroberta-base,1,1.0,1,64,0.0
local,distilroberta-base,distilroberta-base,1,1.0,1,65,0.0
local,distilroberta-base,distilroberta-base,1,1.0,1,66,0.0
local,distilroberta-base,distilroberta-base,1,1.0,1,67,0.0
local,distilroberta-base,distilroberta-base,1,1.0,1,68,0.0
local,distilroberta-base,distilroberta-base,1,1.0,1,69,0.0
local,distilroberta-base,distilroberta-base,1,1.0,1,70,0.0
local,distilroberta-base,distilroberta-base,1,1.0,1,71,0.0
local,distilroberta-base,distilroberta-base,1,1.0,1,72,0.0
local,distilroberta-base,distilroberta-base,1,1.0,1,73,0.0
local,distilroberta-base,distilroberta-base,1,1.0,1,74,0.0
local,distilroberta-base,distilroberta-base,1,1.0,1,75,0.0
local,distilroberta-base,distilroberta-base,1,1.0,1,76,0.0
local,distilroberta-base,distilroberta-base,1,1.0,1,77,0.0
local,distilroberta-base,distilroberta-base,1,1.0,1,78,0.0
local,distilroberta-base,distilroberta-base,1,1.0,1,79,0.0
local,distilroberta-base,distilroberta-base,1,1.0,1,80,0.0
local,distilroberta-base,distilroberta-base,1,1.0,1,81,0.0
local,distilroberta-base,distilroberta-base,1,1.0,1,82,0.0
local,distilroberta-base,distilroberta-base,1,1.0,1,83,0.0
local,distilroberta-base,distilroberta-base,1,1.0,1,84,0.0
local,distilroberta-base,distilroberta-base,1,1.0,1,85,0.0
local,distilroberta-base,distilroberta-base,1,1.0,1,86,0.0
local,distilroberta-base,distilroberta-base,1,1.0,1,87,0.0
local,distilroberta-base,distilroberta-base,1,1.0,1,88,0.0
local,distilroberta-base,distilroberta-base,1,1.0,1,89,0.0
local,distilroberta-base,distilroberta-base,1,1.0,1,90,0.0
local,distilroberta-base,distilroberta-base,1,1.0,1,91,0.0
local,distilroberta-base,distilroberta-base,1,1.0,1,92,0.0
local,distilroberta-base,distilroberta-base,1,1.0,1,93,0.0
local,distilroberta-base,distilroberta-base,1,1.0,1,94,0.0
local,distilroberta-base,distilroberta-base,1,1.0,1,95,0.0
local,distilroberta-base,distilroberta-base,1,1.0,1,96,0.0
local,distilroberta-base,distilroberta-base,1,1.0,1,97,0.0
local,distilroberta-base,distilroberta-base,1,1.0,1,98,0.0
local,distilroberta-base,distilroberta-base,1,1.0,1,99,0.0
local,distilroberta-base,distilroberta-base,1,1.0,1,100,0.0
local,distilroberta-base,distilroberta-base,1,1.0,1,101,0.0
local,distilroberta-base,distilroberta-base,1,1.0,1,102,0.0
local,distilroberta-base,distilroberta-base,1,1.0,1,103,0.0
local,distilroberta-base,distilroberta-base,1,1.0,1,104,0.0
local,distilroberta-base,distilroberta-base,1,1.0,1,105,0.0
local,distilroberta-base,distilroberta-base,1,1.0,1,106,0.0
local,distilroberta-base,distilroberta-base,1,1.0,1,107,0.0
local,distilroberta-base,distilroberta-base,1,1.0,1,108,0.0
local,distilroberta-base,distilroberta-base,1,1.0,1,109,0.0
local,distilroberta-base,distilroberta-base,1,1.0,1,110,0.0
local,distilroberta-base,distilroberta-base,1,1.0,1,111,0.0
local,distilroberta-base,distilroberta-base,1,1.0,1,112,0.0
local,distilroberta-base,distilroberta-base,1,1.0,1,113,0.0
local,distilroberta-base,distilroberta-base,1,1.0,1,114,0.0
local,distilroberta-base,distilroberta-base,1,1.0,1,115,0.0
local,distilroberta-base,distilroberta-base,1,1.0,1,116,0.0
local,distilroberta-base,distilroberta-base,1,1.0,1,117,0.0
local,distilroberta-base,distilroberta-base,1,1.0,1,118,0.0
local,distilroberta-base,distilroberta-base,1,1.0,1,119,0.0
local,distilroberta-base,distilroberta-base,1,1.0,1,120,0.0
local,distilroberta-base,distilroberta-base,1,1.0,2,0,1.0
local,distilroberta-base,distilroberta-base,1,1.0,2,1,1.0
local,distilroberta-base,distilroberta-base,1,1.0,2,2,1.0
local,distilroberta-base,distilroberta-base,1,1.0,2,3,0.0
local,distilroberta-base,distilroberta-base,1,1.0,2,4,0.0
local,distilroberta-base,distilroberta-base,1,1.0,2,5,0.0
local,distilroberta-base,distilroberta-base,1,1.0,2,6,0.0
local,distilroberta-base,distilroberta-base,1,1.0,2,7,0.0
local,distilroberta-base,distilroberta-base,1,1.0,2,8,0.0
local,distilroberta-base,distilroberta-base,1,1.0,2,9,0.0
local,distilroberta-base,distilroberta-base,1,1.0,2,10,0.0
local,distilroberta-base,distilroberta-base,1,1.0,2,11,0.0
local,distilroberta-base,distilroberta-base,1,1.0,2,12,0.0
local,distilroberta-base,distilroberta-base,1,1.0,2,13,0.0
local,distilroberta-base,distilroberta-base,1,1.0,2,14,0.0
local,distilroberta-base,distilroberta-base,1,1.0,2,15,0.0
local,distilroberta-base,distilroberta-base,1,1.0,2,16,0.0
local,distilroberta-base,distilroberta-base,1,1.0,2,17,0.0
local,distilroberta-base,distilroberta-base,1,1.0,2,18,0.0
local,distilroberta-base,distilroberta-base,1,1.0,2,19,0.0
local,distilroberta-base,distilroberta-base,1,1.0,2,20,0.0
local,distilroberta-base,distilroberta-base,1,1.0,2,21,0.0
local,distilroberta-base,distilroberta-base,1,1.0,2,22,0.0
local,distilroberta-base,distilroberta-base,1,1.0,2,23,0.0
local,distilroberta-base,distilroberta-base,1,1.0,2,24,0.0
local,distilroberta-base,distilroberta-base,1,1.0,2,25,0.0
local,distilroberta-base,distilroberta-base,1,1.0,2,26,0.0
local,distilroberta-base,distilroberta-base,1,1.0,2,27,0.0
local,distilroberta-base,distilroberta-base,1,1.0,2,28,0.0
local,distilroberta-base,distilroberta-base,1,1.0,2,29,0.0
local,distilroberta-base,distilroberta-base,1,1.0,2,30,0.0
local,distilroberta-base,distilroberta-base,1,1.0,2,31,0.0
local,distilroberta-base,distilroberta-base,1,1.0,2,32,0.0
local,distilroberta-base,distilroberta-base,1,1.0,2,33,0.0
local,distilroberta-base,distilroberta-base,1,1.0,2,34,0.0
local,distilroberta-base,distilroberta-base,1,1.0,2,35,0.0
local,distilroberta-base,distilroberta-base,1,1.0,2,36,0.0
local,distilroberta-base,distilroberta-base,1,1.0,2,37,0.0
local,distilroberta-base,distilroberta-base,1,1.0,2,38,0.0
local,distilroberta-base,distilroberta-base,1,1.0,2,39,0.0
local,distilroberta-base,distilroberta-base,1,1.0,2,40,0.0
local,distilroberta-base,distilroberta-base,1,1.0,2,41,0.0
local,distilroberta-base,distilroberta-base,1,1.0,2,42,0.0
local,distilroberta-base,distilroberta-base,1,1.0,2,43,0.0
local,distilroberta-base,distilroberta-base,1,1.0,2,44,0.0
local,distilroberta-base,distilroberta-base,1,1.0,2,45,0.0
local,distilroberta-base,distilroberta-base,1,1.0,2,46,0.0
local,distilroberta-base,distilroberta-base,1,1.0,2,47,0.0
local,distilroberta-base,distilroberta-base,1,1.0,2,48,0.0
local,distilroberta-base,distilroberta-base,1,1.0,2,49,0.0
local,distilroberta-base,distilroberta-base,1,1.0,2,50,0.0
local,distilroberta-base,distilroberta-base,1,1.0,2,51,0.0
local,distilroberta-base,distilroberta-base,1,1.0,2,52,0.0
local,distilroberta-base,distilroberta-base,1,1.0,2,53,0.0
local,distilroberta-base,distilroberta-base,1,1.0,2,54,0.0
local,distilroberta-base,distilroberta-base,1,1.0,2,55,0.0
local,distilroberta-base,distilroberta-base,1,1.0,2,56,0.0
local,distilroberta-base,distilroberta-base,1,1.0,2,57,0.0
local,distilroberta-base,distilroberta-base,1,1.0,2,58,0.0
local,distilroberta-base,distilroberta-base,1,1.0,2,59,0.0
local,distilroberta-base,distilroberta-base,1,1.0,2,60,0.0
local,distilroberta-base,distilroberta-base,1,1.0,2,61,0.0
local,distilroberta-base,distilroberta-base,1,1.0,2,62,0.0
local,distilroberta-base,distilroberta-base,1,1.0,2,63,0.0
local,distilroberta-base,distilroberta-base,1,1.0,2,64,0.0
local,distilroberta-base,distilroberta-base,1,1.0,2,65,0.0
local,distilroberta-base,distilroberta-base,1,1.0,2,66,0.0
local,distilroberta-base,distilroberta-base,1,1.0,2,67,0.0
local,distilroberta-base,distilroberta-base,1,1.0,2,68,0.0
local,distilroberta-base,distilroberta-base,1,1.0,2,69,0.0
local,distilroberta-base,distilroberta-base,1,1.0,2,70,0.0
local,distilroberta-base,distilroberta-base,1,1.0,2,71,0.0
local,distilroberta-base,distilroberta-base,1,1.0,2,72,0.0
local,distilroberta-base,distilroberta-base,1,1.0,2,73,0.0
local,distilroberta-base,distilroberta-base,1,1.0,2,74,0.0
local,distilroberta-base,distilroberta-base,1,1.0,2,75,0.0
local,distilroberta-base,distilroberta-base,1,1.0,2,76,0.0
local,distilroberta-base,distilroberta-base,1,1.0,2,77,0.0
local,distilroberta-base,distilroberta-base,1,1.0,2,78,0.0
local,distilroberta-base,distilroberta-base,1,1.0,2,79,0.0
local,distilroberta-base,distilroberta-base,1,1.0,2,80,0.0
local,distilroberta-base,distilroberta-base,1,1.0,2,81,0.0
local,distilroberta-base,distilroberta-base,1,1.0,2,82,0.0
local,distilroberta-base,distilroberta-base,1,1.0,2,83,0.0
local,distilroberta-base,distilroberta-base,1,1.0,2,84,0.0
local,distilroberta-base,distilroberta-base,1,1.0,2,85,0.0
local,distilroberta-base,distilroberta-base,1,1.0,2,86,0.0
local,distilroberta-base,distilroberta-base,1,1.0,2,87,0.0
local,distilroberta-base,distilroberta-base,1,1.0,2,88,0.0
local,distilroberta-base,distilroberta-base,1,1.0,2,89,0.0
local,distilroberta-base,distilroberta-base,1,1.0,2,90,0.0
local,distilroberta-base,distilroberta-base,1,1.0,2,91,0.0
local,distilroberta-base,distilroberta-base,1,1.0,2,92,0.0
local,distilroberta-base,distilroberta-base,1,1.0,2,93,0.0
local,distilroberta-base,distilroberta-base,1,1.0,2,94,0.0
local,distilroberta-base,distilroberta-base,1,1.0,2,95,0.0
local,distilroberta-base,distilroberta-base,1,1.0,2,96,0.0
local,distilroberta-base,distilroberta-base,1,1.0,2,97,0.0
local,distilroberta-base,distilroberta-base,1,1.0,2,98,0.0
local,distilroberta-base,distilroberta-base,1,1.0,2,99,0.0
local,distilroberta-base,distilroberta-base,1,1.0,2,100,0.0
local,distilroberta-base,distilroberta-base,1,1.0,2,101,0.0
local,distilroberta-base,distilroberta-base,1,1.0,2,102,0.0
local,distilroberta-base,distilroberta-base,1,1.0,2,103,0.0
local,distilroberta-base,distilroberta-base,1,1.0,2,104,0.0
local,distilroberta-base,distilroberta-base,1,1.0,2,105,0.0
local,distilroberta-base,distilroberta-base,1,1.0,2,106,0.0
local,distilroberta-base,distilroberta-base,1,1.0,2,107,0.0
local,distilroberta-base,distilroberta-base,1,1.0,2,108,0.0
local,distilroberta-base,distilroberta-base,1,1.0,2,109,0.0
local,distilroberta-base,distilroberta-base,1,1.0,2,110,0.0
local,distilroberta-base,distilroberta-base,1,1.0,2,111,0.0
local,distilroberta-base,distilroberta-base,1,1.0,2,112,0.0
local,distilroberta-base,distilroberta-base,1,1.0,2,113,0.0
local,distilroberta-base,distilroberta-base,1,1.0,2,114,0.0
local,distilroberta-base,distilroberta-base,1,1.0,2,115,0.0
local,distilroberta-base,distilroberta-base,1,1.0,2,116,0.0
local,distilroberta-base,distilroberta-base,1,1.0,2,117,0.0
local,distilroberta-base,distilroberta-base,1,1.0,2,118,0.0
local,distilroberta-base,distilroberta-base,1,1.0,2,119,0.0
local,distilroberta-base,distilroberta-base,1,1.0,2,120,0.0
local,distilroberta-base,distilroberta-base,1,1.0,3,0,1.0
local,distilroberta-base,distilroberta-base,1,1.0,3,1,0.0
local,distilroberta-base,distilroberta-base,1,1.0,3,2,0.0
local,distilroberta-base,distilroberta-base,1,1.0,3,3,0.0
local,distilroberta-base,distilroberta-base,1,1.0,3,4,0.0
local,distilroberta-base,distilroberta-base,1,1.0,3,5,0.0
local,distilroberta-base,distilroberta-base,1,1.0,3,6,0.0
local,distilroberta-base,distilroberta-base,1,1.0,3,7,0.0
local,distilroberta-base,distilroberta-base,1,1.0,3,8,0.0
local,distilroberta-base,distilroberta-base,1,1.0,3,9,0.0
local,distilroberta-base,distilroberta-base,1,1.0,3,10,0.0
local,distilroberta-base,distilroberta-base,1,1.0,3,11,0.0
local,distilroberta-base,distilroberta-base,1,1.0,3,12,0.0
local,distilroberta-base,distilroberta-base,1,1.0,3,13,0.0
local,distilroberta-base,distilroberta-base,1,1.0,3,14,0.0
local,distilroberta-base,distilroberta-base,1,1.0,3,15,0.0
local,distilroberta-base,distilroberta-base,1,1.0,3,16,0.0
local,distilroberta-base,distilroberta-base,1,1.0,3,17,0.0
local,distilroberta-base,distilroberta-base,1,1.0,3,18,0.0
local,distilroberta-base,distilroberta-base,1,1.0,3,19,0.0
local,distilroberta-base,distilroberta-base,1,1.0,3,20,0.0
local,distilroberta-base,distilroberta-base,1,1.0,3,21,0.0
local,distilroberta-base,distilroberta-base,1,1.0,3,22,0.0
local,distilroberta-base,distilroberta-base,1,1.0,3,23,0.0
local,distilroberta-base,distilroberta-base,1,1.0,3,24,0.0
local,distilroberta-base,distilroberta-base,1,1.0,3,25,0.0
local,distilroberta-base,distilroberta-base,1,1.0,3,26,0.0
local,distilroberta-base,distilroberta-base,1,1.0,3,27,0.0
local,distilroberta-base,distilroberta-base,1,1.0,3,28,0.0
local,distilroberta-base,distilroberta-base,1,1.0,3,29,0.0
local,distilroberta-base,distilroberta-base,1,1.0,3,30,0.0
local,distilroberta-base,distilroberta-base,1,1.0,3,31,0.0
local,distilroberta-base,distilroberta-base,1,1.0,3,32,0.0
local,distilroberta-base,distilroberta-base,1,1.0,3,33,0.0
local,distilroberta-base,distilroberta-base,1,1.0,3,34,0.0
local,distilroberta-base,distilroberta-base,1,1.0,3,35,0.0
local,distilroberta-base,distilroberta-base,1,1.0,3,36,0.0
local,distilroberta-base,distilroberta-base,1,1.0,3,37,0.0
local,distilroberta-base,distilroberta-base,1,1.0,3,38,0.0
local,distilroberta-base,distilroberta-base,1,1.0,3,39,0.0
local,distilroberta-base,distilroberta-base,1,1.0,3,40,0.0
local,distilroberta-base,distilroberta-base,1,1.0,3,41,0.0
local,distilroberta-base,distilroberta-base,1,1.0,3,42,0.0
local,distilroberta-base,distilroberta-base,1,1.0,3,43,0.0
local,distilroberta-base,distilroberta-base,1,1.0,3,44,0.0
local,distilroberta-base,distilroberta-base,1,1.0,3,45,0.0
local,distilroberta-base,distilroberta-base,1,1.0,3,46,0.0
local,distilroberta-base,distilroberta-base,1,1.0,3,47,0.0
local,distilroberta-base,distilroberta-base,1,1.0,3,48,0.0
local,distilroberta-base,distilroberta-base,1,1.0,3,49,0.0
local,distilroberta-base,distilroberta-base,1,1.0,3,50,0.0
local,distilroberta-base,distilroberta-base,1,1.0,3,51,0.0
local,distilroberta-base,distilroberta-base,1,1.0,3,52,0.0
local,distilroberta-base,distilroberta-base,1,1.0,3,53,0.0
local,distilroberta-base,distilroberta-base,1,1.0,3,54,0.0
local,distilroberta-base,distilroberta-base,1,1.0,3,55,0.0
local,distilroberta-base,distilroberta-base,1,1.0,3,56,0.0
local,distilroberta-base,distilroberta-base,1,1.0,3,57,0.0
local,distilroberta-base,distilroberta-base,1,1.0,3,58,0.0
local,distilroberta-base,distilroberta-base,1,1.0,3,59,0.0
local,distilroberta-base,distilroberta-base,1,1.0,3,60,0.0
local,distilroberta-base,distilroberta-base,1,1.0,3,61,0.0
local,distilroberta-base,distilroberta-base,1,1.0,3,62,0.0
local,distilroberta-base,distilroberta-base,1,1.0,3,63,0.0
local,distilroberta-base,distilroberta-base,1,1.0,3,64,0.0
local,distilroberta-base,distilroberta-base,1,1.0,3,65,0.0
local,distilroberta-base,distilroberta-base,1,1.0,3,66,0.0
local,distilroberta-base,distilroberta-base,1,1.0,3,67,0.0
local,distilroberta-base,distilroberta-base,1,1.0,3,68,0.0
local,distilroberta-base,distilroberta-base,1,1.0,3,69,0.0
local,distilroberta-base,distilroberta-base,1,1.0,3,70,0.0
local,distilroberta-base,distilroberta-base,1,1.0,3,71,0.0
local,distilroberta-base,distilroberta-base,1,1.0,3,72,0.0
local,distilroberta-base,distilroberta-base,1,1.0,3,73,0.0
local,distilroberta-base,distilroberta-base,1,1.0,3,74,0.0
local,distilroberta-base,distilroberta-base,1,1.0,3,75,0.0
local,distilroberta-base,distilroberta-base,1,1.0,3,76,0.0
local,distilroberta-base,distilroberta-base,1,1.0,3,77,0.0
local,distilroberta-base,distilroberta-base,1,1.0,3,78,0.0
local,distilroberta-base,distilroberta-base,1,1.0,3,79,0.0
local,distilroberta-base,distilroberta-base,1,1.0,3,80,0.0
local,distilroberta-base,distilroberta-base,1,1.0,3,81,0.0
local,distilroberta-base,distilroberta-base,1,1.0,3,82,0.0
local,distilroberta-base,distilroberta-base,1,1.0,3,83,0.0
local,distilroberta-base,distilroberta-base,1,1.0,3,84,0.0
local,distilroberta-base,distilroberta-base,1,1.0,3,85,0.0
local,distilroberta-base,distilroberta-base,1,1.0,3,86,0.0
local,distilroberta-base,distilroberta-base,1,1.0,3,87,0.0
local,distilroberta-base,distilroberta-base,1,1.0,3,88,0.0
local,distilroberta-base,distilroberta-base,1,1.0,3,89,0.0
local,distilroberta-base,distilroberta-base,1,1.0,3,90,0.0
local,distilroberta-base,distilroberta-base,1,1.0,3,91,0.0
local,distilroberta-base,distilroberta-base,1,1.0,3,92,0.0
local,distilroberta-base,distilroberta-base,1,1.0,3,93,0.0
local,distilroberta-base,distilroberta-base,1,1.0,3,94,0.0
local,distilroberta-base,distilroberta-base,1,1.0,3,95,0.0
local,distilroberta-base,distilroberta-base,1,1.0,3,96,0.0
local,distilroberta-base,distilroberta-base,1,1.0,3,97,0.0
local,distilroberta-base,distilroberta-base,1,1.0,3,98,0.0
local,distilroberta-base,distilroberta-base,1,1.0,3,99,0.0
local,distilroberta-base,distilroberta-base,1,1.0,3,100,0.0
local,distilroberta-base,distilroberta-base,1,1.0,3,101,0.0
local,distilroberta-base,distilroberta-base,1,1.0,3,102,0.0
local,distilroberta-base,distilroberta-base,1,1.0,3,103,0.0
local,distilroberta-base,distilroberta-base,1,1.0,3,104,0.0
local,distilroberta-base,distilroberta-base,1,1.0,3,105,0.0
local,distilroberta-base,distilroberta-base,1,1.0,3,106,0.0
local,distilroberta-base,distilroberta-base,1,1.0,3,107,0.0
local,distilroberta-base,distilroberta-base,1,1.0,3,108,0.0
local,distilroberta-base,distilroberta-base,1,1.0,3,109,0.0
local,distilroberta-base,distilroberta-base,1,1.0,3,110,0.0
local,distilroberta-base,distilroberta-base,1,1.0,3,111,0.0
local,distilroberta-base,distilroberta-base,1,1.0,3,112,0.0
local,distilroberta-base,distilroberta-base,1,1.0,3,113,0.0
local,distilroberta-base,distilroberta-base,1,1.0,3,114,0.0
local,distilroberta-base,distilroberta-base,1,1.0,3,115,0.0
local,distilroberta-base,distilroberta-base,1,1.0,3,116,0.0
local,distilroberta-base,distilroberta-base,1,1.0,3,117,0.0
local,distilroberta-base,distilroberta-base,1,1.0,3,118,0.0
local,distilroberta-base,distilroberta-base,1,1.0,3,119,0.0
local,distilroberta-base,distilroberta-base,1,1.0,3,120,0.0
local,distilroberta-base,distilroberta-base,1,1.0,4,0,1.0
local,distilroberta-base,distilroberta-base,1,1.0,4,1,0.0
local,distilroberta-base,distilroberta-base,1,1.0,4,2,0.0
local,distilroberta-base,distilroberta-base,1,1.0,4,3,0.0
local,distilroberta-base,distilroberta-base,1,1.0,4,4,0.0
local,distilroberta-base,distilroberta-base,1,1.0,4,5,0.0
local,distilroberta-base,distilroberta-base,1,1.0,4,6,0.0
local,distilroberta-base,distilroberta-base,1,1.0,4,7,0.0
local,distilroberta-base,distilroberta-base,1,1.0,4,8,0.0
local,distilroberta-base,distilroberta-base,1,1.0,4,9,0.0
local,distilroberta-base,distilroberta-base,1,1.0,4,10,0.0
local,distilroberta-base,distilroberta-base,1,1.0,4,11,0.0
local,distilroberta-base,distilroberta-base,1,1.0,4,12,0.0
local,distilroberta-base,distilroberta-base,1,1.0,4,13,0.0
local,distilroberta-base,distilroberta-base,1,1.0,4,14,0.0
local,distilroberta-base,distilroberta-base,1,1.0,4,15,0.0
local,distilroberta-base,distilroberta-base,1,1.0,4,16,0.0
local,distilroberta-base,distilroberta-base,1,1.0,4,17,0.0
local,distilroberta-base,distilroberta-base,1,1.0,4,18,0.0
local,distilroberta-base,distilroberta-base,1,1.0,4,19,0.0
local,distilroberta-base,distilroberta-base,1,1.0,4,20,0.0
local,distilroberta-base,distilroberta-base,1,1.0,4,21,0.0
local,distilroberta-base,distilroberta-base,1,1.0,4,22,0.0
local,distilroberta-base,distilroberta-base,1,1.0,4,23,0.0
local,distilroberta-base,distilroberta-base,1,1.0,4,24,0.0
local,distilroberta-base,distilroberta-base,1,1.0,4,25,0.0
local,distilroberta-base,distilroberta-base,1,1.0,4,26,0.0
local,distilroberta-base,distilroberta-base,1,1.0,4,27,0.0
local,distilroberta-base,distilroberta-base,1,1.0,4,28,0.0
local,distilroberta-base,distilroberta-base,1,1.0,4,29,0.0
local,distilroberta-base,distilroberta-base,1,1.0,4,30,0.0
local,distilroberta-base,distilroberta-base,1,1.0,4,31,0.0
local,distilroberta-base,distilroberta-base,1,1.0,4,32,0.0
local,distilroberta-base,distilroberta-base,1,1.0,4,33,0.0
local,distilroberta-base,distilroberta-base,1,1.0,4,34,0.0
local,distilroberta-base,distilroberta-base,1,1.0,4,35,0.0
local,distilroberta-base,distilroberta-base,1,1.0,4,36,0.0
local,distilroberta-base,distilroberta-base,1,1.0,4,37,0.0
local,distilroberta-base,distilroberta-base,1,1.0,4,38,0.0
local,distilroberta-base,distilroberta-base,1,1.0,4,39,0.0
local,distilroberta-base,distilroberta-base,1,1.0,4,40,0.0
local,distilroberta-base,distilroberta-base,1,1.0,4,41,0.0
local,distilroberta-base,distilroberta-base,1,1.0,4,42,0.0
local,distilroberta-base,distilroberta-base,1,1.0,4,43,0.0
local,distilroberta-base,distilroberta-base,1,1.0,4,44,0.0
local,distilroberta-base,distilroberta-base,1,1.0,4,45,0.0
local,distilroberta-base,distilroberta-base,1,1.0,4,46,0.0
local,distilroberta-base,distilroberta-base,1,1.0,4,47,0.0
local,distilroberta-base,distilroberta-base,1,1.0,4,48,0.0
local,distilroberta-base,distilroberta-base,1,1.0,4,49,0.0
local,distilroberta-base,distilroberta-base,1,1.0,4,50,0.0
local,distilroberta-base,distilroberta-base,1,1.0,4,51,0.0
local,distilroberta-base,distilroberta-base,1,1.0,4,52,0.0
local,distilroberta-base,distilroberta-base,1,1.0,4,53,0.0
local,distilroberta-base,distilroberta-base,1,1.0,4,54,0.0
local,distilroberta-base,distilroberta-base,1,1.0,4,55,0.0
local,distilroberta-base,distilroberta-base,1,1.0,4,56,0.0
local,distilroberta-base,distilroberta-base,1,1.0,4,57,0.0
local,distilroberta-base,distilroberta-base,1,1.0,4,58,0.0
local,distilroberta-base,distilroberta-base,1,1.0,4,59,0.0
local,distilroberta-base,distilroberta-base,1,1.0,4,60,0.0
local,distilroberta-base,distilroberta-base,1,1.0,4,61,0.0
local,distilroberta-base,distilroberta-base,1,1.0,4,62,0.0
local,distilroberta-base,distilroberta-base,1,1.0,4,63,0.0
local,distilroberta-base,distilroberta-base,1,1.0,4,64,0.0
local,distilroberta-base,distilroberta-base,1,1.0,4,65,0.0
local,distilroberta-base,distilroberta-base,1,1.0,4,66,0.0
local,distilroberta-base,distilroberta-base,1,1.0,4,67,0.0
local,distilroberta-base,distilroberta-base,1,1.0,4,68,0.0
local,distilroberta-base,distilroberta-base,1,1.0,4,69,0.0
local,distilroberta-base,distilroberta-base,1,1.0,4,70,0.0
local,distilroberta-base,distilroberta-base,1,1.0,4,71,0.0
local,distilroberta-base,distilroberta-base,1,1.0,4,72,0.0
local,distilroberta-base,distilroberta-base,1,1.0,4,73,0.0
local,distilroberta-base,distilroberta-base,1,1.0,4,74,0.0
local,distilroberta-base,distilroberta-base,1,1.0,4,75,0.0
local,distilroberta-base,distilroberta-base,1,1.0,4,76,0.0
local,distilroberta-base,distilroberta-base,1,1.0,4,77,0.0
local,distilroberta-base,distilroberta-base,1,1.0,4,78,0.0
local,distilroberta-base,distilroberta-base,1,1.0,4,79,0.0
local,distilroberta-base,distilroberta-base,1,1.0,4,80,0.0
local,distilroberta-base,distilroberta-base,1,1.0,4,81,0.0
local,distilroberta-base,distilroberta-base,1,1.0,4,82,0.0
local,distilroberta-base,distilroberta-base,1,1.0,4,83,0.0
local,distilroberta-base,distilroberta-base,1,1.0,4,84,0.0
local,distilroberta-base,distilroberta-base,1,1.0,4,85,0.0
local,distilroberta-base,distilroberta-base,1,1.0,4,86,0.0
local,distilroberta-base,distilroberta-base,1,1.0,4,87,0.0
local,distilroberta-base,distilroberta-base,1,1.0,4,88,0.0
local,distilroberta-base,distilroberta-base,1,1.0,4,89,0.0
local,distilroberta-base,distilroberta-base,1,1.0,4,90,0.0
local,distilroberta-base,distilroberta-base,1,1.0,4,91,0.0
local,distilroberta-base,distilroberta-base,1,1.0,4,92,0.0
local,distilroberta-base,distilroberta-base,1,1.0,4,93,0.0
local,distilroberta-base,distilroberta-base,1,1.0,4,94,0.0
local,distilroberta-base,distilroberta-base,1,1.0,4,95,0.0
local,distilroberta-base,distilroberta-base,1,1.0,4,96,0.0
local,distilroberta-base,distilroberta-base,1,1.0,4,97,0.0
local,distilroberta-base,distilroberta-base,1,1.0,4,98,0.0
local,distilroberta-base,distilroberta-base,1,1.0,4,99,0.0
local,distilroberta-base,distilroberta-base,1,1.0,4,100,0.0
local,distilroberta-base,distilroberta-base,1,1.0,4,101,0.0
local,distilroberta-base,distilroberta-base,1,1.0,4,102,0.0
local,distilroberta-base,distilroberta-base,1,1.0,4,103,0.0
local,distilroberta-base,distilroberta-base,1,1.0,4,104,0.0
local,distilroberta-base,distilroberta-base,1,1.0,4,105,0.0
local,distilroberta-base,distilroberta-base,1,1.0,4,106,0.0
local,distilroberta-base,distilroberta-base,1,1.0,4,107,0.0
local,distilroberta-base,distilroberta-base,1,1.0,4,108,0.0
local,distilroberta-base,distilroberta-base,1,1.0,4,109,0.0
local,distilroberta-base,distilroberta-base,1,1.0,4,110,0.0
local,distilroberta-base,distilroberta-base,1,1.0,4,111,0.0
local,distilroberta-base,distilroberta-base,1,1.0,4,112,0.0
local,distilroberta-base,distilroberta-base,1,1.0,4,113,0.0
local,distilroberta-base,distilroberta-base,1,1.0,4,114,0.0
local,distilroberta-base,distilroberta-base,1,1.0,4,115,0.0
local,distilroberta-base,distilroberta-base,1,1.0,4,116,0.0
local,distilroberta-base,distilroberta-base,1,1.0,4,117,0.0
local,distilroberta-base,distilroberta-base,1,1.0,4,118,0.0
local,distilroberta-base,distilroberta-base,1,1.0,4,119,0.0
local,distilroberta-base,distilroberta-base,1,1.0,4,120,0.0
local,distilroberta-base,distilroberta-base,1,1.0,5,0,1.0
local,distilroberta-base,distilroberta-base,1,1.0,5,1,0.0
local,distilroberta-base,distilroberta-base,1,1.0,5,2,0.0
local,distilroberta-base,distilroberta-base,1,1.0,5,3,0.0
local,distilroberta-base,distilroberta-base,1,1.0,5,4,0.0
local,distilroberta-base,distilroberta-base,1,1.0,5,5,0.0
local,distilroberta-base,distilroberta-base,1,1.0,5,6,0.0
local,distilroberta-base,distilroberta-base,1,1.0,5,7,0.0
local,distilroberta-base,distilroberta-base,1,1.0,5,8,0.0
local,distilroberta-base,distilroberta-base,1,1.0,5,9,0.0
local,distilroberta-base,distilroberta-base,1,1.0,5,10,0.0
local,distilroberta-base,distilroberta-base,1,1.0,5,11,0.0
local,distilroberta-base,distilroberta-base,1,1.0,5,12,0.0
local,distilroberta-base,distilroberta-base,1,1.0,5,13,0.0
local,distilroberta-base,distilroberta-base,1,1.0,5,14,0.0
local,distilroberta-base,distilroberta-base,1,1.0,5,15,0.0
local,distilroberta-base,distilroberta-base,1,1.0,5,16,0.0
local,distilroberta-base,distilroberta-base,1,1.0,5,17,0.0
local,distilroberta-base,distilroberta-base,1,1.0,5,18,0.0
local,distilroberta-base,distilroberta-base,1,1.0,5,19,0.0
local,distilroberta-base,distilroberta-base,1,1.0,5,20,0.0
local,distilroberta-base,distilroberta-base,1,1.0,5,21,0.0
local,distilroberta-base,distilroberta-base,1,1.0,5,22,0.0
local,distilroberta-base,distilroberta-base,1,1.0,5,23,0.0
local,distilroberta-base,distilroberta-base,1,1.0,5,24,0.0
local,distilroberta-base,distilroberta-base,1,1.0,5,25,0.0
local,distilroberta-base,distilroberta-base,1,1.0,5,26,0.0
local,distilroberta-base,distilroberta-base,1,1.0,5,27,0.0
local,distilroberta-base,distilroberta-base,1,1.0,5,28,0.0
local,distilroberta-base,distilroberta-base,1,1.0,5,29,0.0
local,distilroberta-base,distilroberta-base,1,1.0,5,30,0.0
local,distilroberta-base,distilroberta-base,1,1.0,5,31,0.0
local,distilroberta-base,distilroberta-base,1,1.0,5,32,0.0
local,distilroberta-base,distilroberta-base,1,1.0,5,33,0.0
local,distilroberta-base,distilroberta-base,1,1.0,5,34,0.0
local,distilroberta-base,distilroberta-base,1,1.0,5,35,0.0
local,distilroberta-base,distilroberta-base,1,1.0,5,36,0.0
local,distilroberta-base,distilroberta-base,1,1.0,5,37,0.0
local,distilroberta-base,distilroberta-base,1,1.0,5,38,0.0
local,distilroberta-base,distilroberta-base,1,1.0,5,39,0.0
local,distilroberta-base,distilroberta-base,1,1.0,5,40,0.0
local,distilroberta-base,distilroberta-base,1,1.0,5,41,0.0
local,distilroberta-base,distilroberta-base,1,1.0,5,42,0.0
local,distilroberta-base,distilroberta-base,1,1.0,5,43,0.0
local,distilroberta-base,distilroberta-base,1,1.0,5,44,0.0
local,distilroberta-base,distilroberta-base,1,1.0,5,45,0.0
local,distilroberta-base,distilroberta-base,1,1.0,5,46,0.0
local,distilroberta-base,distilroberta-base,1,1.0,5,47,0.0
local,distilroberta-base,distilroberta-base,1,1.0,5,48,0.0
local,distilroberta-base,distilroberta-base,1,1.0,5,49,0.0
local,distilroberta-base,distilroberta-base,1,1.0,5,50,0.0
local,distilroberta-base,distilroberta-base,1,1.0,5,51,0.0
local,distilroberta-base,distilroberta-base,1,1.0,5,52,0.0
local,distilroberta-base,distilroberta-base,1,1.0,5,53,0.0
local,distilroberta-base,distilroberta-base,1,1.0,5,54,0.0
local,distilroberta-base,distilroberta-base,1,1.0,5,55,0.0
local,distilroberta-base,distilroberta-base,1,1.0,5,56,0.0
local,distilroberta-base,distilroberta-base,1,1.0,5,57,0.0
local,distilroberta-base,distilroberta-base,1,1.0,5,58,0.0
local,distilroberta-base,distilroberta-base,1,1.0,5,59,0.0
local,distilroberta-base,distilroberta-base,1,1.0,5,60,0.0
local,distilroberta-base,distilroberta-base,1,1.0,5,61,0.0
local,distilroberta-base,distilroberta-base,1,1.0,5,62,0.0
local,distilroberta-base,distilroberta-base,1,1.0,5,63,0.0
local,distilroberta-base,distilroberta-base,1,1.0,5,64,0.0
local,distilroberta-base,distilroberta-base,1,1.0,5,65,0.0
local,distilroberta-base,distilroberta-base,1,1.0,5,66,0.0
local,distilroberta-base,distilroberta-base,1,1.0,5,67,0.0
local,distilroberta-base,distilroberta-base,1,1.0,5,68,0.0
local,distilroberta-base,distilroberta-base,1,1.0,5,69,0.0
local,distilroberta-base,distilroberta-base,1,1.0,5,70,0.0
local,distilroberta-base,distilroberta-base,1,1.0,5,71,0.0
local,distilroberta-base,distilroberta-base,1,1.0,5,72,0.0
local,distilroberta-base,distilroberta-base,1,1.0,5,73,0.0
local,distilroberta-base,distilroberta-base,1,1.0,5,74,0.0
local,distilroberta-base,distilroberta-base,1,1.0,5,75,0.0
local,distilroberta-base,distilroberta-base,1,1.0,5,76,0.0
local,distilroberta-base,distilroberta-base,1,1.0,5,77,0.0
local,distilroberta-base,distilroberta-base,1,1.0,5,78,0.0
local,distilroberta-base,distilroberta-base,1,1.0,5,79,0.0
local,distilroberta-base,distilroberta-base,1,1.0,5,80,0.0
local,distilroberta-base,distilroberta-base,1,1.0,5,81,0.0
local,distilroberta-base,distilroberta-base,1,1.0,5,82,0.0
local,distilroberta-base,distilroberta-base,1,1.0,5,83,0.0
local,distilroberta-base,distilroberta-base,1,1.0,5,84,0.0
local,distilroberta-base,distilroberta-base,1,1.0,5,85,0.0
local,distilroberta-base,distilroberta-base,1,1.0,5,86,0.0
local,distilroberta-base,distilroberta-base,1,1.0,5,87,0.0
local,distilroberta-base,distilroberta-base,1,1.0,5,88,0.0
local,distilroberta-base,distilroberta-base,1,1.0,5,89,0.0
local,distilroberta-base,distilroberta-base,1,1.0,5,90,0.0
local,distilroberta-base,distilroberta-base,1,1.0,5,91,0.0
local,distilroberta-base,distilroberta-base,1,1.0,5,92,0.0
local,distilroberta-base,distilroberta-base,1,1.0,5,93,0.0
local,distilroberta-base,distilroberta-base,1,1.0,5,94,0.0
local,distilroberta-base,distilroberta-base,1,1.0,5,95,0.0
local,distilroberta-base,distilroberta-base,1,1.0,5,96,0.0
local,distilroberta-base,distilroberta-base,1,1.0,5,97,0.0
local,distilroberta-base,distilroberta-base,1,1.0,5,98,0.0
local,distilroberta-base,distilroberta-base,1,1.0,5,99,0.0
local,distilroberta-base,distilroberta-base,1,1.0,5,100,0.0
local,distilroberta-base,distilroberta-base,1,1.0,5,101,0.0
local,distilroberta-base,distilroberta-base,1,1.0,5,102,0.0
local,distilroberta-base,distilroberta-base,1,1.0,5,103,0.0
local,distilroberta-base,distilroberta-base,1,1.0,5,104,0.0
local,distilroberta-base,distilroberta-base,1,1.0,5,105,0.0
local,distilroberta-base,distilroberta-base,1,1.0,5,106,0.0
local,distilroberta-base,distilroberta-base,1,1.0,5,107,0.0
local,distilroberta-base,distilroberta-base,1,1.0,5,108,0.0
local,distilroberta-base,distilroberta-base,1,1.0,5,109,0.0
local,distilroberta-base,distilroberta-base,1,1.0,5,110,0.0
local,distilroberta-base,distilroberta-base,1,1.0,5,111,0.0
local,distilroberta-base,distilroberta-base,1,1.0,5,112,0.0
local,distilroberta-base,distilroberta-base,1,1.0,5,113,0.0
local,distilroberta-base,distilroberta-base,1,1.0,5,114,0.0
local,distilroberta-base,distilroberta-base,1,1.0,5,115,0.0
local,distilroberta-base,distilroberta-base,1,1.0,5,116,0.0
local,distilroberta-base,distilroberta-base,1,1.0,5,117,0.0
local,distilroberta-base,distilroberta-base,1,1.0,5,118,0.0
local,distilroberta-base,distilroberta-base,1,1.0,5,119,0.0
local,distilroberta-base,distilroberta-base,1,1.0,5,120,0.0
local,distilroberta-base,distilroberta-base,1,1.0,6,0,1.0
local,distilroberta-base,distilroberta-base,1,1.0,6,1,1.0
local,distilroberta-base,distilroberta-base,1,1.0,6,2,0.0
local,distilroberta-base,distilroberta-base,1,1.0,6,3,0.0
local,distilroberta-base,distilroberta-base,1,1.0,6,4,0.0
local,distilroberta-base,distilroberta-base,1,1.0,6,5,0.0
local,distilroberta-base,distilroberta-base,1,1.0,6,6,0.0
local,distilroberta-base,distilroberta-base,1,1.0,6,7,0.0
local,distilroberta-base,distilroberta-base,1,1.0,6,8,0.0
local,distilroberta-base,distilroberta-base,1,1.0,6,9,0.0
local,distilroberta-base,distilroberta-base,1,1.0,6,10,0.0
local,distilroberta-base,distilroberta-base,1,1.0,6,11,0.0
local,distilroberta-base,distilroberta-base,1,1.0,6,12,0.0
local,distilroberta-base,distilroberta-base,1,1.0,6,13,0.0
local,distilroberta-base,distilroberta-base,1,1.0,6,14,0.0
local,distilroberta-base,distilroberta-base,1,1.0,6,15,0.0
local,distilroberta-base,distilroberta-base,1,1.0,6,16,0.0
local,distilroberta-base,distilroberta-base,1,1.0,6,17,0.0
local,distilroberta-base,distilroberta-base,1,1.0,6,18,0.0
local,distilroberta-base,distilroberta-base,1,1.0,6,19,0.0
local,distilroberta-base,distilroberta-base,1,1.0,6,20,0.0
local,distilroberta-base,distilroberta-base,1,1.0,6,21,0.0
local,distilroberta-base,distilroberta-base,1,1.0,6,22,0.0
local,distilroberta-base,distilroberta-base,1,1.0,6,23,0.0
local,distilroberta-base,distilroberta-base,1,1.0,6,24,0.0
local,distilroberta-base,distilroberta-base,1,1.0,6,25,0.0
local,distilroberta-base,distilroberta-base,1,1.0,6,26,0.0
local,distilroberta-base,distilroberta-base,1,1.0,6,27,0.0
local,distilroberta-base,distilroberta-base,1,1.0,6,28,0.0
local,distilroberta-base,distilroberta-base,1,1.0,6,29,0.0
local,distilroberta-base,distilroberta-base,1,1.0,6,30,0.0
local,distilroberta-base,distilroberta-base,1,1.0,6,31,0.0
local,distilroberta-base,distilroberta-base,1,1.0,6,32,0.0
local,distilroberta-base,distilroberta-base,1,1.0,6,33,0.0
local,distilroberta-base,distilroberta-base,1,1.0,6,34,0.0
local,distilroberta-base,distilroberta-base,1,1.0,6,35,0.0
local,distilroberta-base,distilroberta-base,1,1.0,6,36,0.0
local,distilroberta-base,distilroberta-base,1,1.0,6,37,0.0
local,distilroberta-base,distilroberta-base,1,1.0,6,38,0.0
local,distilroberta-base,distilroberta-base,1,1.0,6,39,0.0
local,distilroberta-base,distilroberta-base,1,1.0,6,40,0.0
local,distilroberta-base,distilroberta-base,1,1.0,6,41,0.0
local,distilroberta-base,distilroberta-base,1,1.0,6,42,0.0
local,distilroberta-base,distilroberta-base,1,1.0,6,43,0.0
local,distilroberta-base,distilroberta-base,1,1.0,6,44,0.0
local,distilroberta-base,distilroberta-base,1,1.0,6,45,0.0
local,distilroberta-base,distilroberta-base,1,1.0,6,46,0.0
local,distilroberta-base,distilroberta-base,1,1.0,6,47,0.0
local,distilroberta-base,distilroberta-base,1,1.0,6,48,0.0
local,distilroberta-base,distilroberta-base,1,1.0,6,49,0.0
local,distilroberta-base,distilroberta-base,1,1.0,6,50,0.0
local,distilroberta-base,distilroberta-base,1,1.0,6,51,0.0
local,distilroberta-base,distilroberta-base,1,1.0,6,52,0.0
local,distilroberta-base,distilroberta-base,1,1.0,6,53,0.0
local,distilroberta-base,distilroberta-base,1,1.0,6,54,0.0
local,distilroberta-base,distilroberta-base,1,1.0,6,55,0.0
local,distilroberta-base,distilroberta-base,1,1.0,6,56,0.0
local,distilroberta-base,distilroberta-base,1,1.0,6,57,0.0
local,distilroberta-base,distilroberta-base,1,1.0,6,58,0.0
local,distilroberta-base,distilroberta-base,1,1.0,6,59,0.0
local,distilroberta-base,distilroberta-base,1,1.0,6,60,0.0
local,distilroberta-base,distilroberta-base,1,1.0,6,61,0.0
local,distilroberta-base,distilroberta-base,1,1.0,6,62,0.0
local,distilroberta-base,distilroberta-base,1,1.0,6,63,0.0
local,distilroberta-base,distilroberta-base,1,1.0,6,64,0.0
local,distilroberta-base,distilroberta-base,1,1.0,6,65,0.0
local,distilroberta-base,distilroberta-base,1,1.0,6,66,0.0
local,distilroberta-base,distilroberta-base,1,1.0,6,67,0.0
local,distilroberta-base,distilroberta-base,1,1.0,6,68,0.0
local,distilroberta-base,distilroberta-base,1,1.0,6,69,0.0
local,distilroberta-base,distilroberta-base,1,1.0,6,70,0.0
local,distilroberta-base,distilroberta-base,1,1.0,6,71,0.0
local,distilroberta-base,distilroberta-base,1,1.0,6,72,0.0
local,distilroberta-base,distilroberta-base,1,1.0,6,73,0.0
local,distilroberta-base,distilroberta-base,1,1.0,6,74,0.0
local,distilroberta-base,distilroberta-base,1,1.0,6,75,0.0
local,distilroberta-base,distilroberta-base,1,1.0,6,76,0.0
local,distilroberta-base,distilroberta-base,1,1.0,6,77,0.0
local,distilroberta-base,distilroberta-base,1,1.0,6,78,0.0
local,distilroberta-base,distilroberta-base,1,1.0,6,79,0.0
local,distilroberta-base,distilroberta-base,1,1.0,6,80,0.0
local,distilroberta-base,distilroberta-base,1,1.0,6,81,0.0
local,distilroberta-base,distilroberta-base,1,1.0,6,82,0.0
local,distilroberta-base,distilroberta-base,1,1.0,6,83,0.0
local,distilroberta-base,distilroberta-base,1,1.0,6,84,0.0
local,distilroberta-base,distilroberta-base,1,1.0,6,85,0.0
local,distilroberta-base,distilroberta-base,1,1.0,6,86,0.0
local,distilroberta-base,distilroberta-base,1,1.0,6,87,0.0
local,distilroberta-base,distilroberta-base,1,1.0,6,88,0.0
local,distilroberta-base,distilroberta-base,1,1.0,6,89,0.0
local,distilroberta-base,distilroberta-base,1,1.0,6,90,0.0
local,distilroberta-base,distilroberta-base,1,1.0,6,91,0.0
local,distilroberta-base,distilroberta-base,1,1.0,6,92,0.0
local,distilroberta-base,distilroberta-base,1,1.0,6,93,0.0
local,distilroberta-base,distilroberta-base,1,1.0,6,94,0.0
local,distilroberta-base,distilroberta-base,1,1.0,6,95,0.0
local,distilroberta-base,distilroberta-base,1,1.0,6,96,0.0
local,distilroberta-base,distilroberta-base,1,1.0,6,97,0.0
local,distilroberta-base,distilroberta-base,1,1.0,6,98,0.0
local,distilroberta-base,distilroberta-base,1,1.0,6,99,0.0
local,distilroberta-base,distilroberta-base,1,1.0,6,100,0.0
local,distilroberta-base,distilroberta-base,1,1.0,6,101,0.0
local,distilroberta-base,distilroberta-base,1,1.0,6,102,0.0
local,distilroberta-base,distilroberta-base,1,1.0,6,103,0.0
local,distilroberta-base,distilroberta-base,1,1.0,6,104,0.0
local,distilroberta-base,distilroberta-base,1,1.0,6,105,0.0
local,distilroberta-base,distilroberta-base,1,1.0,6,106,0.0
local,distilroberta-base,distilroberta-base,1,1.0,6,107,0.0
local,distilroberta-base,distilroberta-base,1,1.0,6,108,0.0
local,distilroberta-base,distilroberta-base,1,1.0,6,109,0.0
local,distilroberta-base,distilroberta-base,1,1.0,6,110,0.0
local,distilroberta-base,distilroberta-base,1,1.0,6,111,0.0
local,distilroberta-base,distilroberta-base,1,1.0,6,112,0.0
local,distilroberta-base,distilroberta-base,1,1.0,6,113,0.0
local,distilroberta-base,distilroberta-base,1,1.0,6,114,0.0
local,distilroberta-base,distilroberta-base,1,1.0,6,115,0.0
local,distilroberta-base,distilroberta-base,1,1.0,6,116,0.0
local,distilroberta-base,distilroberta-base,1,1.0,6,117,0.0
local,distilroberta-base,distilroberta-base,1,1.0,6,118,0.0
local,distilroberta-base,distilroberta-base,1,1.0,6,119,0.0
local,distilroberta-base,distilroberta-base,1,1.0,6,120,0.0
local,distilroberta-base,distilroberta-base,1,1.0,7,0,1.0
local,distilroberta-base,distilroberta-base,1,1.0,7,1,5.0
local,distilroberta-base,distilroberta-base,1,1.0,7,2,3.0
local,distilroberta-base,distilroberta-base,1,1.0,7,3,4.0
local,distilroberta-base,distilroberta-base,1,1.0,7,4,3.0
local,distilroberta-base,distilroberta-base,1,1.0,7,5,4.0
local,distilroberta-base,distilroberta-base,1,1.0,7,6,3.0
local,distilroberta-base,distilroberta-base,1,1.0,7,7,0.0
local,distilroberta-base,distilroberta-base,1,1.0,7,8,0.0
local,distilroberta-base,distilroberta-base,1,1.0,7,9,0.0
local,distilroberta-base,distilroberta-base,1,1.0,7,10,0.0
local,distilroberta-base,distilroberta-base,1,1.0,7,11,0.0
local,distilroberta-base,distilroberta-base,1,1.0,7,12,0.0
local,distilroberta-base,distilroberta-base,1,1.0,7,13,0.0
local,distilroberta-base,distilroberta-base,1,1.0,7,14,0.0
local,distilroberta-base,distilroberta-base,1,1.0,7,15,0.0
local,distilroberta-base,distilroberta-base,1,1.0,7,16,0.0
local,distilroberta-base,distilroberta-base,1,1.0,7,17,0.0
local,distilroberta-base,distilroberta-base,1,1.0,7,18,0.0
local,distilroberta-base,distilroberta-base,1,1.0,7,19,0.0
local,distilroberta-base,distilroberta-base,1,1.0,7,20,0.0
local,distilroberta-base,distilroberta-base,1,1.0,7,21,0.0
local,distilroberta-base,distilroberta-base,1,1.0,7,22,0.0
local,distilroberta-base,distilroberta-base,1,1.0,7,23,0.0
local,distilroberta-base,distilroberta-base,1,1.0,7,24,0.0
local,distilroberta-base,distilroberta-base,1,1.0,7,25,0.0
local,distilroberta-base,distilroberta-base,1,1.0,7,26,0.0
local,distilroberta-base,distilroberta-base,1,1.0,7,27,0.0
local,distilroberta-base,distilroberta-base,1,1.0,7,28,0.0
local,distilroberta-base,distilroberta-base,1,1.0,7,29,0.0
local,distilroberta-base,distilroberta-base,1,1.0,7,30,0.0
local,distilroberta-base,distilroberta-base,1,1.0,7,31,0.0
local,distilroberta-base,distilroberta-base,1,1.0,7,32,0.0
local,distilroberta-base,distilroberta-base,1,1.0,7,33,0.0
local,distilroberta-base,distilroberta-base,1,1.0,7,34,0.0
local,distilroberta-base,distilroberta-base,1,1.0,7,35,0.0
local,distilroberta-base,distilroberta-base,1,1.0,7,36,0.0
local,distilroberta-base,distilroberta-base,1,1.0,7,37,0.0
local,distilroberta-base,distilroberta-base,1,1.0,7,38,0.0
local,distilroberta-base,distilroberta-base,1,1.0,7,39,0.0
local,distilroberta-base,distilroberta-base,1,1.0,7,40,0.0
local,distilroberta-base,distilroberta-base,1,1.0,7,41,0.0
local,distilroberta-base,distilroberta-base,1,1.0,7,42,0.0
local,distilroberta-base,distilroberta-base,1,1.0,7,43,0.0
local,distilroberta-base,distilroberta-base,1,1.0,7,44,0.0
local,distilroberta-base,distilroberta-base,1,1.0,7,45,0.0
local,distilroberta-base,distilroberta-base,1,1.0,7,46,0.0
local,distilroberta-base,distilroberta-base,1,1.0,7,47,0.0
local,distilroberta-base,distilroberta-base,1,1.0,7,48,0.0
local,distilroberta-base,distilroberta-base,1,1.0,7,49,0.0
local,distilroberta-base,distilroberta-base,1,1.0,7,50,0.0
local,distilroberta-base,distilroberta-base,1,1.0,7,51,0.0
local,distilroberta-base,distilroberta-base,1,1.0,7,52,0.0
local,distilroberta-base,distilroberta-base,1,1.0,7,53,0.0
local,distilroberta-base,distilroberta-base,1,1.0,7,54,0.0
local,distilroberta-base,distilroberta-base,1,1.0,7,55,0.0
local,distilroberta-base,distilroberta-base,1,1.0,7,56,0.0
local,distilroberta-base,distilroberta-base,1,1.0,7,57,0.0
local,distilroberta-base,distilroberta-base,1,1.0,7,58,0.0
local,distilroberta-base,distilroberta-base,1,1.0,7,59,0.0
local,distilroberta-base,distilroberta-base,1,1.0,7,60,0.0
local,distilroberta-base,distilroberta-base,1,1.0,7,61,0.0
local,distilroberta-base,distilroberta-base,1,1.0,7,62,0.0
local,distilroberta-base,distilroberta-base,1,1.0,7,63,0.0
local,distilroberta-base,distilroberta-base,1,1.0,7,64,0.0
local,distilroberta-base,distilroberta-base,1,1.0,7,65,0.0
local,distilroberta-base,distilroberta-base,1,1.0,7,66,0.0
local,distilroberta-base,distilroberta-base,1,1.0,7,67,0.0
local,distilroberta-base,distilroberta-base,1,1.0,7,68,0.0
local,distilroberta-base,distilroberta-base,1,1.0,7,69,0.0
local,distilroberta-base,distilroberta-base,1,1.0,7,70,0.0
local,distilroberta-base,distilroberta-base,1,1.0,7,71,0.0
local,distilroberta-base,distilroberta-base,1,1.0,7,72,0.0
local,distilroberta-base,distilroberta-base,1,1.0,7,73,0.0
local,distilroberta-base,distilroberta-base,1,1.0,7,74,0.0
local,distilroberta-base,distilroberta-base,1,1.0,7,75,0.0
local,distilroberta-base,distilroberta-base,1,1.0,7,76,0.0
local,distilroberta-base,distilroberta-base,1,1.0,7,77,0.0
local,distilroberta-base,distilroberta-base,1,1.0,7,78,0.0
local,distilroberta-base,distilroberta-base,1,1.0,7,79,0.0
local,distilroberta-base,distilroberta-base,1,1.0,7,80,0.0
local,distilroberta-base,distilroberta-base,1,1.0,7,81,0.0
local,distilroberta-base,distilroberta-base,1,1.0,7,82,0.0
local,distilroberta-base,distilroberta-base,1,1.0,7,83,0.0
local,distilroberta-base,distilroberta-base,1,1.0,7,84,0.0
local,distilroberta-base,distilroberta-base,1,1.0,7,85,0.0
local,distilroberta-base,distilroberta-base,1,1.0,7,86,0.0
local,distilroberta-base,distilroberta-base,1,1.0,7,87,0.0
local,distilroberta-base,distilroberta-base,1,1.0,7,88,0.0
local,distilroberta-base,distilroberta-base,1,1.0,7,89,0.0
local,distilroberta-base,distilroberta-base,1,1.0,7,90,0.0
local,distilroberta-base,distilroberta-base,1,1.0,7,91,0.0
local,distilroberta-base,distilroberta-base,1,1.0,7,92,0.0
local,distilroberta-base,distilroberta-base,1,1.0,7,93,0.0
local,distilroberta-base,distilroberta-base,1,1.0,7,94,0.0
local,distilroberta-base,distilroberta-base,1,1.0,7,95,0.0
local,distilroberta-base,distilroberta-base,1,1.0,7,96,0.0
local,distilroberta-base,distilroberta-base,1,1.0,7,97,0.0
local,distilroberta-base,distilroberta-base,1,1.0,7,98,0.0
local,distilroberta-base,distilroberta-base,1,1.0,7,99,0.0
local,distilroberta-base,distilroberta-base,1,1.0,7,100,0.0
local,distilroberta-base,distilroberta-base,1,1.0,7,101,0.0
local,distilroberta-base,distilroberta-base,1,1.0,7,102,0.0
local,distilroberta-base,distilroberta-base,1,1.0,7,103,0.0
local,distilroberta-base,distilroberta-base,1,1.0,7,104,0.0
local,distilroberta-base,distilroberta-base,1,1.0,7,105,0.0
local,distilroberta-base,distilroberta-base,1,1.0,7,106,0.0
local,distilroberta-base,distilroberta-base,1,1.0,7,107,0.0
local,distilroberta-base,distilroberta-base,1,1.0,7,108,0.0
local,distilroberta-base,distilroberta-base,1,1.0,7,109,0.0
local,distilroberta-base,distilroberta-base,1,1.0,7,110,0.0
local,distilroberta-base,distilroberta-base,1,1.0,7,111,0.0
local,distilroberta-base,distilroberta-base,1,1.0,7,112,0.0
local,distilroberta-base,distilroberta-base,1,1.0,7,113,0.0
local,distilroberta-base,distilroberta-base,1,1.0,7,114,0.0
local,distilroberta-base,distilroberta-base,1,1.0,7,115,0.0
local,distilroberta-base,distilroberta-base,1,1.0,7,116,0.0
local,distilroberta-base,distilroberta-base,1,1.0,7,117,0.0
local,distilroberta-base,distilroberta-base,1,1.0,7,118,0.0
local,distilroberta-base,distilroberta-base,1,1.0,7,119,0.0
local,distilroberta-base,distilroberta-base,1,1.0,7,120,0.0
local,distilroberta-base,distilroberta-base,1,1.0,8,0,1.0
local,distilroberta-base,distilroberta-base,1,1.0,8,1,1.0
local,distilroberta-base,distilroberta-base,1,1.0,8,2,0.0
local,distilroberta-base,distilroberta-base,1,1.0,8,3,0.0
local,distilroberta-base,distilroberta-base,1,1.0,8,4,0.0
local,distilroberta-base,distilroberta-base,1,1.0,8,5,0.0
local,distilroberta-base,distilroberta-base,1,1.0,8,6,0.0
local,distilroberta-base,distilroberta-base,1,1.0,8,7,0.0
local,distilroberta-base,distilroberta-base,1,1.0,8,8,0.0
local,distilroberta-base,distilroberta-base,1,1.0,8,9,0.0
local,distilroberta-base,distilroberta-base,1,1.0,8,10,0.0
local,distilroberta-base,distilroberta-base,1,1.0,8,11,0.0
local,distilroberta-base,distilroberta-base,1,1.0,8,12,0.0
local,distilroberta-base,distilroberta-base,1,1.0,8,13,0.0
local,distilroberta-base,distilroberta-base,1,1.0,8,14,0.0
local,distilroberta-base,distilroberta-base,1,1.0,8,15,0.0
local,distilroberta-base,distilroberta-base,1,1.0,8,16,0.0
local,distilroberta-base,distilroberta-base,1,1.0,8,17,0.0
local,distilroberta-base,distilroberta-base,1,1.0,8,18,0.0
local,distilroberta-base,distilroberta-base,1,1.0,8,19,0.0
local,distilroberta-base,distilroberta-base,1,1.0,8,20,0.0
local,distilroberta-base,distilroberta-base,1,1.0,8,21,0.0
local,distilroberta-base,distilroberta-base,1,1.0,8,22,0.0
local,distilroberta-base,distilroberta-base,1,1.0,8,23,0.0
local,distilroberta-base,distilroberta-base,1,1.0,8,24,0.0
local,distilroberta-base,distilroberta-base,1,1.0,8,25,0.0
local,distilroberta-base,distilroberta-base,1,1.0,8,26,0.0
local,distilroberta-base,distilroberta-base,1,1.0,8,27,0.0
local,distilroberta-base,distilroberta-base,1,1.0,8,28,0.0
local,distilroberta-base,distilroberta-base,1,1.0,8,29,0.0
local,distilroberta-base,distilroberta-base,1,1.0,8,30,0.0
local,distilroberta-base,distilroberta-base,1,1.0,8,31,0.0
local,distilroberta-base,distilroberta-base,1,1.0,8,32,0.0
local,distilroberta-base,distilroberta-base,1,1.0,8,33,0.0
local,distilroberta-base,distilroberta-base,1,1.0,8,34,0.0
local,distilroberta-base,distilroberta-base,1,1.0,8,35,0.0
local,distilroberta-base,distilroberta-base,1,1.0,8,36,0.0
local,distilroberta-base,distilroberta-base,1,1.0,8,37,0.0
local,distilroberta-base,distilroberta-base,1,1.0,8,38,0.0
local,distilroberta-base,distilroberta-base,1,1.0,8,39,0.0
local,distilroberta-base,distilroberta-base,1,1.0,8,40,0.0
local,distilroberta-base,distilroberta-base,1,1.0,8,41,0.0
local,distilroberta-base,distilroberta-base,1,1.0,8,42,0.0
local,distilroberta-base,distilroberta-base,1,1.0,8,43,0.0
local,distilroberta-base,distilroberta-base,1,1.0,8,44,0.0
local,distilroberta-base,distilroberta-base,1,1.0,8,45,0.0
local,distilroberta-base,distilroberta-base,1,1.0,8,46,0.0
local,distilroberta-base,distilroberta-base,1,1.0,8,47,0.0
local,distilroberta-base,distilroberta-base,1,1.0,8,48,0.0
local,distilroberta-base,distilroberta-base,1,1.0,8,49,0.0
local,distilroberta-base,distilroberta-base,1,1.0,8,50,0.0
local,distilroberta-base,distilroberta-base,1,1.0,8,51,0.0
local,distilroberta-base,distilroberta-base,1,1.0,8,52,0.0
local,distilroberta-base,distilroberta-base,1,1.0,8,53,0.0
local,distilroberta-base,distilroberta-base,1,1.0,8,54,0.0
local,distilroberta-base,distilroberta-base,1,1.0,8,55,0.0
local,distilroberta-base,distilroberta-base,1,1.0,8,56,0.0
local,distilroberta-base,distilroberta-base,1,1.0,8,57,0.0
local,distilroberta-base,distilroberta-base,1,1.0,8,58,0.0
local,distilroberta-base,distilroberta-base,1,1.0,8,59,0.0
local,distilroberta-base,distilroberta-base,1,1.0,8,60,0.0
local,distilroberta-base,distilroberta-base,1,1.0,8,61,0.0
local,distilroberta-base,distilroberta-base,1,1.0,8,62,0.0
local,distilroberta-base,distilroberta-base,1,1.0,8,63,0.0
local,distilroberta-base,distilroberta-base,1,1.0,8,64,0.0
local,distilroberta-base,distilroberta-base,1,1.0,8,65,0.0
local,distilroberta-base,distilroberta-base,1,1.0,8,66,0.0
local,distilroberta-base,distilroberta-base,1,1.0,8,67,0.0
local,distilroberta-base,distilroberta-base,1,1.0,8,68,0.0
local,distilroberta-base,distilroberta-base,1,1.0,8,69,0.0
local,distilroberta-base,distilroberta-base,1,1.0,8,70,0.0
local,distilroberta-base,distilroberta-base,1,1.0,8,71,0.0
local,distilroberta-base,distilroberta-base,1,1.0,8,72,0.0
local,distilroberta-base,distilroberta-base,1,1.0,8,73,0.0
local,distilroberta-base,distilroberta-base,1,1.0,8,74,0.0
local,distilroberta-base,distilroberta-base,1,1.0,8,75,0.0
local,distilroberta-base,distilroberta-base,1,1.0,8,76,0.0
local,distilroberta-base,distilroberta-base,1,1.0,8,77,0.0
local,distilroberta-base,distilroberta-base,1,1.0,8,78,0.0
local,distilroberta-base,distilroberta-base,1,1.0,8,79,0.0
local,distilroberta-base,distilroberta-base,1,1.0,8,80,0.0
local,distilroberta-base,distilroberta-base,1,1.0,8,81,0.0
local,distilroberta-base,distilroberta-base,1,1.0,8,82,0.0
local,distilroberta-base,distilroberta-base,1,1.0,8,83,0.0
local,distilroberta-base,distilroberta-base,1,1.0,8,84,0.0
local,distilroberta-base,distilroberta-base,1,1.0,8,85,0.0
local,distilroberta-base,distilroberta-base,1,1.0,8,86,0.0
local,distilroberta-base,distilroberta-base,1,1.0,8,87,0.0
local,distilroberta-base,distilroberta-base,1,1.0,8,88,0.0
local,distilroberta-base,distilroberta-base,1,1.0,8,89,0.0
local,distilroberta-base,distilroberta-base,1,1.0,8,90,0.0
local,distilroberta-base,distilroberta-base,1,1.0,8,91,0.0
local,distilroberta-base,distilroberta-base,1,1.0,8,92,0.0
local,distilroberta-base,distilroberta-base,1,1.0,8,93,0.0
local,distilroberta-base,distilroberta-base,1,1.0,8,94,0.0
local,distilroberta-base,distilroberta-base,1,1.0,8,95,0.0
local,distilroberta-base,distilroberta-base,1,1.0,8,96,0.0
local,distilroberta-base,distilroberta-base,1,1.0,8,97,0.0
local,distilroberta-base,distilroberta-base,1,1.0,8,98,0.0
local,distilroberta-base,distilroberta-base,1,1.0,8,99,0.0
local,distilroberta-base,distilroberta-base,1,1.0,8,100,0.0
local,distilroberta-base,distilroberta-base,1,1.0,8,101,0.0
local,distilroberta-base,distilroberta-base,1,1.0,8,102,0.0
local,distilroberta-base,distilroberta-base,1,1.0,8,103,0.0
local,distilroberta-base,distilroberta-base,1,1.0,8,104,0.0
local,distilroberta-base,distilroberta-base,1,1.0,8,105,0.0
local,distilroberta-base,distilroberta-base,1,1.0,8,106,0.0
local,distilroberta-base,distilroberta-base,1,1.0,8,107,0.0
local,distilroberta-base,distilroberta-base,1,1.0,8,108,0.0
local,distilroberta-base,distilroberta-base,1,1.0,8,109,0.0
local,distilroberta-base,distilroberta-base,1,1.0,8,110,0.0
local,distilroberta-base,distilroberta-base,1,1.0,8,111,0.0
local,distilroberta-base,distilroberta-base,1,1.0,8,112,0.0
local,distilroberta-base,distilroberta-base,1,1.0,8,113,0.0
local,distilroberta-base,distilroberta-base,1,1.0,8,114,0.0
local,distilroberta-base,distilroberta-base,1,1.0,8,115,0.0
local,distilroberta-base,distilroberta-base,1,1.0,8,116,0.0
local,distilroberta-base,distilroberta-base,1,1.0,8,117,0.0
local,distilroberta-base,distilroberta-base,1,1.0,8,118,0.0
local,distilroberta-base,distilroberta-base,1,1.0,8,119,0.0
local,distilroberta-base,distilroberta-base,1,1.0,8,120,0.0
local,distilroberta-base,distilroberta-base,1,1.0,9,0,1.0
local,distilroberta-base,distilroberta-base,1,1.0,9,1,0.0
local,distilroberta-base,distilroberta-base,1,1.0,9,2,0.0
local,distilroberta-base,distilroberta-base,1,1.0,9,3,0.0
local,distilroberta-base,distilroberta-base,1,1.0,9,4,0.0
local,distilroberta-base,distilroberta-base,1,1.0,9,5,0.0
local,distilroberta-base,distilroberta-base,1,1.0,9,6,0.0
local,distilroberta-base,distilroberta-base,1,1.0,9,7,0.0
local,distilroberta-base,distilroberta-base,1,1.0,9,8,0.0
local,distilroberta-base,distilroberta-base,1,1.0,9,9,0.0
local,distilroberta-base,distilroberta-base,1,1.0,9,10,0.0
local,distilroberta-base,distilroberta-base,1,1.0,9,11,0.0
local,distilroberta-base,distilroberta-base,1,1.0,9,12,0.0
local,distilroberta-base,distilroberta-base,1,1.0,9,13,0.0
local,distilroberta-base,distilroberta-base,1,1.0,9,14,0.0
local,distilroberta-base,distilroberta-base,1,1.0,9,15,0.0
local,distilroberta-base,distilroberta-base,1,1.0,9,16,0.0
local,distilroberta-base,distilroberta-base,1,1.0,9,17,0.0
local,distilroberta-base,distilroberta-base,1,1.0,9,18,0.0
local,distilroberta-base,distilroberta-base,1,1.0,9,19,0.0
local,distilroberta-base,distilroberta-base,1,1.0,9,20,0.0
local,distilroberta-base,distilroberta-base,1,1.0,9,21,0.0
local,distilroberta-base,distilroberta-base,1,1.0,9,22,0.0
local,distilroberta-base,distilroberta-base,1,1.0,9,23,0.0
local,distilroberta-base,distilroberta-base,1,1.0,9,24,0.0
local,distilroberta-base,distilroberta-base,1,1.0,9,25,0.0
local,distilroberta-base,distilroberta-base,1,1.0,9,26,0.0
local,distilroberta-base,distilroberta-base,1,1.0,9,27,0.0
local,distilroberta-base,distilroberta-base,1,1.0,9,28,0.0
local,distilroberta-base,distilroberta-base,1,1.0,9,29,0.0
local,distilroberta-base,distilroberta-base,1,1.0,9,30,0.0
local,distilroberta-base,distilroberta-base,1,1.0,9,31,0.0
local,distilroberta-base,distilroberta-base,1,1.0,9,32,0.0
local,distilroberta-base,distilroberta-base,1,1.0,9,33,0.0
local,distilroberta-base,distilroberta-base,1,1.0,9,34,0.0
local,distilroberta-base,distilroberta-base,1,1.0,9,35,0.0
local,distilroberta-base,distilroberta-base,1,1.0,9,36,0.0
local,distilroberta-base,distilroberta-base,1,1.0,9,37,0.0
local,distilroberta-base,distilroberta-base,1,1.0,9,38,0.0
local,distilroberta-base,distilroberta-base,1,1.0,9,39,0.0
local,distilroberta-base,distilroberta-base,1,1.0,9,40,0.0
local,distilroberta-base,distilroberta-base,1,1.0,9,41,0.0
local,distilroberta-base,distilroberta-base,1,1.0,9,42,0.0
local,distilroberta-base,distilroberta-base,1,1.0,9,43,0.0
local,distilroberta-base,distilroberta-base,1,1.0,9,44,0.0
local,distilroberta-base,distilroberta-base,1,1.0,9,45,0.0
local,distilroberta-base,distilroberta-base,1,1.0,9,46,0.0
local,distilroberta-base,distilroberta-base,1,1.0,9,47,0.0
local,distilroberta-base,distilroberta-base,1,1.0,9,48,0.0
local,distilroberta-base,distilroberta-base,1,1.0,9,49,0.0
local,distilroberta-base,distilroberta-base,1,1.0,9,50,0.0
local,distilroberta-base,distilroberta-base,1,1.0,9,51,0.0
local,distilroberta-base,distilroberta-base,1,1.0,9,52,0.0
local,distilroberta-base,distilroberta-base,1,1.0,9,53,0.0
local,distilroberta-base,distilroberta-base,1,1.0,9,54,0.0
local,distilroberta-base,distilroberta-base,1,1.0,9,55,0.0
local,distilroberta-base,distilroberta-base,1,1.0,9,56,0.0
local,distilroberta-base,distilroberta-base,1,1.0,9,57,0.0
local,distilroberta-base,distilroberta-base,1,1.0,9,58,0.0
local,distilroberta-base,distilroberta-base,1,1.0,9,59,0.0
local,distilroberta-base,distilroberta-base,1,1.0,9,60,0.0
local,distilroberta-base,distilroberta-base,1,1.0,9,61,0.0
local,distilroberta-base,distilroberta-base,1,1.0,9,62,0.0
local,distilroberta-base,distilroberta-base,1,1.0,9,63,0.0
local,distilroberta-base,distilroberta-base,1,1.0,9,64,0.0
local,distilroberta-base,distilroberta-base,1,1.0,9,65,0.0
local,distilroberta-base,distilroberta-base,1,1.0,9,66,0.0
local,distilroberta-base,distilroberta-base,1,1.0,9,67,0.0
local,distilroberta-base,distilroberta-base,1,1.0,9,68,0.0
local,distilroberta-base,distilroberta-base,1,1.0,9,69,0.0
local,distilroberta-base,distilroberta-base,1,1.0,9,70,0.0
local,distilroberta-base,distilroberta-base,1,1.0,9,71,0.0
local,distilroberta-base,distilroberta-base,1,1.0,9,72,0.0
local,distilroberta-base,distilroberta-base,1,1.0,9,73,0.0
local,distilroberta-base,distilroberta-base,1,1.0,9,74,0.0
local,distilroberta-base,distilroberta-base,1,1.0,9,75,0.0
local,distilroberta-base,distilroberta-base,1,1.0,9,76,0.0
local,distilroberta-base,distilroberta-base,1,1.0,9,77,0.0
local,distilroberta-base,distilroberta-base,1,1.0,9,78,0.0
local,distilroberta-base,distilroberta-base,1,1.0,9,79,0.0
local,distilroberta-base,distilroberta-base,1,1.0,9,80,0.0
local,distilroberta-base,distilroberta-base,1,1.0,9,81,0.0
local,distilroberta-base,distilroberta-base,1,1.0,9,82,0.0
local,distilroberta-base,distilroberta-base,1,1.0,9,83,0.0
local,distilroberta-base,distilroberta-base,1,1.0,9,84,0.0
local,distilroberta-base,distilroberta-base,1,1.0,9,85,0.0
local,distilroberta-base,distilroberta-base,1,1.0,9,86,0.0
local,distilroberta-base,distilroberta-base,1,1.0,9,87,0.0
local,distilroberta-base,distilroberta-base,1,1.0,9,88,0.0
local,distilroberta-base,distilroberta-base,1,1.0,9,89,0.0
local,distilroberta-base,distilroberta-base,1,1.0,9,90,0.0
local,distilroberta-base,distilroberta-base,1,1.0,9,91,0.0
local,distilroberta-base,distilroberta-base,1,1.0,9,92,0.0
local,distilroberta-base,distilroberta-base,1,1.0,9,93,0.0
local,distilroberta-base,distilroberta-base,1,1.0,9,94,0.0
local,distilroberta-base,distilroberta-base,1,1.0,9,95,0.0
local,distilroberta-base,distilroberta-base,1,1.0,9,96,0.0
local,distilroberta-base,distilroberta-base,1,1.0,9,97,0.0
local,distilroberta-base,distilroberta-base,1,1.0,9,98,0.0
local,distilroberta-base,distilroberta-base,1,1.0,9,99,0.0
local,distilroberta-base,distilroberta-base,1,1.0,9,100,0.0
local,distilroberta-base,distilroberta-base,1,1.0,9,101,0.0
local,distilroberta-base,distilroberta-base,1,1.0,9,102,0.0
local,distilroberta-base,distilroberta-base,1,1.0,9,103,0.0
local,distilroberta-base,distilroberta-base,1,1.0,9,104,0.0
local,distilroberta-base,distilroberta-base,1,1.0,9,105,0.0
local,distilroberta-base,distilroberta-base,1,1.0,9,106,0.0
local,distilroberta-base,distilroberta-base,1,1.0,9,107,0.0
local,distilroberta-base,distilroberta-base,1,1.0,9,108,0.0
local,distilroberta-base,distilroberta-base,1,1.0,9,109,0.0
local,distilroberta-base,distilroberta-base,1,1.0,9,110,0.0
local,distilroberta-base,distilroberta-base,1,1.0,9,111,0.0
local,distilroberta-base,distilroberta-base,1,1.0,9,112,0.0
local,distilroberta-base,distilroberta-base,1,1.0,9,113,0.0
local,distilroberta-base,distilroberta-base,1,1.0,9,114,0.0
local,distilroberta-base,distilroberta-base,1,1.0,9,115,0.0
local,distilroberta-base,distilroberta-base,1,1.0,9,116,0.0
local,distilroberta-base,distilroberta-base,1,1.0,9,117,0.0
local,distilroberta-base,distilroberta-base,1,1.0,9,118,0.0
local,distilroberta-base,distilroberta-base,1,1.0,9,119,0.0
local,distilroberta-base,distilroberta-base,1,1.0,9,120,0.0
local,distilroberta-base,distilroberta-base,1,1.0,10,0,1.0
local,distilroberta-base,distilroberta-base,1,1.0,10,1,0.0
local,distilroberta-base,distilroberta-base,1,1.0,10,2,0.0
local,distilroberta-base,distilroberta-base,1,1.0,10,3,0.0
local,distilroberta-base,distilroberta-base,1,1.0,10,4,0.0
local,distilroberta-base,distilroberta-base,1,1.0,10,5,0.0
local,distilroberta-base,distilroberta-base,1,1.0,10,6,0.0
local,distilroberta-base,distilroberta-base,1,1.0,10,7,0.0
local,distilroberta-base,distilroberta-base,1,1.0,10,8,0.0
local,distilroberta-base,distilroberta-base,1,1.0,10,9,0.0
local,distilroberta-base,distilroberta-base,1,1.0,10,10,0.0
local,distilroberta-base,distilroberta-base,1,1.0,10,11,0.0
local,distilroberta-base,distilroberta-base,1,1.0,10,12,0.0
local,distilroberta-base,distilroberta-base,1,1.0,10,13,0.0
local,distilroberta-base,distilroberta-base,1,1.0,10,14,0.0
local,distilroberta-base,distilroberta-base,1,1.0,10,15,0.0
local,distilroberta-base,distilroberta-base,1,1.0,10,16,0.0
local,distilroberta-base,distilroberta-base,1,1.0,10,17,0.0
local,distilroberta-base,distilroberta-base,1,1.0,10,18,0.0
local,distilroberta-base,distilroberta-base,1,1.0,10,19,0.0
local,distilroberta-base,distilroberta-base,1,1.0,10,20,0.0
local,distilroberta-base,distilroberta-base,1,1.0,10,21,0.0
local,distilroberta-base,distilroberta-base,1,1.0,10,22,0.0
local,distilroberta-base,distilroberta-base,1,1.0,10,23,0.0
local,distilroberta-base,distilroberta-base,1,1.0,10,24,0.0
local,distilroberta-base,distilroberta-base,1,1.0,10,25,0.0
local,distilroberta-base,distilroberta-base,1,1.0,10,26,0.0
local,distilroberta-base,distilroberta-base,1,1.0,10,27,0.0
local,distilroberta-base,distilroberta-base,1,1.0,10,28,0.0
local,distilroberta-base,distilroberta-base,1,1.0,10,29,0.0
local,distilroberta-base,distilroberta-base,1,1.0,10,30,0.0
local,distilroberta-base,distilroberta-base,1,1.0,10,31,0.0
local,distilroberta-base,distilroberta-base,1,1.0,10,32,0.0
local,distilroberta-base,distilroberta-base,1,1.0,10,33,0.0
local,distilroberta-base,distilroberta-base,1,1.0,10,34,0.0
local,distilroberta-base,distilroberta-base,1,1.0,10,35,0.0
local,distilroberta-base,distilroberta-base,1,1.0,10,36,0.0
local,distilroberta-base,distilroberta-base,1,1.0,10,37,0.0
local,distilroberta-base,distilroberta-base,1,1.0,10,38,0.0
local,distilroberta-base,distilroberta-base,1,1.0,10,39,0.0
local,distilroberta-base,distilroberta-base,1,1.0,10,40,0.0
local,distilroberta-base,distilroberta-base,1,1.0,10,41,0.0
local,distilroberta-base,distilroberta-base,1,1.0,10,42,0.0
local,distilroberta-base,distilroberta-base,1,1.0,10,43,0.0
local,distilroberta-base,distilroberta-base,1,1.0,10,44,0.0
local,distilroberta-base,distilroberta-base,1,1.0,10,45,0.0
local,distilroberta-base,distilroberta-base,1,1.0,10,46,0.0
local,distilroberta-base,distilroberta-base,1,1.0,10,47,0.0
local,distilroberta-base,distilroberta-base,1,1.0,10,48,0.0
local,distilroberta-base,distilroberta-base,1,1.0,10,49,0.0
local,distilroberta-base,distilroberta-base,1,1.0,10,50,0.0
local,distilroberta-base,distilroberta-base,1,1.0,10,51,0.0
local,distilroberta-base,distilroberta-base,1,1.0,10,52,0.0
local,distilroberta-base,distilroberta-base,1,1.0,10,53,0.0
local,distilroberta-base,distilroberta-base,1,1.0,10,54,0.0
local,distilroberta-base,distilroberta-base,1,1.0,10,55,0.0
local,distilroberta-base,distilroberta-base,1,1.0,10,56,0.0
local,distilroberta-base,distilroberta-base,1,1.0,10,57,0.0
local,distilroberta-base,distilroberta-base,1,1.0,10,58,0.0
local,distilroberta-base,distilroberta-base,1,1.0,10,59,0.0
local,distilroberta-base,distilroberta-base,1,1.0,10,60,0.0
local,distilroberta-base,distilroberta-base,1,1.0,10,61,0.0
local,distilroberta-base,distilroberta-base,1,1.0,10,62,0.0
local,distilroberta-base,distilroberta-base,1,1.0,10,63,0.0
local,distilroberta-base,distilroberta-base,1,1.0,10,64,0.0
local,distilroberta-base,distilroberta-base,1,1.0,10,65,0.0
local,distilroberta-base,distilroberta-base,1,1.0,10,66,0.0
local,distilroberta-base,distilroberta-base,1,1.0,10,67,0.0
local,distilroberta-base,distilroberta-base,1,1.0,10,68,0.0
local,distilroberta-base,distilroberta-base,1,1.0,10,69,0.0
local,distilroberta-base,distilroberta-base,1,1.0,10,70,0.0
local,distilroberta-base,distilroberta-base,1,1.0,10,71,0.0
local,distilroberta-base,distilroberta-base,1,1.0,10,72,0.0
local,distilroberta-base,distilroberta-base,1,1.0,10,73,0.0
local,distilroberta-base,distilroberta-base,1,1.0,10,74,0.0
local,distilroberta-base,distilroberta-base,1,1.0,10,75,0.0
local,distilroberta-base,distilroberta-base,1,1.0,10,76,0.0
local,distilroberta-base,distilroberta-base,1,1.0,10,77,0.0
local,distilroberta-base,distilroberta-base,1,1.0,10,78,0.0
local,distilroberta-base,distilroberta-base,1,1.0,10,79,0.0
local,distilroberta-base,distilroberta-base,1,1.0,10,80,0.0
local,distilroberta-base,distilroberta-base,1,1.0,10,81,0.0
local,distilroberta-base,distilroberta-base,1,1.0,10,82,0.0
local,distilroberta-base,distilroberta-base,1,1.0,10,83,0.0
local,distilroberta-base,distilroberta-base,1,1.0,10,84,0.0
local,distilroberta-base,distilroberta-base,1,1.0,10,85,0.0
local,distilroberta-base,distilroberta-base,1,1.0,10,86,0.0
local,distilroberta-base,distilroberta-base,1,1.0,10,87,0.0
local,distilroberta-base,distilroberta-base,1,1.0,10,88,0.0
local,distilroberta-base,distilroberta-base,1,1.0,10,89,0.0
local,distilroberta-base,distilroberta-base,1,1.0,10,90,0.0
local,distilroberta-base,distilroberta-base,1,1.0,10,91,0.0
local,distilroberta-base,distilroberta-base,1,1.0,10,92,0.0
local,distilroberta-base,distilroberta-base,1,1.0,10,93,0.0
local,distilroberta-base,distilroberta-base,1,1.0,10,94,0.0
local,distilroberta-base,distilroberta-base,1,1.0,10,95,0.0
local,distilroberta-base,distilroberta-base,1,1.0,10,96,0.0
local,distilroberta-base,distilroberta-base,1,1.0,10,97,0.0
local,distilroberta-base,distilroberta-base,1,1.0,10,98,0.0
local,distilroberta-base,distilroberta-base,1,1.0,10,99,0.0
local,distilroberta-base,distilroberta-base,1,1.0,10,100,0.0
local,distilroberta-base,distilroberta-base,1,1.0,10,101,0.0
local,distilroberta-base,distilroberta-base,1,1.0,10,102,0.0
local,distilroberta-base,distilroberta-base,1,1.0,10,103,0.0
local,distilroberta-base,distilroberta-base,1,1.0,10,104,0.0
local,distilroberta-base,distilroberta-base,1,1.0,10,105,0.0
local,distilroberta-base,distilroberta-base,1,1.0,10,106,0.0
local,distilroberta-base,distilroberta-base,1,1.0,10,107,0.0
local,distilroberta-base,distilroberta-base,1,1.0,10,108,0.0
local,distilroberta-base,distilroberta-base,1,1.0,10,109,0.0
local,distilroberta-base,distilroberta-base,1,1.0,10,110,0.0
local,distilroberta-base,distilroberta-base,1,1.0,10,111,0.0
local,distilroberta-base,distilroberta-base,1,1.0,10,112,0.0
local,distilroberta-base,distilroberta-base,1,1.0,10,113,0.0
local,distilroberta-base,distilroberta-base,1,1.0,10,114,0.0
local,distilroberta-base,distilroberta-base,1,1.0,10,115,0.0
local,distilroberta-base,distilroberta-base,1,1.0,10,116,0.0
local,distilroberta-base,distilroberta-base,1,1.0,10,117,0.0
local,distilroberta-base,distilroberta-base,1,1.0,10,118,0.0
local,distilroberta-base,distilroberta-base,1,1.0,10,119,0.0
local,distilroberta-base,distilroberta-base,1,1.0,10,120,0.0
local,distilroberta-base,distilroberta-base,1,1.0,11,0,1.0
local,distilroberta-base,distilroberta-base,1,1.0,11,1,1.0
local,distilroberta-base,distilroberta-base,1,1.0,11,2,2.0
local,distilroberta-base,distilroberta-base,1,1.0,11,3,1.0
local,distilroberta-base,distilroberta-base,1,1.0,11,4,1.0
local,distilroberta-base,distilroberta-base,1,1.0,11,5,1.0
local,distilroberta-base,distilroberta-base,1,1.0,11,6,1.0
local,distilroberta-base,distilroberta-base,1,1.0,11,7,1.0
local,distilroberta-base,distilroberta-base,1,1.0,11,8,2.0
local,distilroberta-base,distilroberta-base,1,1.0,11,9,0.0
local,distilroberta-base,distilroberta-base,1,1.0,11,10,0.0
local,distilroberta-base,distilroberta-base,1,1.0,11,11,0.0
local,distilroberta-base,distilroberta-base,1,1.0,11,12,0.0
local,distilroberta-base,distilroberta-base,1,1.0,11,13,0.0
local,distilroberta-base,distilroberta-base,1,1.0,11,14,0.0
local,distilroberta-base,distilroberta-base,1,1.0,11,15,0.0
local,distilroberta-base,distilroberta-base,1,1.0,11,16,0.0
local,distilroberta-base,distilroberta-base,1,1.0,11,17,0.0
local,distilroberta-base,distilroberta-base,1,1.0,11,18,0.0
local,distilroberta-base,distilroberta-base,1,1.0,11,19,0.0
local,distilroberta-base,distilroberta-base,1,1.0,11,20,0.0
local,distilroberta-base,distilroberta-base,1,1.0,11,21,0.0
local,distilroberta-base,distilroberta-base,1,1.0,11,22,0.0
local,distilroberta-base,distilroberta-base,1,1.0,11,23,0.0
local,distilroberta-base,distilroberta-base,1,1.0,11,24,0.0
local,distilroberta-base,distilroberta-base,1,1.0,11,25,0.0
local,distilroberta-base,distilroberta-base,1,1.0,11,26,0.0
local,distilroberta-base,distilroberta-base,1,1.0,11,27,0.0
local,distilroberta-base,distilroberta-base,1,1.0,11,28,0.0
local,distilroberta-base,distilroberta-base,1,1.0,11,29,0.0
local,distilroberta-base,distilroberta-base,1,1.0,11,30,0.0
local,distilroberta-base,distilroberta-base,1,1.0,11,31,0.0
local,distilroberta-base,distilroberta-base,1,1.0,11,32,0.0
local,distilroberta-base,distilroberta-base,1,1.0,11,33,0.0
local,distilroberta-base,distilroberta-base,1,1.0,11,34,0.0
local,distilroberta-base,distilroberta-base,1,1.0,11,35,0.0
local,distilroberta-base,distilroberta-base,1,1.0,11,36,0.0
local,distilroberta-base,distilroberta-base,1,1.0,11,37,0.0
local,distilroberta-base,distilroberta-base,1,1.0,11,38,0.0
local,distilroberta-base,distilroberta-base,1,1.0,11,39,0.0
local,distilroberta-base,distilroberta-base,1,1.0,11,40,0.0
local,distilroberta-base,distilroberta-base,1,1.0,11,41,0.0
local,distilroberta-base,distilroberta-base,1,1.0,11,42,0.0
local,distilroberta-base,distilroberta-base,1,1.0,11,43,0.0
local,distilroberta-base,distilroberta-base,1,1.0,11,44,0.0
local,distilroberta-base,distilroberta-base,1,1.0,11,45,0.0
local,distilroberta-base,distilroberta-base,1,1.0,11,46,0.0
local,distilroberta-base,distilroberta-base,1,1.0,11,47,0.0
local,distilroberta-base,distilroberta-base,1,1.0,11,48,0.0
local,distilroberta-base,distilroberta-base,1,1.0,11,49,0.0
local,distilroberta-base,distilroberta-base,1,1.0,11,50,0.0
local,distilroberta-base,distilroberta-base,1,1.0,11,51,0.0
local,distilroberta-base,distilroberta-base,1,1.0,11,52,0.0
local,distilroberta-base,distilroberta-base,1,1.0,11,53,0.0
local,distilroberta-base,distilroberta-base,1,1.0,11,54,0.0
local,distilroberta-base,distilroberta-base,1,1.0,11,55,0.0
local,distilroberta-base,distilroberta-base,1,1.0,11,56,0.0
local,distilroberta-base,distilroberta-base,1,1.0,11,57,0.0
local,distilroberta-base,distilroberta-base,1,1.0,11,58,0.0
local,distilroberta-base,distilroberta-base,1,1.0,11,59,0.0
local,distilroberta-base,distilroberta-base,1,1.0,11,60,0.0
local,distilroberta-base,distilroberta-base,1,1.0,11,61,0.0
local,distilroberta-base,distilroberta-base,1,1.0,11,62,0.0
local,distilroberta-base,distilroberta-base,1,1.0,11,63,0.0
local,distilroberta-base,distilroberta-base,1,1.0,11,64,0.0
local,distilroberta-base,distilroberta-base,1,1.0,11,65,0.0
local,distilroberta-base,distilroberta-base,1,1.0,11,66,0.0
local,distilroberta-base,distilroberta-base,1,1.0,11,67,0.0
local,distilroberta-base,distilroberta-base,1,1.0,11,68,0.0
local,distilroberta-base,distilroberta-base,1,1.0,11,69,0.0
local,distilroberta-base,distilroberta-base,1,1.0,11,70,0.0
local,distilroberta-base,distilroberta-base,1,1.0,11,71,0.0
local,distilroberta-base,distilroberta-base,1,1.0,11,72,0.0
local,distilroberta-base,distilroberta-base,1,1.0,11,73,0.0
local,distilroberta-base,distilroberta-base,1,1.0,11,74,0.0
local,distilroberta-base,distilroberta-base,1,1.0,11,75,0.0
local,distilroberta-base,distilroberta-base,1,1.0,11,76,0.0
local,distilroberta-base,distilroberta-base,1,1.0,11,77,0.0
local,distilroberta-base,distilroberta-base,1,1.0,11,78,0.0
local,distilroberta-base,distilroberta-base,1,1.0,11,79,0.0
local,distilroberta-base,distilroberta-base,1,1.0,11,80,0.0
local,distilroberta-base,distilroberta-base,1,1.0,11,81,0.0
local,distilroberta-base,distilroberta-base,1,1.0,11,82,0.0
local,distilroberta-base,distilroberta-base,1,1.0,11,83,0.0
local,distilroberta-base,distilroberta-base,1,1.0,11,84,0.0
local,distilroberta-base,distilroberta-base,1,1.0,11,85,0.0
local,distilroberta-base,distilroberta-base,1,1.0,11,86,0.0
local,distilroberta-base,distilroberta-base,1,1.0,11,87,0.0
local,distilroberta-base,distilroberta-base,1,1.0,11,88,0.0
local,distilroberta-base,distilroberta-base,1,1.0,11,89,0.0
local,distilroberta-base,distilroberta-base,1,1.0,11,90,0.0
local,distilroberta-base,distilroberta-base,1,1.0,11,91,0.0
local,distilroberta-base,distilroberta-base,1,1.0,11,92,0.0
local,distilroberta-base,distilroberta-base,1,1.0,11,93,0.0
local,distilroberta-base,distilroberta-base,1,1.0,11,94,0.0
local,distilroberta-base,distilroberta-base,1,1.0,11,95,0.0
local,distilroberta-base,distilroberta-base,1,1.0,11,96,0.0
local,distilroberta-base,distilroberta-base,1,1.0,11,97,0.0
local,distilroberta-base,distilroberta-base,1,1.0,11,98,0.0
local,distilroberta-base,distilroberta-base,1,1.0,11,99,0.0
local,distilroberta-base,distilroberta-base,1,1.0,11,100,0.0
local,distilroberta-base,distilroberta-base,1,1.0,11,101,0.0
local,distilroberta-base,distilroberta-base,1,1.0,11,102,0.0
local,distilroberta-base,distilroberta-base,1,1.0,11,103,0.0
local,distilroberta-base,distilroberta-base,1,1.0,11,104,0.0
local,distilroberta-base,distilroberta-base,1,1.0,11,105,0.0
local,distilroberta-base,distilroberta-base,1,1.0,11,106,0.0
local,distilroberta-base,distilroberta-base,1,1.0,11,107,0.0
local,distilroberta-base,distilroberta-base,1,1.0,11,108,0.0
local,distilroberta-base,distilroberta-base,1,1.0,11,109,0.0
local,distilroberta-base,distilroberta-base,1,1.0,11,110,0.0
local,distilroberta-base,distilroberta-base,1,1.0,11,111,0.0
local,distilroberta-base,distilroberta-base,1,1.0,11,112,0.0
local,distilroberta-base,distilroberta-base,1,1.0,11,113,0.0
local,distilroberta-base,distilroberta-base,1,1.0,11,114,0.0
local,distilroberta-base,distilroberta-base,1,1.0,11,115,0.0
local,distilroberta-base,distilroberta-base,1,1.0,11,116,0.0
local,distilroberta-base,distilroberta-base,1,1.0,11,117,0.0
local,distilroberta-base,distilroberta-base,1,1.0,11,118,0.0
local,distilroberta-base,distilroberta-base,1,1.0,11,119,0.0
local,distilroberta-base,distilroberta-base,1,1.0,11,120,0.0
local,distilroberta-base,distilroberta-base,1,1.0,12,0,1.0
local,distilroberta-base,distilroberta-base,1,1.0,12,1,1.0
local,distilroberta-base,distilroberta-base,1,1.0,12,2,2.0
local,distilroberta-base,distilroberta-base,1,1.0,12,3,0.0
local,distilroberta-base,distilroberta-base,1,1.0,12,4,0.0
local,distilroberta-base,distilroberta-base,1,1.0,12,5,0.0
local,distilroberta-base,distilroberta-base,1,1.0,12,6,0.0
local,distilroberta-base,distilroberta-base,1,1.0,12,7,0.0
local,distilroberta-base,distilroberta-base,1,1.0,12,8,0.0
local,distilroberta-base,distilroberta-base,1,1.0,12,9,0.0
local,distilroberta-base,distilroberta-base,1,1.0,12,10,0.0
local,distilroberta-base,distilroberta-base,1,1.0,12,11,0.0
local,distilroberta-base,distilroberta-base,1,1.0,12,12,0.0
local,distilroberta-base,distilroberta-base,1,1.0,12,13,0.0
local,distilroberta-base,distilroberta-base,1,1.0,12,14,0.0
local,distilroberta-base,distilroberta-base,1,1.0,12,15,0.0
local,distilroberta-base,distilroberta-base,1,1.0,12,16,0.0
local,distilroberta-base,distilroberta-base,1,1.0,12,17,0.0
local,distilroberta-base,distilroberta-base,1,1.0,12,18,0.0
local,distilroberta-base,distilroberta-base,1,1.0,12,19,0.0
local,distilroberta-base,distilroberta-base,1,1.0,12,20,0.0
local,distilroberta-base,distilroberta-base,1,1.0,12,21,0.0
local,distilroberta-base,distilroberta-base,1,1.0,12,22,0.0
local,distilroberta-base,distilroberta-base,1,1.0,12,23,0.0
local,distilroberta-base,distilroberta-base,1,1.0,12,24,0.0
local,distilroberta-base,distilroberta-base,1,1.0,12,25,0.0
local,distilroberta-base,distilroberta-base,1,1.0,12,26,0.0
local,distilroberta-base,distilroberta-base,1,1.0,12,27,0.0
local,distilroberta-base,distilroberta-base,1,1.0,12,28,0.0
local,distilroberta-base,distilroberta-base,1,1.0,12,29,0.0
local,distilroberta-base,distilroberta-base,1,1.0,12,30,0.0
local,distilroberta-base,distilroberta-base,1,1.0,12,31,0.0
local,distilroberta-base,distilroberta-base,1,1.0,12,32,0.0
local,distilroberta-base,distilroberta-base,1,1.0,12,33,0.0
local,distilroberta-base,distilroberta-base,1,1.0,12,34,0.0
local,distilroberta-base,distilroberta-base,1,1.0,12,35,0.0
local,distilroberta-base,distilroberta-base,1,1.0,12,36,0.0
local,distilroberta-base,distilroberta-base,1,1.0,12,37,0.0
local,distilroberta-base,distilroberta-base,1,1.0,12,38,0.0
local,distilroberta-base,distilroberta-base,1,1.0,12,39,0.0
local,distilroberta-base,distilroberta-base,1,1.0,12,40,0.0
local,distilroberta-base,distilroberta-base,1,1.0,12,41,0.0
local,distilroberta-base,distilroberta-base,1,1.0,12,42,0.0
local,distilroberta-base,distilroberta-base,1,1.0,12,43,0.0
local,distilroberta-base,distilroberta-base,1,1.0,12,44,0.0
local,distilroberta-base,distilroberta-base,1,1.0,12,45,0.0
local,distilroberta-base,distilroberta-base,1,1.0,12,46,0.0
local,distilroberta-base,distilroberta-base,1,1.0,12,47,0.0
local,distilroberta-base,distilroberta-base,1,1.0,12,48,0.0
local,distilroberta-base,distilroberta-base,1,1.0,12,49,0.0
local,distilroberta-base,distilroberta-base,1,1.0,12,50,0.0
local,distilroberta-base,distilroberta-base,1,1.0,12,51,0.0
local,distilroberta-base,distilroberta-base,1,1.0,12,52,0.0
local,distilroberta-base,distilroberta-base,1,1.0,12,53,0.0
local,distilroberta-base,distilroberta-base,1,1.0,12,54,0.0
local,distilroberta-base,distilroberta-base,1,1.0,12,55,0.0
local,distilroberta-base,distilroberta-base,1,1.0,12,56,0.0
local,distilroberta-base,distilroberta-base,1,1.0,12,57,0.0
local,distilroberta-base,distilroberta-base,1,1.0,12,58,0.0
local,distilroberta-base,distilroberta-base,1,1.0,12,59,0.0
local,distilroberta-base,distilroberta-base,1,1.0,12,60,0.0
local,distilroberta-base,distilroberta-base,1,1.0,12,61,0.0
local,distilroberta-base,distilroberta-base,1,1.0,12,62,0.0
local,distilroberta-base,distilroberta-base,1,1.0,12,63,0.0
local,distilroberta-base,distilroberta-base,1,1.0,12,64,0.0
local,distilroberta-base,distilroberta-base,1,1.0,12,65,0.0
local,distilroberta-base,distilroberta-base,1,1.0,12,66,0.0
local,distilroberta-base,distilroberta-base,1,1.0,12,67,0.0
local,distilroberta-base,distilroberta-base,1,1.0,12,68,0.0
local,distilroberta-base,distilroberta-base,1,1.0,12,69,0.0
local,distilroberta-base,distilroberta-base,1,1.0,12,70,0.0
local,distilroberta-base,distilroberta-base,1,1.0,12,71,0.0
local,distilroberta-base,distilroberta-base,1,1.0,12,72,0.0
local,distilroberta-base,distilroberta-base,1,1.0,12,73,0.0
local,distilroberta-base,distilroberta-base,1,1.0,12,74,0.0
local,distilroberta-base,distilroberta-base,1,1.0,12,75,0.0
local,distilroberta-base,distilroberta-base,1,1.0,12,76,0.0
local,distilroberta-base,distilroberta-base,1,1.0,12,77,0.0
local,distilroberta-base,distilroberta-base,1,1.0,12,78,0.0
local,distilroberta-base,distilroberta-base,1,1.0,12,79,0.0
local,distilroberta-base,distilroberta-base,1,1.0,12,80,0.0
local,distilroberta-base,distilroberta-base,1,1.0,12,81,0.0
local,distilroberta-base,distilroberta-base,1,1.0,12,82,0.0
local,distilroberta-base,distilroberta-base,1,1.0,12,83,0.0
local,distilroberta-base,distilroberta-base,1,1.0,12,84,0.0
local,distilroberta-base,distilroberta-base,1,1.0,12,85,0.0
local,distilroberta-base,distilroberta-base,1,1.0,12,86,0.0
local,distilroberta-base,distilroberta-base,1,1.0,12,87,0.0
local,distilroberta-base,distilroberta-base,1,1.0,12,88,0.0
local,distilroberta-base,distilroberta-base,1,1.0,12,89,0.0
local,distilroberta-base,distilroberta-base,1,1.0,12,90,0.0
local,distilroberta-base,distilroberta-base,1,1.0,12,91,0.0
local,distilroberta-base,distilroberta-base,1,1.0,12,92,0.0
local,distilroberta-base,distilroberta-base,1,1.0,12,93,0.0
local,distilroberta-base,distilroberta-base,1,1.0,12,94,0.0
local,distilroberta-base,distilroberta-base,1,1.0,12,95,0.0
local,distilroberta-base,distilroberta-base,1,1.0,12,96,0.0
local,distilroberta-base,distilroberta-base,1,1.0,12,97,0.0
local,distilroberta-base,distilroberta-base,1,1.0,12,98,0.0
local,distilroberta-base,distilroberta-base,1,1.0,12,99,0.0
local,distilroberta-base,distilroberta-base,1,1.0,12,100,0.0
local,distilroberta-base,distilroberta-base,1,1.0,12,101,0.0
local,distilroberta-base,distilroberta-base,1,1.0,12,102,0.0
local,distilroberta-base,distilroberta-base,1,1.0,12,103,0.0
local,distilroberta-base,distilroberta-base,1,1.0,12,104,0.0
local,distilroberta-base,distilroberta-base,1,1.0,12,105,0.0
local,distilroberta-base,distilroberta-base,1,1.0,12,106,0.0
local,distilroberta-base,distilroberta-base,1,1.0,12,107,0.0
local,distilroberta-base,distilroberta-base,1,1.0,12,108,0.0
local,distilroberta-base,distilroberta-base,1,1.0,12,109,0.0
local,distilroberta-base,distilroberta-base,1,1.0,12,110,0.0
local,distilroberta-base,distilroberta-base,1,1.0,12,111,0.0
local,distilroberta-base,distilroberta-base,1,1.0,12,112,0.0
local,distilroberta-base,distilroberta-base,1,1.0,12,113,0.0
local,distilroberta-base,distilroberta-base,1,1.0,12,114,0.0
local,distilroberta-base,distilroberta-base,1,1.0,12,115,0.0
local,distilroberta-base,distilroberta-base,1,1.0,12,116,0.0
local,distilroberta-base,distilroberta-base,1,1.0,12,117,0.0
local,distilroberta-base,distilroberta-base,1,1.0,12,118,0.0
local,distilroberta-base,distilroberta-base,1,1.0,12,119,0.0
local,distilroberta-base,distilroberta-base,1,1.0,12,120,0.0
local,distilroberta-base,distilroberta-base,1,1.0,13,0,1.0
local,distilroberta-base,distilroberta-base,1,1.0,13,1,1.0
local,distilroberta-base,distilroberta-base,1,1.0,13,2,0.0
local,distilroberta-base,distilroberta-base,1,1.0,13,3,0.0
local,distilroberta-base,distilroberta-base,1,1.0,13,4,0.0
local,distilroberta-base,distilroberta-base,1,1.0,13,5,0.0
local,distilroberta-base,distilroberta-base,1,1.0,13,6,0.0
local,distilroberta-base,distilroberta-base,1,1.0,13,7,0.0
local,distilroberta-base,distilroberta-base,1,1.0,13,8,0.0
local,distilroberta-base,distilroberta-base,1,1.0,13,9,0.0
local,distilroberta-base,distilroberta-base,1,1.0,13,10,0.0
local,distilroberta-base,distilroberta-base,1,1.0,13,11,0.0
local,distilroberta-base,distilroberta-base,1,1.0,13,12,0.0
local,distilroberta-base,distilroberta-base,1,1.0,13,13,0.0
local,distilroberta-base,distilroberta-base,1,1.0,13,14,0.0
local,distilroberta-base,distilroberta-base,1,1.0,13,15,0.0
local,distilroberta-base,distilroberta-base,1,1.0,13,16,0.0
local,distilroberta-base,distilroberta-base,1,1.0,13,17,0.0
local,distilroberta-base,distilroberta-base,1,1.0,13,18,0.0
local,distilroberta-base,distilroberta-base,1,1.0,13,19,0.0
local,distilroberta-base,distilroberta-base,1,1.0,13,20,0.0
local,distilroberta-base,distilroberta-base,1,1.0,13,21,0.0
local,distilroberta-base,distilroberta-base,1,1.0,13,22,0.0
local,distilroberta-base,distilroberta-base,1,1.0,13,23,0.0
local,distilroberta-base,distilroberta-base,1,1.0,13,24,0.0
local,distilroberta-base,distilroberta-base,1,1.0,13,25,0.0
local,distilroberta-base,distilroberta-base,1,1.0,13,26,0.0
local,distilroberta-base,distilroberta-base,1,1.0,13,27,0.0
local,distilroberta-base,distilroberta-base,1,1.0,13,28,0.0
local,distilroberta-base,distilroberta-base,1,1.0,13,29,0.0
local,distilroberta-base,distilroberta-base,1,1.0,13,30,0.0
local,distilroberta-base,distilroberta-base,1,1.0,13,31,0.0
local,distilroberta-base,distilroberta-base,1,1.0,13,32,0.0
local,distilroberta-base,distilroberta-base,1,1.0,13,33,0.0
local,distilroberta-base,distilroberta-base,1,1.0,13,34,0.0
local,distilroberta-base,distilroberta-base,1,1.0,13,35,0.0
local,distilroberta-base,distilroberta-base,1,1.0,13,36,0.0
local,distilroberta-base,distilroberta-base,1,1.0,13,37,0.0
local,distilroberta-base,distilroberta-base,1,1.0,13,38,0.0
local,distilroberta-base,distilroberta-base,1,1.0,13,39,0.0
local,distilroberta-base,distilroberta-base,1,1.0,13,40,0.0
local,distilroberta-base,distilroberta-base,1,1.0,13,41,0.0
local,distilroberta-base,distilroberta-base,1,1.0,13,42,0.0
local,distilroberta-base,distilroberta-base,1,1.0,13,43,0.0
local,distilroberta-base,distilroberta-base,1,1.0,13,44,0.0
local,distilroberta-base,distilroberta-base,1,1.0,13,45,0.0
local,distilroberta-base,distilroberta-base,1,1.0,13,46,0.0
local,distilroberta-base,distilroberta-base,1,1.0,13,47,0.0
local,distilroberta-base,distilroberta-base,1,1.0,13,48,0.0
local,distilroberta-base,distilroberta-base,1,1.0,13,49,0.0
local,distilroberta-base,distilroberta-base,1,1.0,13,50,0.0
local,distilroberta-base,distilroberta-base,1,1.0,13,51,0.0
local,distilroberta-base,distilroberta-base,1,1.0,13,52,0.0
local,distilroberta-base,distilroberta-base,1,1.0,13,53,0.0
local,distilroberta-base,distilroberta-base,1,1.0,13,54,0.0
local,distilroberta-base,distilroberta-base,1,1.0,13,55,0.0
local,distilroberta-base,distilroberta-base,1,1.0,13,56,0.0
local,distilroberta-base,distilroberta-base,1,1.0,13,57,0.0
local,distilroberta-base,distilroberta-base,1,1.0,13,58,0.0
local,distilroberta-base,distilroberta-base,1,1.0,13,59,0.0
local,distilroberta-base,distilroberta-base,1,1.0,13,60,0.0
local,distilroberta-base,distilroberta-base,1,1.0,13,61,0.0
local,distilroberta-base,distilroberta-base,1,1.0,13,62,0.0
local,distilroberta-base,distilroberta-base,1,1.0,13,63,0.0
local,distilroberta-base,distilroberta-base,1,1.0,13,64,0.0
local,distilroberta-base,distilroberta-base,1,1.0,13,65,0.0
local,distilroberta-base,distilroberta-base,1,1.0,13,66,0.0
local,distilroberta-base,distilroberta-base,1,1.0,13,67,0.0
local,distilroberta-base,distilroberta-base,1,1.0,13,68,0.0
local,distilroberta-base,distilroberta-base,1,1.0,13,69,0.0
local,distilroberta-base,distilroberta-base,1,1.0,13,70,0.0
local,distilroberta-base,distilroberta-base,1,1.0,13,71,0.0
local,distilroberta-base,distilroberta-base,1,1.0,13,72,0.0
local,distilroberta-base,distilroberta-base,1,1.0,13,73,0.0
local,distilroberta-base,distilroberta-base,1,1.0,13,74,0.0
local,distilroberta-base,distilroberta-base,1,1.0,13,75,0.0
local,distilroberta-base,distilroberta-base,1,1.0,13,76,0.0
local,distilroberta-base,distilroberta-base,1,1.0,13,77,0.0
local,distilroberta-base,distilroberta-base,1,1.0,13,78,0.0
local,distilroberta-base,distilroberta-base,1,1.0,13,79,0.0
local,distilroberta-base,distilroberta-base,1,1.0,13,80,0.0
local,distilroberta-base,distilroberta-base,1,1.0,13,81,0.0
local,distilroberta-base,distilroberta-base,1,1.0,13,82,0.0
local,distilroberta-base,distilroberta-base,1,1.0,13,83,0.0
local,distilroberta-base,distilroberta-base,1,1.0,13,84,0.0
local,distilroberta-base,distilroberta-base,1,1.0,13,85,0.0
local,distilroberta-base,distilroberta-base,1,1.0,13,86,0.0
local,distilroberta-base,distilroberta-base,1,1.0,13,87,0.0
local,distilroberta-base,distilroberta-base,1,1.0,13,88,0.0
local,distilroberta-base,distilroberta-base,1,1.0,13,89,0.0
local,distilroberta-base,distilroberta-base,1,1.0,13,90,0.0
local,distilroberta-base,distilroberta-base,1,1.0,13,91,0.0
local,distilroberta-base,distilroberta-base,1,1.0,13,92,0.0
local,distilroberta-base,distilroberta-base,1,1.0,13,93,0.0
local,distilroberta-base,distilroberta-base,1,1.0,13,94,0.0
local,distilroberta-base,distilroberta-base,1,1.0,13,95,0.0
local,distilroberta-base,distilroberta-base,1,1.0,13,96,0.0
local,distilroberta-base,distilroberta-base,1,1.0,13,97,0.0
local,distilroberta-base,distilroberta-base,1,1.0,13,98,0.0
local,distilroberta-base,distilroberta-base,1,1.0,13,99,0.0
local,distilroberta-base,distilroberta-base,1,1.0,13,100,0.0
local,distilroberta-base,distilroberta-base,1,1.0,13,101,0.0
local,distilroberta-base,distilroberta-base,1,1.0,13,102,0.0
local,distilroberta-base,distilroberta-base,1,1.0,13,103,0.0
local,distilroberta-base,distilroberta-base,1,1.0,13,104,0.0
local,distilroberta-base,distilroberta-base,1,1.0,13,105,0.0
local,distilroberta-base,distilroberta-base,1,1.0,13,106,0.0
local,distilroberta-base,distilroberta-base,1,1.0,13,107,0.0
local,distilroberta-base,distilroberta-base,1,1.0,13,108,0.0
local,distilroberta-base,distilroberta-base,1,1.0,13,109,0.0
local,distilroberta-base,distilroberta-base,1,1.0,13,110,0.0
local,distilroberta-base,distilroberta-base,1,1.0,13,111,0.0
local,distilroberta-base,distilroberta-base,1,1.0,13,112,0.0
local,distilroberta-base,distilroberta-base,1,1.0,13,113,0.0
local,distilroberta-base,distilroberta-base,1,1.0,13,114,0.0
local,distilroberta-base,distilroberta-base,1,1.0,13,115,0.0
local,distilroberta-base,distilroberta-base,1,1.0,13,116,0.0
local,distilroberta-base,distilroberta-base,1,1.0,13,117,0.0
local,distilroberta-base,distilroberta-base,1,1.0,13,118,0.0
local,distilroberta-base,distilroberta-base,1,1.0,13,119,0.0
local,distilroberta-base,distilroberta-base,1,1.0,13,120,0.0
local,distilroberta-base,distilroberta-base,1,1.0,14,0,1.0
local,distilroberta-base,distilroberta-base,1,1.0,14,1,2.0
local,distilroberta-base,distilroberta-base,1,1.0,14,2,1.0
local,distilroberta-base,distilroberta-base,1,1.0,14,3,3.0
local,distilroberta-base,distilroberta-base,1,1.0,14,4,1.0
local,distilroberta-base,distilroberta-base,1,1.0,14,5,0.0
local,distilroberta-base,distilroberta-base,1,1.0,14,6,0.0
local,distilroberta-base,distilroberta-base,1,1.0,14,7,0.0
local,distilroberta-base,distilroberta-base,1,1.0,14,8,0.0
local,distilroberta-base,distilroberta-base,1,1.0,14,9,0.0
local,distilroberta-base,distilroberta-base,1,1.0,14,10,0.0
local,distilroberta-base,distilroberta-base,1,1.0,14,11,0.0
local,distilroberta-base,distilroberta-base,1,1.0,14,12,0.0
local,distilroberta-base,distilroberta-base,1,1.0,14,13,0.0
local,distilroberta-base,distilroberta-base,1,1.0,14,14,0.0
local,distilroberta-base,distilroberta-base,1,1.0,14,15,0.0
local,distilroberta-base,distilroberta-base,1,1.0,14,16,0.0
local,distilroberta-base,distilroberta-base,1,1.0,14,17,0.0
local,distilroberta-base,distilroberta-base,1,1.0,14,18,0.0
local,distilroberta-base,distilroberta-base,1,1.0,14,19,0.0
local,distilroberta-base,distilroberta-base,1,1.0,14,20,0.0
local,distilroberta-base,distilroberta-base,1,1.0,14,21,0.0
local,distilroberta-base,distilroberta-base,1,1.0,14,22,0.0
local,distilroberta-base,distilroberta-base,1,1.0,14,23,0.0
local,distilroberta-base,distilroberta-base,1,1.0,14,24,0.0
local,distilroberta-base,distilroberta-base,1,1.0,14,25,0.0
local,distilroberta-base,distilroberta-base,1,1.0,14,26,0.0
local,distilroberta-base,distilroberta-base,1,1.0,14,27,0.0
local,distilroberta-base,distilroberta-base,1,1.0,14,28,0.0
local,distilroberta-base,distilroberta-base,1,1.0,14,29,0.0
local,distilroberta-base,distilroberta-base,1,1.0,14,30,0.0
local,distilroberta-base,distilroberta-base,1,1.0,14,31,0.0
local,distilroberta-base,distilroberta-base,1,1.0,14,32,0.0
local,distilroberta-base,distilroberta-base,1,1.0,14,33,0.0
local,distilroberta-base,distilroberta-base,1,1.0,14,34,0.0
local,distilroberta-base,distilroberta-base,1,1.0,14,35,0.0
local,distilroberta-base,distilroberta-base,1,1.0,14,36,0.0
local,distilroberta-base,distilroberta-base,1,1.0,14,37,0.0
local,distilroberta-base,distilroberta-base,1,1.0,14,38,0.0
local,distilroberta-base,distilroberta-base,1,1.0,14,39,0.0
local,distilroberta-base,distilroberta-base,1,1.0,14,40,0.0
local,distilroberta-base,distilroberta-base,1,1.0,14,41,0.0
local,distilroberta-base,distilroberta-base,1,1.0,14,42,0.0
local,distilroberta-base,distilroberta-base,1,1.0,14,43,0.0
local,distilroberta-base,distilroberta-base,1,1.0,14,44,0.0
local,distilroberta-base,distilroberta-base,1,1.0,14,45,0.0
local,distilroberta-base,distilroberta-base,1,1.0,14,46,0.0
local,distilroberta-base,distilroberta-base,1,1.0,14,47,0.0
local,distilroberta-base,distilroberta-base,1,1.0,14,48,0.0
local,distilroberta-base,distilroberta-base,1,1.0,14,49,0.0
local,distilroberta-base,distilroberta-base,1,1.0,14,50,0.0
local,distilroberta-base,distilroberta-base,1,1.0,14,51,0.0
local,distilroberta-base,distilroberta-base,1,1.0,14,52,0.0
local,distilroberta-base,distilroberta-base,1,1.0,14,53,0.0
local,distilroberta-base,distilroberta-base,1,1.0,14,54,0.0
local,distilroberta-base,distilroberta-base,1,1.0,14,55,0.0
local,distilroberta-base,distilroberta-base,1,1.0,14,56,0.0
local,distilroberta-base,distilroberta-base,1,1.0,14,57,0.0
local,distilroberta-base,distilroberta-base,1,1.0,14,58,0.0
local,distilroberta-base,distilroberta-base,1,1.0,14,59,0.0
local,distilroberta-base,distilroberta-base,1,1.0,14,60,0.0
local,distilroberta-base,distilroberta-base,1,1.0,14,61,0.0
local,distilroberta-base,distilroberta-base,1,1.0,14,62,0.0
local,distilroberta-base,distilroberta-base,1,1.0,14,63,0.0
local,distilroberta-base,distilroberta-base,1,1.0,14,64,0.0
local,distilroberta-base,distilroberta-base,1,1.0,14,65,0.0
local,distilroberta-base,distilroberta-base,1,1.0,14,66,0.0
local,distilroberta-base,distilroberta-base,1,1.0,14,67,0.0
local,distilroberta-base,distilroberta-base,1,1.0,14,68,0.0
local,distilroberta-base,distilroberta-base,1,1.0,14,69,0.0
local,distilroberta-base,distilroberta-base,1,1.0,14,70,0.0
local,distilroberta-base,distilroberta-base,1,1.0,14,71,0.0
local,distilroberta-base,distilroberta-base,1,1.0,14,72,0.0
local,distilroberta-base,distilroberta-base,1,1.0,14,73,0.0
local,distilroberta-base,distilroberta-base,1,1.0,14,74,0.0
local,distilroberta-base,distilroberta-base,1,1.0,14,75,0.0
local,distilroberta-base,distilroberta-base,1,1.0,14,76,0.0
local,distilroberta-base,distilroberta-base,1,1.0,14,77,0.0
local,distilroberta-base,distilroberta-base,1,1.0,14,78,0.0
local,distilroberta-base,distilroberta-base,1,1.0,14,79,0.0
local,distilroberta-base,distilroberta-base,1,1.0,14,80,0.0
local,distilroberta-base,distilroberta-base,1,1.0,14,81,0.0
local,distilroberta-base,distilroberta-base,1,1.0,14,82,0.0
local,distilroberta-base,distilroberta-base,1,1.0,14,83,0.0
local,distilroberta-base,distilroberta-base,1,1.0,14,84,0.0
local,distilroberta-base,distilroberta-base,1,1.0,14,85,0.0
local,distilroberta-base,distilroberta-base,1,1.0,14,86,0.0
local,distilroberta-base,distilroberta-base,1,1.0,14,87,0.0
local,distilroberta-base,distilroberta-base,1,1.0,14,88,0.0
local,distilroberta-base,distilroberta-base,1,1.0,14,89,0.0
local,distilroberta-base,distilroberta-base,1,1.0,14,90,0.0
local,distilroberta-base,distilroberta-base,1,1.0,14,91,0.0
local,distilroberta-base,distilroberta-base,1,1.0,14,92,0.0
local,distilroberta-base,distilroberta-base,1,1.0,14,93,0.0
local,distilroberta-base,distilroberta-base,1,1.0,14,94,0.0
local,distilroberta-base,distilroberta-base,1,1.0,14,95,0.0
local,distilroberta-base,distilroberta-base,1,1.0,14,96,0.0
local,distilroberta-base,distilroberta-base,1,1.0,14,97,0.0
local,distilroberta-base,distilroberta-base,1,1.0,14,98,0.0
local,distilroberta-base,distilroberta-base,1,1.0,14,99,0.0
local,distilroberta-base,distilroberta-base,1,1.0,14,100,0.0
local,distilroberta-base,distilroberta-base,1,1.0,14,101,0.0
local,distilroberta-base,distilroberta-base,1,1.0,14,102,0.0
local,distilroberta-base,distilroberta-base,1,1.0,14,103,0.0
local,distilroberta-base,distilroberta-base,1,1.0,14,104,0.0
local,distilroberta-base,distilroberta-base,1,1.0,14,105,0.0
local,distilroberta-base,distilroberta-base,1,1.0,14,106,0.0
local,distilroberta-base,distilroberta-base,1,1.0,14,107,0.0
local,distilroberta-base,distilroberta-base,1,1.0,14,108,0.0
local,distilroberta-base,distilroberta-base,1,1.0,14,109,0.0
local,distilroberta-base,distilroberta-base,1,1.0,14,110,0.0
local,distilroberta-base,distilroberta-base,1,1.0,14,111,0.0
local,distilroberta-base,distilroberta-base,1,1.0,14,112,0.0
local,distilroberta-base,distilroberta-base,1,1.0,14,113,0.0
local,distilroberta-base,distilroberta-base,1,1.0,14,114,0.0
local,distilroberta-base,distilroberta-base,1,1.0,14,115,0.0
local,distilroberta-base,distilroberta-base,1,1.0,14,116,0.0
local,distilroberta-base,distilroberta-base,1,1.0,14,117,0.0
local,distilroberta-base,distilroberta-base,1,1.0,14,118,0.0
local,distilroberta-base,distilroberta-base,1,1.0,14,119,0.0
local,distilroberta-base,distilroberta-base,1,1.0,14,120,0.0
local,distilroberta-base,distilroberta-base,1,1.0,15,0,1.0
local,distilroberta-base,distilroberta-base,1,1.0,15,1,3.0
local,distilroberta-base,distilroberta-base,1,1.0,15,2,5.0
local,distilroberta-base,distilroberta-base,1,1.0,15,3,2.0
local,distilroberta-base,distilroberta-base,1,1.0,15,4,2.0
local,distilroberta-base,distilroberta-base,1,1.0,15,5,1.0
local,distilroberta-base,distilroberta-base,1,1.0,15,6,1.0
local,distilroberta-base,distilroberta-base,1,1.0,15,7,0.0
local,distilroberta-base,distilroberta-base,1,1.0,15,8,0.0
local,distilroberta-base,distilroberta-base,1,1.0,15,9,0.0
local,distilroberta-base,distilroberta-base,1,1.0,15,10,0.0
local,distilroberta-base,distilroberta-base,1,1.0,15,11,0.0
local,distilroberta-base,distilroberta-base,1,1.0,15,12,0.0
local,distilroberta-base,distilroberta-base,1,1.0,15,13,0.0
local,distilroberta-base,distilroberta-base,1,1.0,15,14,0.0
local,distilroberta-base,distilroberta-base,1,1.0,15,15,0.0
local,distilroberta-base,distilroberta-base,1,1.0,15,16,0.0
local,distilroberta-base,distilroberta-base,1,1.0,15,17,0.0
local,distilroberta-base,distilroberta-base,1,1.0,15,18,0.0
local,distilroberta-base,distilroberta-base,1,1.0,15,19,0.0
local,distilroberta-base,distilroberta-base,1,1.0,15,20,0.0
local,distilroberta-base,distilroberta-base,1,1.0,15,21,0.0
local,distilroberta-base,distilroberta-base,1,1.0,15,22,0.0
local,distilroberta-base,distilroberta-base,1,1.0,15,23,0.0
local,distilroberta-base,distilroberta-base,1,1.0,15,24,0.0
local,distilroberta-base,distilroberta-base,1,1.0,15,25,0.0
local,distilroberta-base,distilroberta-base,1,1.0,15,26,0.0
local,distilroberta-base,distilroberta-base,1,1.0,15,27,0.0
local,distilroberta-base,distilroberta-base,1,1.0,15,28,0.0
local,distilroberta-base,distilroberta-base,1,1.0,15,29,0.0
local,distilroberta-base,distilroberta-base,1,1.0,15,30,0.0
local,distilroberta-base,distilroberta-base,1,1.0,15,31,0.0
local,distilroberta-base,distilroberta-base,1,1.0,15,32,0.0
local,distilroberta-base,distilroberta-base,1,1.0,15,33,0.0
local,distilroberta-base,distilroberta-base,1,1.0,15,34,0.0
local,distilroberta-base,distilroberta-base,1,1.0,15,35,0.0
local,distilroberta-base,distilroberta-base,1,1.0,15,36,0.0
local,distilroberta-base,distilroberta-base,1,1.0,15,37,0.0
local,distilroberta-base,distilroberta-base,1,1.0,15,38,0.0
local,distilroberta-base,distilroberta-base,1,1.0,15,39,0.0
local,distilroberta-base,distilroberta-base,1,1.0,15,40,0.0
local,distilroberta-base,distilroberta-base,1,1.0,15,41,0.0
local,distilroberta-base,distilroberta-base,1,1.0,15,42,0.0
local,distilroberta-base,distilroberta-base,1,1.0,15,43,0.0
local,distilroberta-base,distilroberta-base,1,1.0,15,44,0.0
local,distilroberta-base,distilroberta-base,1,1.0,15,45,0.0
local,distilroberta-base,distilroberta-base,1,1.0,15,46,0.0
local,distilroberta-base,distilroberta-base,1,1.0,15,47,0.0
local,distilroberta-base,distilroberta-base,1,1.0,15,48,0.0
local,distilroberta-base,distilroberta-base,1,1.0,15,49,0.0
local,distilroberta-base,distilroberta-base,1,1.0,15,50,0.0
local,distilroberta-base,distilroberta-base,1,1.0,15,51,0.0
local,distilroberta-base,distilroberta-base,1,1.0,15,52,0.0
local,distilroberta-base,distilroberta-base,1,1.0,15,53,0.0
local,distilroberta-base,distilroberta-base,1,1.0,15,54,0.0
local,distilroberta-base,distilroberta-base,1,1.0,15,55,0.0
local,distilroberta-base,distilroberta-base,1,1.0,15,56,0.0
local,distilroberta-base,distilroberta-base,1,1.0,15,57,0.0
local,distilroberta-base,distilroberta-base,1,1.0,15,58,0.0
local,distilroberta-base,distilroberta-base,1,1.0,15,59,0.0
local,distilroberta-base,distilroberta-base,1,1.0,15,60,0.0
local,distilroberta-base,distilroberta-base,1,1.0,15,61,0.0
local,distilroberta-base,distilroberta-base,1,1.0,15,62,0.0
local,distilroberta-base,distilroberta-base,1,1.0,15,63,0.0
local,distilroberta-base,distilroberta-base,1,1.0,15,64,0.0
local,distilroberta-base,distilroberta-base,1,1.0,15,65,0.0
local,distilroberta-base,distilroberta-base,1,1.0,15,66,0.0
local,distilroberta-base,distilroberta-base,1,1.0,15,67,0.0
local,distilroberta-base,distilroberta-base,1,1.0,15,68,0.0
local,distilroberta-base,distilroberta-base,1,1.0,15,69,0.0
local,distilroberta-base,distilroberta-base,1,1.0,15,70,0.0
local,distilroberta-base,distilroberta-base,1,1.0,15,71,0.0
local,distilroberta-base,distilroberta-base,1,1.0,15,72,0.0
local,distilroberta-base,distilroberta-base,1,1.0,15,73,0.0
local,distilroberta-base,distilroberta-base,1,1.0,15,74,0.0
local,distilroberta-base,distilroberta-base,1,1.0,15,75,0.0
local,distilroberta-base,distilroberta-base,1,1.0,15,76,0.0
local,distilroberta-base,distilroberta-base,1,1.0,15,77,0.0
local,distilroberta-base,distilroberta-base,1,1.0,15,78,0.0
local,distilroberta-base,distilroberta-base,1,1.0,15,79,0.0
local,distilroberta-base,distilroberta-base,1,1.0,15,80,0.0
local,distilroberta-base,distilroberta-base,1,1.0,15,81,0.0
local,distilroberta-base,distilroberta-base,1,1.0,15,82,0.0
local,distilroberta-base,distilroberta-base,1,1.0,15,83,0.0
local,distilroberta-base,distilroberta-base,1,1.0,15,84,0.0
local,distilroberta-base,distilroberta-base,1,1.0,15,85,0.0
local,distilroberta-base,distilroberta-base,1,1.0,15,86,0.0
local,distilroberta-base,distilroberta-base,1,1.0,15,87,0.0
local,distilroberta-base,distilroberta-base,1,1.0,15,88,0.0
local,distilroberta-base,distilroberta-base,1,1.0,15,89,0.0
local,distilroberta-base,distilroberta-base,1,1.0,15,90,0.0
local,distilroberta-base,distilroberta-base,1,1.0,15,91,0.0
local,distilroberta-base,distilroberta-base,1,1.0,15,92,0.0
local,distilroberta-base,distilroberta-base,1,1.0,15,93,0.0
local,distilroberta-base,distilroberta-base,1,1.0,15,94,0.0
local,distilroberta-base,distilroberta-base,1,1.0,15,95,0.0
local,distilroberta-base,distilroberta-base,1,1.0,15,96,0.0
local,distilroberta-base,distilroberta-base,1,1.0,15,97,0.0
local,distilroberta-base,distilroberta-base,1,1.0,15,98,0.0
local,distilroberta-base,distilroberta-base,1,1.0,15,99,0.0
local,distilroberta-base,distilroberta-base,1,1.0,15,100,0.0
local,distilroberta-base,distilroberta-base,1,1.0,15,101,0.0
local,distilroberta-base,distilroberta-base,1,1.0,15,102,0.0
local,distilroberta-base,distilroberta-base,1,1.0,15,103,0.0
local,distilroberta-base,distilroberta-base,1,1.0,15,104,0.0
local,distilroberta-base,distilroberta-base,1,1.0,15,105,0.0
local,distilroberta-base,distilroberta-base,1,1.0,15,106,0.0
local,distilroberta-base,distilroberta-base,1,1.0,15,107,0.0
local,distilroberta-base,distilroberta-base,1,1.0,15,108,0.0
local,distilroberta-base,distilroberta-base,1,1.0,15,109,0.0
local,distilroberta-base,distilroberta-base,1,1.0,15,110,0.0
local,distilroberta-base,distilroberta-base,1,1.0,15,111,0.0
local,distilroberta-base,distilroberta-base,1,1.0,15,112,0.0
local,distilroberta-base,distilroberta-base,1,1.0,15,113,0.0
local,distilroberta-base,distilroberta-base,1,1.0,15,114,0.0
local,distilroberta-base,distilroberta-base,1,1.0,15,115,0.0
local,distilroberta-base,distilroberta-base,1,1.0,15,116,0.0
local,distilroberta-base,distilroberta-base,1,1.0,15,117,0.0
local,distilroberta-base,distilroberta-base,1,1.0,15,118,0.0
local,distilroberta-base,distilroberta-base,1,1.0,15,119,0.0
local,distilroberta-base,distilroberta-base,1,1.0,15,120,0.0
local,distilroberta-base,distilroberta-base,2,1.0,0,0,1.0
local,distilroberta-base,distilroberta-base,2,1.0,0,1,4.0
local,distilroberta-base,distilroberta-base,2,1.0,0,2,13.0
local,distilroberta-base,distilroberta-base,2,1.0,0,3,19.0
local,distilroberta-base,distilroberta-base,2,1.0,0,4,27.0
local,distilroberta-base,distilroberta-base,2,1.0,0,5,22.0
local,distilroberta-base,distilroberta-base,2,1.0,0,6,21.0
local,distilroberta-base,distilroberta-base,2,1.0,0,7,21.0
local,distilroberta-base,distilroberta-base,2,1.0,0,8,18.0
local,distilroberta-base,distilroberta-base,2,1.0,0,9,16.0
local,distilroberta-base,distilroberta-base,2,1.0,0,10,21.0
local,distilroberta-base,distilroberta-base,2,1.0,0,11,27.0
local,distilroberta-base,distilroberta-base,2,1.0,0,12,26.0
local,distilroberta-base,distilroberta-base,2,1.0,0,13,20.0
local,distilroberta-base,distilroberta-base,2,1.0,0,14,17.0
local,distilroberta-base,distilroberta-base,2,1.0,0,15,22.0
local,distilroberta-base,distilroberta-base,2,1.0,0,16,19.0
local,distilroberta-base,distilroberta-base,2,1.0,0,17,21.0
local,distilroberta-base,distilroberta-base,2,1.0,0,18,22.0
local,distilroberta-base,distilroberta-base,2,1.0,0,19,25.0
local,distilroberta-base,distilroberta-base,2,1.0,0,20,22.0
local,distilroberta-base,distilroberta-base,2,1.0,0,21,21.0
local,distilroberta-base,distilroberta-base,2,1.0,0,22,28.0
local,distilroberta-base,distilroberta-base,2,1.0,0,23,25.0
local,distilroberta-base,distilroberta-base,2,1.0,0,24,23.0
local,distilroberta-base,distilroberta-base,2,1.0,0,25,22.0
local,distilroberta-base,distilroberta-base,2,1.0,0,26,17.0
local,distilroberta-base,distilroberta-base,2,1.0,0,27,14.0
local,distilroberta-base,distilroberta-base,2,1.0,0,28,21.0
local,distilroberta-base,distilroberta-base,2,1.0,0,29,32.0
local,distilroberta-base,distilroberta-base,2,1.0,0,30,25.0
local,distilroberta-base,distilroberta-base,2,1.0,0,31,25.0
local,distilroberta-base,distilroberta-base,2,1.0,0,32,21.0
local,distilroberta-base,distilroberta-base,2,1.0,0,33,24.0
local,distilroberta-base,distilroberta-base,2,1.0,0,34,25.0
local,distilroberta-base,distilroberta-base,2,1.0,0,35,20.0
local,distilroberta-base,distilroberta-base,2,1.0,0,36,18.0
local,distilroberta-base,distilroberta-base,2,1.0,0,37,20.0
local,distilroberta-base,distilroberta-base,2,1.0,0,38,18.0
local,distilroberta-base,distilroberta-base,2,1.0,0,39,20.0
local,distilroberta-base,distilroberta-base,2,1.0,0,40,23.0
local,distilroberta-base,distilroberta-base,2,1.0,0,41,25.0
local,distilroberta-base,distilroberta-base,2,1.0,0,42,22.0
local,distilroberta-base,distilroberta-base,2,1.0,0,43,15.0
local,distilroberta-base,distilroberta-base,2,1.0,0,44,19.0
local,distilroberta-base,distilroberta-base,2,1.0,0,45,16.0
local,distilroberta-base,distilroberta-base,2,1.0,0,46,13.0
local,distilroberta-base,distilroberta-base,2,1.0,0,47,8.0
local,distilroberta-base,distilroberta-base,2,1.0,0,48,7.0
local,distilroberta-base,distilroberta-base,2,1.0,0,49,6.0
local,distilroberta-base,distilroberta-base,2,1.0,0,50,6.0
local,distilroberta-base,distilroberta-base,2,1.0,0,51,4.0
local,distilroberta-base,distilroberta-base,2,1.0,0,52,5.0
local,distilroberta-base,distilroberta-base,2,1.0,0,53,5.0
local,distilroberta-base,distilroberta-base,2,1.0,0,54,6.0
local,distilroberta-base,distilroberta-base,2,1.0,0,55,4.0
local,distilroberta-base,distilroberta-base,2,1.0,0,56,6.0
local,distilroberta-base,distilroberta-base,2,1.0,0,57,5.0
local,distilroberta-base,distilroberta-base,2,1.0,0,58,6.0
local,distilroberta-base,distilroberta-base,2,1.0,0,59,5.0
local,distilroberta-base,distilroberta-base,2,1.0,0,60,5.0
local,distilroberta-base,distilroberta-base,2,1.0,0,61,6.0
local,distilroberta-base,distilroberta-base,2,1.0,0,62,6.0
local,distilroberta-base,distilroberta-base,2,1.0,0,63,8.0
local,distilroberta-base,distilroberta-base,2,1.0,0,64,6.0
local,distilroberta-base,distilroberta-base,2,1.0,0,65,7.0
local,distilroberta-base,distilroberta-base,2,1.0,0,66,11.0
local,distilroberta-base,distilroberta-base,2,1.0,0,67,12.0
local,distilroberta-base,distilroberta-base,2,1.0,0,68,12.0
local,distilroberta-base,distilroberta-base,2,1.0,0,69,15.0
local,distilroberta-base,distilroberta-base,2,1.0,0,70,16.0
local,distilroberta-base,distilroberta-base,2,1.0,0,71,23.0
local,distilroberta-base,distilroberta-base,2,1.0,0,72,20.0
local,distilroberta-base,distilroberta-base,2,1.0,0,73,24.0
local,distilroberta-base,distilroberta-base,2,1.0,0,74,27.0
local,distilroberta-base,distilroberta-base,2,1.0,0,75,22.0
local,distilroberta-base,distilroberta-base,2,1.0,0,76,24.0
local,distilroberta-base,distilroberta-base,2,1.0,0,77,24.0
local,distilroberta-base,distilroberta-base,2,1.0,0,78,20.0
local,distilroberta-base,distilroberta-base,2,1.0,0,79,21.0
local,distilroberta-base,distilroberta-base,2,1.0,0,80,18.0
local,distilroberta-base,distilroberta-base,2,1.0,0,81,16.0
local,distilroberta-base,distilroberta-base,2,1.0,0,82,21.0
local,distilroberta-base,distilroberta-base,2,1.0,0,83,21.0
local,distilroberta-base,distilroberta-base,2,1.0,0,84,19.0
local,distilroberta-base,distilroberta-base,2,1.0,0,85,22.0
local,distilroberta-base,distilroberta-base,2,1.0,0,86,20.0
local,distilroberta-base,distilroberta-base,2,1.0,0,87,18.0
local,distilroberta-base,distilroberta-base,2,1.0,0,88,18.0
local,distilroberta-base,distilroberta-base,2,1.0,0,89,21.0
local,distilroberta-base,distilroberta-base,2,1.0,0,90,22.0
local,distilroberta-base,distilroberta-base,2,1.0,0,91,21.0
local,distilroberta-base,distilroberta-base,2,1.0,0,92,21.0
local,distilroberta-base,distilroberta-base,2,1.0,0,93,18.0
local,distilroberta-base,distilroberta-base,2,1.0,0,94,18.0
local,distilroberta-base,distilroberta-base,2,1.0,0,95,15.0
local,distilroberta-base,distilroberta-base,2,1.0,0,96,18.0
local,distilroberta-base,distilroberta-base,2,1.0,0,97,14.0
local,distilroberta-base,distilroberta-base,2,1.0,0,98,16.0
local,distilroberta-base,distilroberta-base,2,1.0,0,99,17.0
local,distilroberta-base,distilroberta-base,2,1.0,0,100,18.0
local,distilroberta-base,distilroberta-base,2,1.0,0,101,14.0
local,distilroberta-base,distilroberta-base,2,1.0,0,102,12.0
local,distilroberta-base,distilroberta-base,2,1.0,0,103,13.0
local,distilroberta-base,distilroberta-base,2,1.0,0,104,17.0
local,distilroberta-base,distilroberta-base,2,1.0,0,105,21.0
local,distilroberta-base,distilroberta-base,2,1.0,0,106,23.0
local,distilroberta-base,distilroberta-base,2,1.0,0,107,26.0
local,distilroberta-base,distilroberta-base,2,1.0,0,108,25.0
local,distilroberta-base,distilroberta-base,2,1.0,0,109,23.0
local,distilroberta-base,distilroberta-base,2,1.0,0,110,28.0
local,distilroberta-base,distilroberta-base,2,1.0,0,111,26.0
local,distilroberta-base,distilroberta-base,2,1.0,0,112,16.0
local,distilroberta-base,distilroberta-base,2,1.0,0,113,18.0
local,distilroberta-base,distilroberta-base,2,1.0,0,114,21.0
local,distilroberta-base,distilroberta-base,2,1.0,0,115,21.0
local,distilroberta-base,distilroberta-base,2,1.0,0,116,27.0
local,distilroberta-base,distilroberta-base,2,1.0,0,117,19.0
local,distilroberta-base,distilroberta-base,2,1.0,0,118,18.0
local,distilroberta-base,distilroberta-base,2,1.0,0,119,17.0
local,distilroberta-base,distilroberta-base,2,1.0,0,120,20.0
local,distilroberta-base,distilroberta-base,2,1.0,1,0,1.0
local,distilroberta-base,distilroberta-base,2,1.0,1,1,2.0
local,distilroberta-base,distilroberta-base,2,1.0,1,2,7.0
local,distilroberta-base,distilroberta-base,2,1.0,1,3,10.0
local,distilroberta-base,distilroberta-base,2,1.0,1,4,20.0
local,distilroberta-base,distilroberta-base,2,1.0,1,5,20.0
local,distilroberta-base,distilroberta-base,2,1.0,1,6,24.0
local,distilroberta-base,distilroberta-base,2,1.0,1,7,22.0
local,distilroberta-base,distilroberta-base,2,1.0,1,8,18.0
local,distilroberta-base,distilroberta-base,2,1.0,1,9,19.0
local,distilroberta-base,distilroberta-base,2,1.0,1,10,19.0
local,distilroberta-base,distilroberta-base,2,1.0,1,11,16.0
local,distilroberta-base,distilroberta-base,2,1.0,1,12,21.0
local,distilroberta-base,distilroberta-base,2,1.0,1,13,21.0
local,distilroberta-base,distilroberta-base,2,1.0,1,14,24.0
local,distilroberta-base,distilroberta-base,2,1.0,1,15,23.0
local,distilroberta-base,distilroberta-base,2,1.0,1,16,18.0
local,distilroberta-base,distilroberta-base,2,1.0,1,17,23.0
local,distilroberta-base,distilroberta-base,2,1.0,1,18,27.0
local,distilroberta-base,distilroberta-base,2,1.0,1,19,27.0
local,distilroberta-base,distilroberta-base,2,1.0,1,20,20.0
local,distilroberta-base,distilroberta-base,2,1.0,1,21,22.0
local,distilroberta-base,distilroberta-base,2,1.0,1,22,28.0
local,distilroberta-base,distilroberta-base,2,1.0,1,23,27.0
local,distilroberta-base,distilroberta-base,2,1.0,1,24,24.0
local,distilroberta-base,distilroberta-base,2,1.0,1,25,24.0
local,distilroberta-base,distilroberta-base,2,1.0,1,26,20.0
local,distilroberta-base,distilroberta-base,2,1.0,1,27,18.0
local,distilroberta-base,distilroberta-base,2,1.0,1,28,23.0
local,distilroberta-base,distilroberta-base,2,1.0,1,29,16.0
local,distilroberta-base,distilroberta-base,2,1.0,1,30,20.0
local,distilroberta-base,distilroberta-base,2,1.0,1,31,19.0
local,distilroberta-base,distilroberta-base,2,1.0,1,32,17.0
local,distilroberta-base,distilroberta-base,2,1.0,1,33,15.0
local,distilroberta-base,distilroberta-base,2,1.0,1,34,16.0
local,distilroberta-base,distilroberta-base,2,1.0,1,35,19.0
local,distilroberta-base,distilroberta-base,2,1.0,1,36,22.0
local,distilroberta-base,distilroberta-base,2,1.0,1,37,19.0
local,distilroberta-base,distilroberta-base,2,1.0,1,38,17.0
local,distilroberta-base,distilroberta-base,2,1.0,1,39,20.0
local,distilroberta-base,distilroberta-base,2,1.0,1,40,19.0
local,distilroberta-base,distilroberta-base,2,1.0,1,41,15.0
local,distilroberta-base,distilroberta-base,2,1.0,1,42,18.0
local,distilroberta-base,distilroberta-base,2,1.0,1,43,22.0
local,distilroberta-base,distilroberta-base,2,1.0,1,44,18.0
local,distilroberta-base,distilroberta-base,2,1.0,1,45,16.0
local,distilroberta-base,distilroberta-base,2,1.0,1,46,25.0
local,distilroberta-base,distilroberta-base,2,1.0,1,47,23.0
local,distilroberta-base,distilroberta-base,2,1.0,1,48,18.0
local,distilroberta-base,distilroberta-base,2,1.0,1,49,21.0
local,distilroberta-base,distilroberta-base,2,1.0,1,50,18.0
local,distilroberta-base,distilroberta-base,2,1.0,1,51,17.0
local,distilroberta-base,distilroberta-base,2,1.0,1,52,18.0
local,distilroberta-base,distilroberta-base,2,1.0,1,53,20.0
local,distilroberta-base,distilroberta-base,2,1.0,1,54,25.0
local,distilroberta-base,distilroberta-base,2,1.0,1,55,17.0
local,distilroberta-base,distilroberta-base,2,1.0,1,56,15.0
local,distilroberta-base,distilroberta-base,2,1.0,1,57,15.0
local,distilroberta-base,distilroberta-base,2,1.0,1,58,20.0
local,distilroberta-base,distilroberta-base,2,1.0,1,59,21.0
local,distilroberta-base,distilroberta-base,2,1.0,1,60,11.0
local,distilroberta-base,distilroberta-base,2,1.0,1,61,17.0
local,distilroberta-base,distilroberta-base,2,1.0,1,62,13.0
local,distilroberta-base,distilroberta-base,2,1.0,1,63,12.0
local,distilroberta-base,distilroberta-base,2,1.0,1,64,21.0
local,distilroberta-base,distilroberta-base,2,1.0,1,65,22.0
local,distilroberta-base,distilroberta-base,2,1.0,1,66,23.0
local,distilroberta-base,distilroberta-base,2,1.0,1,67,18.0
local,distilroberta-base,distilroberta-base,2,1.0,1,68,17.0
local,distilroberta-base,distilroberta-base,2,1.0,1,69,25.0
local,distilroberta-base,distilroberta-base,2,1.0,1,70,22.0
local,distilroberta-base,distilroberta-base,2,1.0,1,71,21.0
local,distilroberta-base,distilroberta-base,2,1.0,1,72,24.0
local,distilroberta-base,distilroberta-base,2,1.0,1,73,24.0
local,distilroberta-base,distilroberta-base,2,1.0,1,74,24.0
local,distilroberta-base,distilroberta-base,2,1.0,1,75,24.0
local,distilroberta-base,distilroberta-base,2,1.0,1,76,22.0
local,distilroberta-base,distilroberta-base,2,1.0,1,77,15.0
local,distilroberta-base,distilroberta-base,2,1.0,1,78,15.0
local,distilroberta-base,distilroberta-base,2,1.0,1,79,21.0
local,distilroberta-base,distilroberta-base,2,1.0,1,80,16.0
local,distilroberta-base,distilroberta-base,2,1.0,1,81,17.0
local,distilroberta-base,distilroberta-base,2,1.0,1,82,12.0
local,distilroberta-base,distilroberta-base,2,1.0,1,83,16.0
local,distilroberta-base,distilroberta-base,2,1.0,1,84,17.0
local,distilroberta-base,distilroberta-base,2,1.0,1,85,18.0
local,distilroberta-base,distilroberta-base,2,1.0,1,86,24.0
local,distilroberta-base,distilroberta-base,2,1.0,1,87,22.0
local,distilroberta-base,distilroberta-base,2,1.0,1,88,30.0
local,distilroberta-base,distilroberta-base,2,1.0,1,89,24.0
local,distilroberta-base,distilroberta-base,2,1.0,1,90,26.0
local,distilroberta-base,distilroberta-base,2,1.0,1,91,31.0
local,distilroberta-base,distilroberta-base,2,1.0,1,92,26.0
local,distilroberta-base,distilroberta-base,2,1.0,1,93,22.0
local,distilroberta-base,distilroberta-base,2,1.0,1,94,22.0
local,distilroberta-base,distilroberta-base,2,1.0,1,95,22.0
local,distilroberta-base,distilroberta-base,2,1.0,1,96,19.0
local,distilroberta-base,distilroberta-base,2,1.0,1,97,28.0
local,distilroberta-base,distilroberta-base,2,1.0,1,98,23.0
local,distilroberta-base,distilroberta-base,2,1.0,1,99,24.0
local,distilroberta-base,distilroberta-base,2,1.0,1,100,23.0
local,distilroberta-base,distilroberta-base,2,1.0,1,101,22.0
local,distilroberta-base,distilroberta-base,2,1.0,1,102,18.0
local,distilroberta-base,distilroberta-base,2,1.0,1,103,18.0
local,distilroberta-base,distilroberta-base,2,1.0,1,104,17.0
local,distilroberta-base,distilroberta-base,2,1.0,1,105,15.0
local,distilroberta-base,distilroberta-base,2,1.0,1,106,18.0
local,distilroberta-base,distilroberta-base,2,1.0,1,107,23.0
local,distilroberta-base,distilroberta-base,2,1.0,1,108,18.0
local,distilroberta-base,distilroberta-base,2,1.0,1,109,14.0
local,distilroberta-base,distilroberta-base,2,1.0,1,110,14.0
local,distilroberta-base,distilroberta-base,2,1.0,1,111,19.0
local,distilroberta-base,distilroberta-base,2,1.0,1,112,22.0
local,distilroberta-base,distilroberta-base,2,1.0,1,113,26.0
local,distilroberta-base,distilroberta-base,2,1.0,1,114,23.0
local,distilroberta-base,distilroberta-base,2,1.0,1,115,25.0
local,distilroberta-base,distilroberta-base,2,1.0,1,116,27.0
local,distilroberta-base,distilroberta-base,2,1.0,1,117,25.0
local,distilroberta-base,distilroberta-base,2,1.0,1,118,26.0
local,distilroberta-base,distilroberta-base,2,1.0,1,119,28.0
local,distilroberta-base,distilroberta-base,2,1.0,1,120,20.0
local,distilroberta-base,distilroberta-base,2,1.0,2,0,1.0
local,distilroberta-base,distilroberta-base,2,1.0,2,1,1.0
local,distilroberta-base,distilroberta-base,2,1.0,2,2,3.0
local,distilroberta-base,distilroberta-base,2,1.0,2,3,5.0
local,distilroberta-base,distilroberta-base,2,1.0,2,4,6.0
local,distilroberta-base,distilroberta-base,2,1.0,2,5,6.0
local,distilroberta-base,distilroberta-base,2,1.0,2,6,8.0
local,distilroberta-base,distilroberta-base,2,1.0,2,7,13.0
local,distilroberta-base,distilroberta-base,2,1.0,2,8,18.0
local,distilroberta-base,distilroberta-base,2,1.0,2,9,22.0
local,distilroberta-base,distilroberta-base,2,1.0,2,10,23.0
local,distilroberta-base,distilroberta-base,2,1.0,2,11,20.0
local,distilroberta-base,distilroberta-base,2,1.0,2,12,24.0
local,distilroberta-base,distilroberta-base,2,1.0,2,13,28.0
local,distilroberta-base,distilroberta-base,2,1.0,2,14,23.0
local,distilroberta-base,distilroberta-base,2,1.0,2,15,24.0
local,distilroberta-base,distilroberta-base,2,1.0,2,16,22.0
local,distilroberta-base,distilroberta-base,2,1.0,2,17,21.0
local,distilroberta-base,distilroberta-base,2,1.0,2,18,22.0
local,distilroberta-base,distilroberta-base,2,1.0,2,19,20.0
local,distilroberta-base,distilroberta-base,2,1.0,2,20,14.0
local,distilroberta-base,distilroberta-base,2,1.0,2,21,15.0
local,distilroberta-base,distilroberta-base,2,1.0,2,22,23.0
local,distilroberta-base,distilroberta-base,2,1.0,2,23,22.0
local,distilroberta-base,distilroberta-base,2,1.0,2,24,24.0
local,distilroberta-base,distilroberta-base,2,1.0,2,25,19.0
local,distilroberta-base,distilroberta-base,2,1.0,2,26,26.0
local,distilroberta-base,distilroberta-base,2,1.0,2,27,21.0
local,distilroberta-base,distilroberta-base,2,1.0,2,28,20.0
local,distilroberta-base,distilroberta-base,2,1.0,2,29,22.0
local,distilroberta-base,distilroberta-base,2,1.0,2,30,24.0
local,distilroberta-base,distilroberta-base,2,1.0,2,31,19.0
local,distilroberta-base,distilroberta-base,2,1.0,2,32,22.0
local,distilroberta-base,distilroberta-base,2,1.0,2,33,18.0
local,distilroberta-base,distilroberta-base,2,1.0,2,34,23.0
local,distilroberta-base,distilroberta-base,2,1.0,2,35,24.0
local,distilroberta-base,distilroberta-base,2,1.0,2,36,23.0
local,distilroberta-base,distilroberta-base,2,1.0,2,37,24.0
local,distilroberta-base,distilroberta-base,2,1.0,2,38,20.0
local,distilroberta-base,distilroberta-base,2,1.0,2,39,22.0
local,distilroberta-base,distilroberta-base,2,1.0,2,40,25.0
local,distilroberta-base,distilroberta-base,2,1.0,2,41,19.0
local,distilroberta-base,distilroberta-base,2,1.0,2,42,23.0
local,distilroberta-base,distilroberta-base,2,1.0,2,43,19.0
local,distilroberta-base,distilroberta-base,2,1.0,2,44,21.0
local,distilroberta-base,distilroberta-base,2,1.0,2,45,22.0
local,distilroberta-base,distilroberta-base,2,1.0,2,46,23.0
local,distilroberta-base,distilroberta-base,2,1.0,2,47,23.0
local,distilroberta-base,distilroberta-base,2,1.0,2,48,24.0
local,distilroberta-base,distilroberta-base,2,1.0,2,49,23.0
local,distilroberta-base,distilroberta-base,2,1.0,2,50,20.0
local,distilroberta-base,distilroberta-base,2,1.0,2,51,23.0
local,distilroberta-base,distilroberta-base,2,1.0,2,52,25.0
local,distilroberta-base,distilroberta-base,2,1.0,2,53,18.0
local,distilroberta-base,distilroberta-base,2,1.0,2,54,23.0
local,distilroberta-base,distilroberta-base,2,1.0,2,55,24.0
local,distilroberta-base,distilroberta-base,2,1.0,2,56,21.0
local,distilroberta-base,distilroberta-base,2,1.0,2,57,21.0
local,distilroberta-base,distilroberta-base,2,1.0,2,58,26.0
local,distilroberta-base,distilroberta-base,2,1.0,2,59,23.0
local,distilroberta-base,distilroberta-base,2,1.0,2,60,19.0
local,distilroberta-base,distilroberta-base,2,1.0,2,61,20.0
local,distilroberta-base,distilroberta-base,2,1.0,2,62,20.0
local,distilroberta-base,distilroberta-base,2,1.0,2,63,22.0
local,distilroberta-base,distilroberta-base,2,1.0,2,64,20.0
local,distilroberta-base,distilroberta-base,2,1.0,2,65,20.0
local,distilroberta-base,distilroberta-base,2,1.0,2,66,24.0
local,distilroberta-base,distilroberta-base,2,1.0,2,67,21.0
local,distilroberta-base,distilroberta-base,2,1.0,2,68,17.0
local,distilroberta-base,distilroberta-base,2,1.0,2,69,16.0
local,distilroberta-base,distilroberta-base,2,1.0,2,70,21.0
local,distilroberta-base,distilroberta-base,2,1.0,2,71,27.0
local,distilroberta-base,distilroberta-base,2,1.0,2,72,25.0
local,distilroberta-base,distilroberta-base,2,1.0,2,73,25.0
local,distilroberta-base,distilroberta-base,2,1.0,2,74,24.0
local,distilroberta-base,distilroberta-base,2,1.0,2,75,18.0
local,distilroberta-base,distilroberta-base,2,1.0,2,76,17.0
local,distilroberta-base,distilroberta-base,2,1.0,2,77,16.0
local,distilroberta-base,distilroberta-base,2,1.0,2,78,19.0
local,distilroberta-base,distilroberta-base,2,1.0,2,79,17.0
local,distilroberta-base,distilroberta-base,2,1.0,2,80,22.0
local,distilroberta-base,distilroberta-base,2,1.0,2,81,25.0
local,distilroberta-base,distilroberta-base,2,1.0,2,82,22.0
local,distilroberta-base,distilroberta-base,2,1.0,2,83,24.0
local,distilroberta-base,distilroberta-base,2,1.0,2,84,22.0
local,distilroberta-base,distilroberta-base,2,1.0,2,85,23.0
local,distilroberta-base,distilroberta-base,2,1.0,2,86,25.0
local,distilroberta-base,distilroberta-base,2,1.0,2,87,20.0
local,distilroberta-base,distilroberta-base,2,1.0,2,88,19.0
local,distilroberta-base,distilroberta-base,2,1.0,2,89,21.0
local,distilroberta-base,distilroberta-base,2,1.0,2,90,19.0
local,distilroberta-base,distilroberta-base,2,1.0,2,91,22.0
local,distilroberta-base,distilroberta-base,2,1.0,2,92,19.0
local,distilroberta-base,distilroberta-base,2,1.0,2,93,23.0
local,distilroberta-base,distilroberta-base,2,1.0,2,94,18.0
local,distilroberta-base,distilroberta-base,2,1.0,2,95,23.0
local,distilroberta-base,distilroberta-base,2,1.0,2,96,18.0
local,distilroberta-base,distilroberta-base,2,1.0,2,97,19.0
local,distilroberta-base,distilroberta-base,2,1.0,2,98,21.0
local,distilroberta-base,distilroberta-base,2,1.0,2,99,22.0
local,distilroberta-base,distilroberta-base,2,1.0,2,100,23.0
local,distilroberta-base,distilroberta-base,2,1.0,2,101,22.0
local,distilroberta-base,distilroberta-base,2,1.0,2,102,21.0
local,distilroberta-base,distilroberta-base,2,1.0,2,103,24.0
local,distilroberta-base,distilroberta-base,2,1.0,2,104,21.0
local,distilroberta-base,distilroberta-base,2,1.0,2,105,27.0
local,distilroberta-base,distilroberta-base,2,1.0,2,106,24.0
local,distilroberta-base,distilroberta-base,2,1.0,2,107,25.0
local,distilroberta-base,distilroberta-base,2,1.0,2,108,19.0
local,distilroberta-base,distilroberta-base,2,1.0,2,109,20.0
local,distilroberta-base,distilroberta-base,2,1.0,2,110,20.0
local,distilroberta-base,distilroberta-base,2,1.0,2,111,16.0
local,distilroberta-base,distilroberta-base,2,1.0,2,112,18.0
local,distilroberta-base,distilroberta-base,2,1.0,2,113,24.0
local,distilroberta-base,distilroberta-base,2,1.0,2,114,27.0
local,distilroberta-base,distilroberta-base,2,1.0,2,115,20.0
local,distilroberta-base,distilroberta-base,2,1.0,2,116,20.0
local,distilroberta-base,distilroberta-base,2,1.0,2,117,25.0
local,distilroberta-base,distilroberta-base,2,1.0,2,118,22.0
local,distilroberta-base,distilroberta-base,2,1.0,2,119,26.0
local,distilroberta-base,distilroberta-base,2,1.0,2,120,25.0
local,distilroberta-base,distilroberta-base,2,1.0,3,0,1.0
local,distilroberta-base,distilroberta-base,2,1.0,3,1,2.0
local,distilroberta-base,distilroberta-base,2,1.0,3,2,1.0
local,distilroberta-base,distilroberta-base,2,1.0,3,3,2.0
local,distilroberta-base,distilroberta-base,2,1.0,3,4,1.0
local,distilroberta-base,distilroberta-base,2,1.0,3,5,1.0
local,distilroberta-base,distilroberta-base,2,1.0,3,6,1.0
local,distilroberta-base,distilroberta-base,2,1.0,3,7,1.0
local,distilroberta-base,distilroberta-base,2,1.0,3,8,1.0
local,distilroberta-base,distilroberta-base,2,1.0,3,9,2.0
local,distilroberta-base,distilroberta-base,2,1.0,3,10,1.0
local,distilroberta-base,distilroberta-base,2,1.0,3,11,2.0
local,distilroberta-base,distilroberta-base,2,1.0,3,12,3.0
local,distilroberta-base,distilroberta-base,2,1.0,3,13,2.0
local,distilroberta-base,distilroberta-base,2,1.0,3,14,3.0
local,distilroberta-base,distilroberta-base,2,1.0,3,15,2.0
local,distilroberta-base,distilroberta-base,2,1.0,3,16,2.0
local,distilroberta-base,distilroberta-base,2,1.0,3,17,4.0
local,distilroberta-base,distilroberta-base,2,1.0,3,18,4.0
local,distilroberta-base,distilroberta-base,2,1.0,3,19,6.0
local,distilroberta-base,distilroberta-base,2,1.0,3,20,14.0
local,distilroberta-base,distilroberta-base,2,1.0,3,21,17.0
local,distilroberta-base,distilroberta-base,2,1.0,3,22,14.0
local,distilroberta-base,distilroberta-base,2,1.0,3,23,20.0
local,distilroberta-base,distilroberta-base,2,1.0,3,24,19.0
local,distilroberta-base,distilroberta-base,2,1.0,3,25,20.0
local,distilroberta-base,distilroberta-base,2,1.0,3,26,20.0
local,distilroberta-base,distilroberta-base,2,1.0,3,27,25.0
local,distilroberta-base,distilroberta-base,2,1.0,3,28,22.0
local,distilroberta-base,distilroberta-base,2,1.0,3,29,28.0
local,distilroberta-base,distilroberta-base,2,1.0,3,30,27.0
local,distilroberta-base,distilroberta-base,2,1.0,3,31,17.0
local,distilroberta-base,distilroberta-base,2,1.0,3,32,22.0
local,distilroberta-base,distilroberta-base,2,1.0,3,33,19.0
local,distilroberta-base,distilroberta-base,2,1.0,3,34,21.0
local,distilroberta-base,distilroberta-base,2,1.0,3,35,19.0
local,distilroberta-base,distilroberta-base,2,1.0,3,36,19.0
local,distilroberta-base,distilroberta-base,2,1.0,3,37,22.0
local,distilroberta-base,distilroberta-base,2,1.0,3,38,24.0
local,distilroberta-base,distilroberta-base,2,1.0,3,39,26.0
local,distilroberta-base,distilroberta-base,2,1.0,3,40,27.0
local,distilroberta-base,distilroberta-base,2,1.0,3,41,26.0
local,distilroberta-base,distilroberta-base,2,1.0,3,42,21.0
local,distilroberta-base,distilroberta-base,2,1.0,3,43,14.0
local,distilroberta-base,distilroberta-base,2,1.0,3,44,15.0
local,distilroberta-base,distilroberta-base,2,1.0,3,45,18.0
local,distilroberta-base,distilroberta-base,2,1.0,3,46,23.0
local,distilroberta-base,distilroberta-base,2,1.0,3,47,21.0
local,distilroberta-base,distilroberta-base,2,1.0,3,48,20.0
local,distilroberta-base,distilroberta-base,2,1.0,3,49,17.0
local,distilroberta-base,distilroberta-base,2,1.0,3,50,12.0
local,distilroberta-base,distilroberta-base,2,1.0,3,51,16.0
local,distilroberta-base,distilroberta-base,2,1.0,3,52,16.0
local,distilroberta-base,distilroberta-base,2,1.0,3,53,14.0
local,distilroberta-base,distilroberta-base,2,1.0,3,54,18.0
local,distilroberta-base,distilroberta-base,2,1.0,3,55,20.0
local,distilroberta-base,distilroberta-base,2,1.0,3,56,19.0
local,distilroberta-base,distilroberta-base,2,1.0,3,57,23.0
local,distilroberta-base,distilroberta-base,2,1.0,3,58,27.0
local,distilroberta-base,distilroberta-base,2,1.0,3,59,22.0
local,distilroberta-base,distilroberta-base,2,1.0,3,60,20.0
local,distilroberta-base,distilroberta-base,2,1.0,3,61,22.0
local,distilroberta-base,distilroberta-base,2,1.0,3,62,19.0
local,distilroberta-base,distilroberta-base,2,1.0,3,63,26.0
local,distilroberta-base,distilroberta-base,2,1.0,3,64,26.0
local,distilroberta-base,distilroberta-base,2,1.0,3,65,19.0
local,distilroberta-base,distilroberta-base,2,1.0,3,66,23.0
local,distilroberta-base,distilroberta-base,2,1.0,3,67,21.0
local,distilroberta-base,distilroberta-base,2,1.0,3,68,20.0
local,distilroberta-base,distilroberta-base,2,1.0,3,69,21.0
local,distilroberta-base,distilroberta-base,2,1.0,3,70,20.0
local,distilroberta-base,distilroberta-base,2,1.0,3,71,20.0
local,distilroberta-base,distilroberta-base,2,1.0,3,72,21.0
local,distilroberta-base,distilroberta-base,2,1.0,3,73,22.0
local,distilroberta-base,distilroberta-base,2,1.0,3,74,22.0
local,distilroberta-base,distilroberta-base,2,1.0,3,75,18.0
local,distilroberta-base,distilroberta-base,2,1.0,3,76,17.0
local,distilroberta-base,distilroberta-base,2,1.0,3,77,19.0
local,distilroberta-base,distilroberta-base,2,1.0,3,78,24.0
local,distilroberta-base,distilroberta-base,2,1.0,3,79,26.0
local,distilroberta-base,distilroberta-base,2,1.0,3,80,27.0
local,distilroberta-base,distilroberta-base,2,1.0,3,81,29.0
local,distilroberta-base,distilroberta-base,2,1.0,3,82,28.0
local,distilroberta-base,distilroberta-base,2,1.0,3,83,26.0
local,distilroberta-base,distilroberta-base,2,1.0,3,84,26.0
local,distilroberta-base,distilroberta-base,2,1.0,3,85,24.0
local,distilroberta-base,distilroberta-base,2,1.0,3,86,24.0
local,distilroberta-base,distilroberta-base,2,1.0,3,87,23.0
local,distilroberta-base,distilroberta-base,2,1.0,3,88,20.0
local,distilroberta-base,distilroberta-base,2,1.0,3,89,20.0
local,distilroberta-base,distilroberta-base,2,1.0,3,90,19.0
local,distilroberta-base,distilroberta-base,2,1.0,3,91,22.0
local,distilroberta-base,distilroberta-base,2,1.0,3,92,21.0
local,distilroberta-base,distilroberta-base,2,1.0,3,93,25.0
local,distilroberta-base,distilroberta-base,2,1.0,3,94,26.0
local,distilroberta-base,distilroberta-base,2,1.0,3,95,22.0
local,distilroberta-base,distilroberta-base,2,1.0,3,96,16.0
local,distilroberta-base,distilroberta-base,2,1.0,3,97,24.0
local,distilroberta-base,distilroberta-base,2,1.0,3,98,22.0
local,distilroberta-base,distilroberta-base,2,1.0,3,99,16.0
local,distilroberta-base,distilroberta-base,2,1.0,3,100,16.0
local,distilroberta-base,distilroberta-base,2,1.0,3,101,18.0
local,distilroberta-base,distilroberta-base,2,1.0,3,102,22.0
local,distilroberta-base,distilroberta-base,2,1.0,3,103,24.0
local,distilroberta-base,distilroberta-base,2,1.0,3,104,26.0
local,distilroberta-base,distilroberta-base,2,1.0,3,105,24.0
local,distilroberta-base,distilroberta-base,2,1.0,3,106,21.0
local,distilroberta-base,distilroberta-base,2,1.0,3,107,18.0
local,distilroberta-base,distilroberta-base,2,1.0,3,108,19.0
local,distilroberta-base,distilroberta-base,2,1.0,3,109,20.0
local,distilroberta-base,distilroberta-base,2,1.0,3,110,20.0
local,distilroberta-base,distilroberta-base,2,1.0,3,111,20.0
local,distilroberta-base,distilroberta-base,2,1.0,3,112,17.0
local,distilroberta-base,distilroberta-base,2,1.0,3,113,19.0
local,distilroberta-base,distilroberta-base,2,1.0,3,114,19.0
local,distilroberta-base,distilroberta-base,2,1.0,3,115,21.0
local,distilroberta-base,distilroberta-base,2,1.0,3,116,24.0
local,distilroberta-base,distilroberta-base,2,1.0,3,117,19.0
local,distilroberta-base,distilroberta-base,2,1.0,3,118,22.0
local,distilroberta-base,distilroberta-base,2,1.0,3,119,20.0
local,distilroberta-base,distilroberta-base,2,1.0,3,120,27.0
local,distilroberta-base,distilroberta-base,2,1.0,4,0,1.0
local,distilroberta-base,distilroberta-base,2,1.0,4,1,0.0
local,distilroberta-base,distilroberta-base,2,1.0,4,2,0.0
local,distilroberta-base,distilroberta-base,2,1.0,4,3,0.0
local,distilroberta-base,distilroberta-base,2,1.0,4,4,0.0
local,distilroberta-base,distilroberta-base,2,1.0,4,5,0.0
local,distilroberta-base,distilroberta-base,2,1.0,4,6,0.0
local,distilroberta-base,distilroberta-base,2,1.0,4,7,0.0
local,distilroberta-base,distilroberta-base,2,1.0,4,8,0.0
local,distilroberta-base,distilroberta-base,2,1.0,4,9,0.0
local,distilroberta-base,distilroberta-base,2,1.0,4,10,0.0
local,distilroberta-base,distilroberta-base,2,1.0,4,11,0.0
local,distilroberta-base,distilroberta-base,2,1.0,4,12,0.0
local,distilroberta-base,distilroberta-base,2,1.0,4,13,0.0
local,distilroberta-base,distilroberta-base,2,1.0,4,14,0.0
local,distilroberta-base,distilroberta-base,2,1.0,4,15,0.0
local,distilroberta-base,distilroberta-base,2,1.0,4,16,0.0
local,distilroberta-base,distilroberta-base,2,1.0,4,17,0.0
local,distilroberta-base,distilroberta-base,2,1.0,4,18,0.0
local,distilroberta-base,distilroberta-base,2,1.0,4,19,0.0
local,distilroberta-base,distilroberta-base,2,1.0,4,20,0.0
local,distilroberta-base,distilroberta-base,2,1.0,4,21,0.0
local,distilroberta-base,distilroberta-base,2,1.0,4,22,0.0
local,distilroberta-base,distilroberta-base,2,1.0,4,23,0.0
local,distilroberta-base,distilroberta-base,2,1.0,4,24,0.0
local,distilroberta-base,distilroberta-base,2,1.0,4,25,0.0
local,distilroberta-base,distilroberta-base,2,1.0,4,26,0.0
local,distilroberta-base,distilroberta-base,2,1.0,4,27,0.0
local,distilroberta-base,distilroberta-base,2,1.0,4,28,0.0
local,distilroberta-base,distilroberta-base,2,1.0,4,29,0.0
local,distilroberta-base,distilroberta-base,2,1.0,4,30,0.0
local,distilroberta-base,distilroberta-base,2,1.0,4,31,0.0
local,distilroberta-base,distilroberta-base,2,1.0,4,32,0.0
local,distilroberta-base,distilroberta-base,2,1.0,4,33,0.0
local,distilroberta-base,distilroberta-base,2,1.0,4,34,0.0
local,distilroberta-base,distilroberta-base,2,1.0,4,35,0.0
local,distilroberta-base,distilroberta-base,2,1.0,4,36,0.0
local,distilroberta-base,distilroberta-base,2,1.0,4,37,0.0
local,distilroberta-base,distilroberta-base,2,1.0,4,38,0.0
local,distilroberta-base,distilroberta-base,2,1.0,4,39,0.0
local,distilroberta-base,distilroberta-base,2,1.0,4,40,0.0
local,distilroberta-base,distilroberta-base,2,1.0,4,41,0.0
local,distilroberta-base,distilroberta-base,2,1.0,4,42,0.0
local,distilroberta-base,distilroberta-base,2,1.0,4,43,0.0
local,distilroberta-base,distilroberta-base,2,1.0,4,44,0.0
local,distilroberta-base,distilroberta-base,2,1.0,4,45,0.0
local,distilroberta-base,distilroberta-base,2,1.0,4,46,0.0
local,distilroberta-base,distilroberta-base,2,1.0,4,47,0.0
local,distilroberta-base,distilroberta-base,2,1.0,4,48,0.0
local,distilroberta-base,distilroberta-base,2,1.0,4,49,0.0
local,distilroberta-base,distilroberta-base,2,1.0,4,50,0.0
local,distilroberta-base,distilroberta-base,2,1.0,4,51,0.0
local,distilroberta-base,distilroberta-base,2,1.0,4,52,0.0
local,distilroberta-base,distilroberta-base,2,1.0,4,53,0.0
local,distilroberta-base,distilroberta-base,2,1.0,4,54,0.0
local,distilroberta-base,distilroberta-base,2,1.0,4,55,0.0
local,distilroberta-base,distilroberta-base,2,1.0,4,56,0.0
local,distilroberta-base,distilroberta-base,2,1.0,4,57,0.0
local,distilroberta-base,distilroberta-base,2,1.0,4,58,0.0
local,distilroberta-base,distilroberta-base,2,1.0,4,59,0.0
local,distilroberta-base,distilroberta-base,2,1.0,4,60,0.0
local,distilroberta-base,distilroberta-base,2,1.0,4,61,0.0
local,distilroberta-base,distilroberta-base,2,1.0,4,62,0.0
local,distilroberta-base,distilroberta-base,2,1.0,4,63,0.0
local,distilroberta-base,distilroberta-base,2,1.0,4,64,0.0
local,distilroberta-base,distilroberta-base,2,1.0,4,65,0.0
local,distilroberta-base,distilroberta-base,2,1.0,4,66,0.0
local,distilroberta-base,distilroberta-base,2,1.0,4,67,0.0
local,distilroberta-base,distilroberta-base,2,1.0,4,68,0.0
local,distilroberta-base,distilroberta-base,2,1.0,4,69,0.0
local,distilroberta-base,distilroberta-base,2,1.0,4,70,0.0
local,distilroberta-base,distilroberta-base,2,1.0,4,71,0.0
local,distilroberta-base,distilroberta-base,2,1.0,4,72,0.0
local,distilroberta-base,distilroberta-base,2,1.0,4,73,0.0
local,distilroberta-base,distilroberta-base,2,1.0,4,74,0.0
local,distilroberta-base,distilroberta-base,2,1.0,4,75,0.0
local,distilroberta-base,distilroberta-base,2,1.0,4,76,0.0
local,distilroberta-base,distilroberta-base,2,1.0,4,77,0.0
local,distilroberta-base,distilroberta-base,2,1.0,4,78,0.0
local,distilroberta-base,distilroberta-base,2,1.0,4,79,0.0
local,distilroberta-base,distilroberta-base,2,1.0,4,80,0.0
local,distilroberta-base,distilroberta-base,2,1.0,4,81,0.0
local,distilroberta-base,distilroberta-base,2,1.0,4,82,0.0
local,distilroberta-base,distilroberta-base,2,1.0,4,83,0.0
local,distilroberta-base,distilroberta-base,2,1.0,4,84,0.0
local,distilroberta-base,distilroberta-base,2,1.0,4,85,0.0
local,distilroberta-base,distilroberta-base,2,1.0,4,86,0.0
local,distilroberta-base,distilroberta-base,2,1.0,4,87,0.0
local,distilroberta-base,distilroberta-base,2,1.0,4,88,0.0
local,distilroberta-base,distilroberta-base,2,1.0,4,89,0.0
local,distilroberta-base,distilroberta-base,2,1.0,4,90,0.0
local,distilroberta-base,distilroberta-base,2,1.0,4,91,0.0
local,distilroberta-base,distilroberta-base,2,1.0,4,92,0.0
local,distilroberta-base,distilroberta-base,2,1.0,4,93,0.0
local,distilroberta-base,distilroberta-base,2,1.0,4,94,0.0
local,distilroberta-base,distilroberta-base,2,1.0,4,95,0.0
local,distilroberta-base,distilroberta-base,2,1.0,4,96,0.0
local,distilroberta-base,distilroberta-base,2,1.0,4,97,0.0
local,distilroberta-base,distilroberta-base,2,1.0,4,98,0.0
local,distilroberta-base,distilroberta-base,2,1.0,4,99,0.0
local,distilroberta-base,distilroberta-base,2,1.0,4,100,0.0
local,distilroberta-base,distilroberta-base,2,1.0,4,101,0.0
local,distilroberta-base,distilroberta-base,2,1.0,4,102,0.0
local,distilroberta-base,distilroberta-base,2,1.0,4,103,0.0
local,distilroberta-base,distilroberta-base,2,1.0,4,104,0.0
local,distilroberta-base,distilroberta-base,2,1.0,4,105,0.0
local,distilroberta-base,distilroberta-base,2,1.0,4,106,0.0
local,distilroberta-base,distilroberta-base,2,1.0,4,107,0.0
local,distilroberta-base,distilroberta-base,2,1.0,4,108,0.0
local,distilroberta-base,distilroberta-base,2,1.0,4,109,0.0
local,distilroberta-base,distilroberta-base,2,1.0,4,110,0.0
local,distilroberta-base,distilroberta-base,2,1.0,4,111,0.0
local,distilroberta-base,distilroberta-base,2,1.0,4,112,0.0
local,distilroberta-base,distilroberta-base,2,1.0,4,113,0.0
local,distilroberta-base,distilroberta-base,2,1.0,4,114,0.0
local,distilroberta-base,distilroberta-base,2,1.0,4,115,0.0
local,distilroberta-base,distilroberta-base,2,1.0,4,116,0.0
local,distilroberta-base,distilroberta-base,2,1.0,4,117,0.0
local,distilroberta-base,distilroberta-base,2,1.0,4,118,0.0
local,distilroberta-base,distilroberta-base,2,1.0,4,119,0.0
local,distilroberta-base,distilroberta-base,2,1.0,4,120,0.0
local,distilroberta-base,distilroberta-base,2,1.0,5,0,1.0
local,distilroberta-base,distilroberta-base,2,1.0,5,1,2.0
local,distilroberta-base,distilroberta-base,2,1.0,5,2,3.0
local,distilroberta-base,distilroberta-base,2,1.0,5,3,4.0
local,distilroberta-base,distilroberta-base,2,1.0,5,4,1.0
local,distilroberta-base,distilroberta-base,2,1.0,5,5,1.0
local,distilroberta-base,distilroberta-base,2,1.0,5,6,0.0
local,distilroberta-base,distilroberta-base,2,1.0,5,7,0.0
local,distilroberta-base,distilroberta-base,2,1.0,5,8,0.0
local,distilroberta-base,distilroberta-base,2,1.0,5,9,0.0
local,distilroberta-base,distilroberta-base,2,1.0,5,10,0.0
local,distilroberta-base,distilroberta-base,2,1.0,5,11,0.0
local,distilroberta-base,distilroberta-base,2,1.0,5,12,0.0
local,distilroberta-base,distilroberta-base,2,1.0,5,13,0.0
local,distilroberta-base,distilroberta-base,2,1.0,5,14,0.0
local,distilroberta-base,distilroberta-base,2,1.0,5,15,0.0
local,distilroberta-base,distilroberta-base,2,1.0,5,16,0.0
local,distilroberta-base,distilroberta-base,2,1.0,5,17,0.0
local,distilroberta-base,distilroberta-base,2,1.0,5,18,0.0
local,distilroberta-base,distilroberta-base,2,1.0,5,19,0.0
local,distilroberta-base,distilroberta-base,2,1.0,5,20,0.0
local,distilroberta-base,distilroberta-base,2,1.0,5,21,0.0
local,distilroberta-base,distilroberta-base,2,1.0,5,22,0.0
local,distilroberta-base,distilroberta-base,2,1.0,5,23,0.0
local,distilroberta-base,distilroberta-base,2,1.0,5,24,0.0
local,distilroberta-base,distilroberta-base,2,1.0,5,25,0.0
local,distilroberta-base,distilroberta-base,2,1.0,5,26,0.0
local,distilroberta-base,distilroberta-base,2,1.0,5,27,0.0
local,distilroberta-base,distilroberta-base,2,1.0,5,28,0.0
local,distilroberta-base,distilroberta-base,2,1.0,5,29,0.0
local,distilroberta-base,distilroberta-base,2,1.0,5,30,0.0
local,distilroberta-base,distilroberta-base,2,1.0,5,31,0.0
local,distilroberta-base,distilroberta-base,2,1.0,5,32,0.0
local,distilroberta-base,distilroberta-base,2,1.0,5,33,0.0
local,distilroberta-base,distilroberta-base,2,1.0,5,34,0.0
local,distilroberta-base,distilroberta-base,2,1.0,5,35,0.0
local,distilroberta-base,distilroberta-base,2,1.0,5,36,0.0
local,distilroberta-base,distilroberta-base,2,1.0,5,37,0.0
local,distilroberta-base,distilroberta-base,2,1.0,5,38,0.0
local,distilroberta-base,distilroberta-base,2,1.0,5,39,0.0
local,distilroberta-base,distilroberta-base,2,1.0,5,40,0.0
local,distilroberta-base,distilroberta-base,2,1.0,5,41,0.0
local,distilroberta-base,distilroberta-base,2,1.0,5,42,0.0
local,distilroberta-base,distilroberta-base,2,1.0,5,43,0.0
local,distilroberta-base,distilroberta-base,2,1.0,5,44,0.0
local,distilroberta-base,distilroberta-base,2,1.0,5,45,0.0
local,distilroberta-base,distilroberta-base,2,1.0,5,46,0.0
local,distilroberta-base,distilroberta-base,2,1.0,5,47,0.0
local,distilroberta-base,distilroberta-base,2,1.0,5,48,0.0
local,distilroberta-base,distilroberta-base,2,1.0,5,49,0.0
local,distilroberta-base,distilroberta-base,2,1.0,5,50,0.0
local,distilroberta-base,distilroberta-base,2,1.0,5,51,0.0
local,distilroberta-base,distilroberta-base,2,1.0,5,52,0.0
local,distilroberta-base,distilroberta-base,2,1.0,5,53,0.0
local,distilroberta-base,distilroberta-base,2,1.0,5,54,0.0
local,distilroberta-base,distilroberta-base,2,1.0,5,55,0.0
local,distilroberta-base,distilroberta-base,2,1.0,5,56,0.0
local,distilroberta-base,distilroberta-base,2,1.0,5,57,0.0
local,distilroberta-base,distilroberta-base,2,1.0,5,58,0.0
local,distilroberta-base,distilroberta-base,2,1.0,5,59,0.0
local,distilroberta-base,distilroberta-base,2,1.0,5,60,0.0
local,distilroberta-base,distilroberta-base,2,1.0,5,61,0.0
local,distilroberta-base,distilroberta-base,2,1.0,5,62,0.0
local,distilroberta-base,distilroberta-base,2,1.0,5,63,0.0
local,distilroberta-base,distilroberta-base,2,1.0,5,64,0.0
local,distilroberta-base,distilroberta-base,2,1.0,5,65,0.0
local,distilroberta-base,distilroberta-base,2,1.0,5,66,0.0
local,distilroberta-base,distilroberta-base,2,1.0,5,67,0.0
local,distilroberta-base,distilroberta-base,2,1.0,5,68,0.0
local,distilroberta-base,distilroberta-base,2,1.0,5,69,0.0
local,distilroberta-base,distilroberta-base,2,1.0,5,70,0.0
local,distilroberta-base,distilroberta-base,2,1.0,5,71,0.0
local,distilroberta-base,distilroberta-base,2,1.0,5,72,0.0
local,distilroberta-base,distilroberta-base,2,1.0,5,73,0.0
local,distilroberta-base,distilroberta-base,2,1.0,5,74,0.0
local,distilroberta-base,distilroberta-base,2,1.0,5,75,0.0
local,distilroberta-base,distilroberta-base,2,1.0,5,76,0.0
local,distilroberta-base,distilroberta-base,2,1.0,5,77,0.0
local,distilroberta-base,distilroberta-base,2,1.0,5,78,0.0
local,distilroberta-base,distilroberta-base,2,1.0,5,79,0.0
local,distilroberta-base,distilroberta-base,2,1.0,5,80,0.0
local,distilroberta-base,distilroberta-base,2,1.0,5,81,0.0
local,distilroberta-base,distilroberta-base,2,1.0,5,82,0.0
local,distilroberta-base,distilroberta-base,2,1.0,5,83,0.0
local,distilroberta-base,distilroberta-base,2,1.0,5,84,0.0
local,distilroberta-base,distilroberta-base,2,1.0,5,85,0.0
local,distilroberta-base,distilroberta-base,2,1.0,5,86,0.0
local,distilroberta-base,distilroberta-base,2,1.0,5,87,0.0
local,distilroberta-base,distilroberta-base,2,1.0,5,88,0.0
local,distilroberta-base,distilroberta-base,2,1.0,5,89,0.0
local,distilroberta-base,distilroberta-base,2,1.0,5,90,0.0
local,distilroberta-base,distilroberta-base,2,1.0,5,91,0.0
local,distilroberta-base,distilroberta-base,2,1.0,5,92,0.0
local,distilroberta-base,distilroberta-base,2,1.0,5,93,0.0
local,distilroberta-base,distilroberta-base,2,1.0,5,94,0.0
local,distilroberta-base,distilroberta-base,2,1.0,5,95,0.0
local,distilroberta-base,distilroberta-base,2,1.0,5,96,0.0
local,distilroberta-base,distilroberta-base,2,1.0,5,97,0.0
local,distilroberta-base,distilroberta-base,2,1.0,5,98,0.0
local,distilroberta-base,distilroberta-base,2,1.0,5,99,0.0
local,distilroberta-base,distilroberta-base,2,1.0,5,100,0.0
local,distilroberta-base,distilroberta-base,2,1.0,5,101,0.0
local,distilroberta-base,distilroberta-base,2,1.0,5,102,0.0
local,distilroberta-base,distilroberta-base,2,1.0,5,103,0.0
local,distilroberta-base,distilroberta-base,2,1.0,5,104,0.0
local,distilroberta-base,distilroberta-base,2,1.0,5,105,0.0
local,distilroberta-base,distilroberta-base,2,1.0,5,106,0.0
local,distilroberta-base,distilroberta-base,2,1.0,5,107,0.0
local,distilroberta-base,distilroberta-base,2,1.0,5,108,0.0
local,distilroberta-base,distilroberta-base,2,1.0,5,109,0.0
local,distilroberta-base,distilroberta-base,2,1.0,5,110,0.0
local,distilroberta-base,distilroberta-base,2,1.0,5,111,0.0
local,distilroberta-base,distilroberta-base,2,1.0,5,112,0.0
local,distilroberta-base,distilroberta-base,2,1.0,5,113,0.0
local,distilroberta-base,distilroberta-base,2,1.0,5,114,0.0
local,distilroberta-base,distilroberta-base,2,1.0,5,115,0.0
local,distilroberta-base,distilroberta-base,2,1.0,5,116,0.0
local,distilroberta-base,distilroberta-base,2,1.0,5,117,0.0
local,distilroberta-base,distilroberta-base,2,1.0,5,118,0.0
local,distilroberta-base,distilroberta-base,2,1.0,5,119,0.0
local,distilroberta-base,distilroberta-base,2,1.0,5,120,0.0
local,distilroberta-base,distilroberta-base,2,1.0,6,0,1.0
local,distilroberta-base,distilroberta-base,2,1.0,6,1,1.0
local,distilroberta-base,distilroberta-base,2,1.0,6,2,0.0
local,distilroberta-base,distilroberta-base,2,1.0,6,3,0.0
local,distilroberta-base,distilroberta-base,2,1.0,6,4,0.0
local,distilroberta-base,distilroberta-base,2,1.0,6,5,0.0
local,distilroberta-base,distilroberta-base,2,1.0,6,6,0.0
local,distilroberta-base,distilroberta-base,2,1.0,6,7,0.0
local,distilroberta-base,distilroberta-base,2,1.0,6,8,0.0
local,distilroberta-base,distilroberta-base,2,1.0,6,9,0.0
local,distilroberta-base,distilroberta-base,2,1.0,6,10,0.0
local,distilroberta-base,distilroberta-base,2,1.0,6,11,0.0
local,distilroberta-base,distilroberta-base,2,1.0,6,12,0.0
local,distilroberta-base,distilroberta-base,2,1.0,6,13,0.0
local,distilroberta-base,distilroberta-base,2,1.0,6,14,0.0
local,distilroberta-base,distilroberta-base,2,1.0,6,15,0.0
local,distilroberta-base,distilroberta-base,2,1.0,6,16,0.0
local,distilroberta-base,distilroberta-base,2,1.0,6,17,0.0
local,distilroberta-base,distilroberta-base,2,1.0,6,18,0.0
local,distilroberta-base,distilroberta-base,2,1.0,6,19,0.0
local,distilroberta-base,distilroberta-base,2,1.0,6,20,0.0
local,distilroberta-base,distilroberta-base,2,1.0,6,21,0.0
local,distilroberta-base,distilroberta-base,2,1.0,6,22,0.0
local,distilroberta-base,distilroberta-base,2,1.0,6,23,0.0
local,distilroberta-base,distilroberta-base,2,1.0,6,24,0.0
local,distilroberta-base,distilroberta-base,2,1.0,6,25,0.0
local,distilroberta-base,distilroberta-base,2,1.0,6,26,0.0
local,distilroberta-base,distilroberta-base,2,1.0,6,27,0.0
local,distilroberta-base,distilroberta-base,2,1.0,6,28,0.0
local,distilroberta-base,distilroberta-base,2,1.0,6,29,0.0
local,distilroberta-base,distilroberta-base,2,1.0,6,30,0.0
local,distilroberta-base,distilroberta-base,2,1.0,6,31,0.0
local,distilroberta-base,distilroberta-base,2,1.0,6,32,0.0
local,distilroberta-base,distilroberta-base,2,1.0,6,33,0.0
local,distilroberta-base,distilroberta-base,2,1.0,6,34,0.0
local,distilroberta-base,distilroberta-base,2,1.0,6,35,0.0
local,distilroberta-base,distilroberta-base,2,1.0,6,36,0.0
local,distilroberta-base,distilroberta-base,2,1.0,6,37,0.0
local,distilroberta-base,distilroberta-base,2,1.0,6,38,0.0
local,distilroberta-base,distilroberta-base,2,1.0,6,39,0.0
local,distilroberta-base,distilroberta-base,2,1.0,6,40,0.0
local,distilroberta-base,distilroberta-base,2,1.0,6,41,0.0
local,distilroberta-base,distilroberta-base,2,1.0,6,42,0.0
local,distilroberta-base,distilroberta-base,2,1.0,6,43,0.0
local,distilroberta-base,distilroberta-base,2,1.0,6,44,0.0
local,distilroberta-base,distilroberta-base,2,1.0,6,45,0.0
local,distilroberta-base,distilroberta-base,2,1.0,6,46,0.0
local,distilroberta-base,distilroberta-base,2,1.0,6,47,0.0
local,distilroberta-base,distilroberta-base,2,1.0,6,48,0.0
local,distilroberta-base,distilroberta-base,2,1.0,6,49,0.0
local,distilroberta-base,distilroberta-base,2,1.0,6,50,0.0
local,distilroberta-base,distilroberta-base,2,1.0,6,51,0.0
local,distilroberta-base,distilroberta-base,2,1.0,6,52,0.0
local,distilroberta-base,distilroberta-base,2,1.0,6,53,0.0
local,distilroberta-base,distilroberta-base,2,1.0,6,54,0.0
local,distilroberta-base,distilroberta-base,2,1.0,6,55,0.0
local,distilroberta-base,distilroberta-base,2,1.0,6,56,0.0
local,distilroberta-base,distilroberta-base,2,1.0,6,57,0.0
local,distilroberta-base,distilroberta-base,2,1.0,6,58,0.0
local,distilroberta-base,distilroberta-base,2,1.0,6,59,0.0
local,distilroberta-base,distilroberta-base,2,1.0,6,60,0.0
local,distilroberta-base,distilroberta-base,2,1.0,6,61,0.0
local,distilroberta-base,distilroberta-base,2,1.0,6,62,0.0
local,distilroberta-base,distilroberta-base,2,1.0,6,63,0.0
local,distilroberta-base,distilroberta-base,2,1.0,6,64,0.0
local,distilroberta-base,distilroberta-base,2,1.0,6,65,0.0
local,distilroberta-base,distilroberta-base,2,1.0,6,66,0.0
local,distilroberta-base,distilroberta-base,2,1.0,6,67,0.0
local,distilroberta-base,distilroberta-base,2,1.0,6,68,0.0
local,distilroberta-base,distilroberta-base,2,1.0,6,69,0.0
local,distilroberta-base,distilroberta-base,2,1.0,6,70,0.0
local,distilroberta-base,distilroberta-base,2,1.0,6,71,0.0
local,distilroberta-base,distilroberta-base,2,1.0,6,72,0.0
local,distilroberta-base,distilroberta-base,2,1.0,6,73,0.0
local,distilroberta-base,distilroberta-base,2,1.0,6,74,0.0
local,distilroberta-base,distilroberta-base,2,1.0,6,75,0.0
local,distilroberta-base,distilroberta-base,2,1.0,6,76,0.0
local,distilroberta-base,distilroberta-base,2,1.0,6,77,0.0
local,distilroberta-base,distilroberta-base,2,1.0,6,78,0.0
local,distilroberta-base,distilroberta-base,2,1.0,6,79,0.0
local,distilroberta-base,distilroberta-base,2,1.0,6,80,0.0
local,distilroberta-base,distilroberta-base,2,1.0,6,81,0.0
local,distilroberta-base,distilroberta-base,2,1.0,6,82,0.0
local,distilroberta-base,distilroberta-base,2,1.0,6,83,0.0
local,distilroberta-base,distilroberta-base,2,1.0,6,84,0.0
local,distilroberta-base,distilroberta-base,2,1.0,6,85,0.0
local,distilroberta-base,distilroberta-base,2,1.0,6,86,0.0
local,distilroberta-base,distilroberta-base,2,1.0,6,87,0.0
local,distilroberta-base,distilroberta-base,2,1.0,6,88,0.0
local,distilroberta-base,distilroberta-base,2,1.0,6,89,0.0
local,distilroberta-base,distilroberta-base,2,1.0,6,90,0.0
local,distilroberta-base,distilroberta-base,2,1.0,6,91,0.0
local,distilroberta-base,distilroberta-base,2,1.0,6,92,0.0
local,distilroberta-base,distilroberta-base,2,1.0,6,93,0.0
local,distilroberta-base,distilroberta-base,2,1.0,6,94,0.0
local,distilroberta-base,distilroberta-base,2,1.0,6,95,0.0
local,distilroberta-base,distilroberta-base,2,1.0,6,96,0.0
local,distilroberta-base,distilroberta-base,2,1.0,6,97,0.0
local,distilroberta-base,distilroberta-base,2,1.0,6,98,0.0
local,distilroberta-base,distilroberta-base,2,1.0,6,99,0.0
local,distilroberta-base,distilroberta-base,2,1.0,6,100,0.0
local,distilroberta-base,distilroberta-base,2,1.0,6,101,0.0
local,distilroberta-base,distilroberta-base,2,1.0,6,102,0.0
local,distilroberta-base,distilroberta-base,2,1.0,6,103,0.0
local,distilroberta-base,distilroberta-base,2,1.0,6,104,0.0
local,distilroberta-base,distilroberta-base,2,1.0,6,105,0.0
local,distilroberta-base,distilroberta-base,2,1.0,6,106,0.0
local,distilroberta-base,distilroberta-base,2,1.0,6,107,0.0
local,distilroberta-base,distilroberta-base,2,1.0,6,108,0.0
local,distilroberta-base,distilroberta-base,2,1.0,6,109,0.0
local,distilroberta-base,distilroberta-base,2,1.0,6,110,0.0
local,distilroberta-base,distilroberta-base,2,1.0,6,111,0.0
local,distilroberta-base,distilroberta-base,2,1.0,6,112,0.0
local,distilroberta-base,distilroberta-base,2,1.0,6,113,0.0
local,distilroberta-base,distilroberta-base,2,1.0,6,114,0.0
local,distilroberta-base,distilroberta-base,2,1.0,6,115,0.0
local,distilroberta-base,distilroberta-base,2,1.0,6,116,0.0
local,distilroberta-base,distilroberta-base,2,1.0,6,117,0.0
local,distilroberta-base,distilroberta-base,2,1.0,6,118,0.0
local,distilroberta-base,distilroberta-base,2,1.0,6,119,0.0
local,distilroberta-base,distilroberta-base,2,1.0,6,120,0.0
local,distilroberta-base,distilroberta-base,2,1.0,7,0,1.0
local,distilroberta-base,distilroberta-base,2,1.0,7,1,7.0
local,distilroberta-base,distilroberta-base,2,1.0,7,2,15.0
local,distilroberta-base,distilroberta-base,2,1.0,7,3,16.0
local,distilroberta-base,distilroberta-base,2,1.0,7,4,16.0
local,distilroberta-base,distilroberta-base,2,1.0,7,5,15.0
local,distilroberta-base,distilroberta-base,2,1.0,7,6,16.0
local,distilroberta-base,distilroberta-base,2,1.0,7,7,19.0
local,distilroberta-base,distilroberta-base,2,1.0,7,8,27.0
local,distilroberta-base,distilroberta-base,2,1.0,7,9,25.0
local,distilroberta-base,distilroberta-base,2,1.0,7,10,24.0
local,distilroberta-base,distilroberta-base,2,1.0,7,11,21.0
local,distilroberta-base,distilroberta-base,2,1.0,7,12,22.0
local,distilroberta-base,distilroberta-base,2,1.0,7,13,21.0
local,distilroberta-base,distilroberta-base,2,1.0,7,14,23.0
local,distilroberta-base,distilroberta-base,2,1.0,7,15,21.0
local,distilroberta-base,distilroberta-base,2,1.0,7,16,20.0
local,distilroberta-base,distilroberta-base,2,1.0,7,17,23.0
local,distilroberta-base,distilroberta-base,2,1.0,7,18,19.0
local,distilroberta-base,distilroberta-base,2,1.0,7,19,20.0
local,distilroberta-base,distilroberta-base,2,1.0,7,20,17.0
local,distilroberta-base,distilroberta-base,2,1.0,7,21,19.0
local,distilroberta-base,distilroberta-base,2,1.0,7,22,19.0
local,distilroberta-base,distilroberta-base,2,1.0,7,23,19.0
local,distilroberta-base,distilroberta-base,2,1.0,7,24,18.0
local,distilroberta-base,distilroberta-base,2,1.0,7,25,19.0
local,distilroberta-base,distilroberta-base,2,1.0,7,26,15.0
local,distilroberta-base,distilroberta-base,2,1.0,7,27,20.0
local,distilroberta-base,distilroberta-base,2,1.0,7,28,22.0
local,distilroberta-base,distilroberta-base,2,1.0,7,29,17.0
local,distilroberta-base,distilroberta-base,2,1.0,7,30,19.0
local,distilroberta-base,distilroberta-base,2,1.0,7,31,22.0
local,distilroberta-base,distilroberta-base,2,1.0,7,32,23.0
local,distilroberta-base,distilroberta-base,2,1.0,7,33,27.0
local,distilroberta-base,distilroberta-base,2,1.0,7,34,23.0
local,distilroberta-base,distilroberta-base,2,1.0,7,35,21.0
local,distilroberta-base,distilroberta-base,2,1.0,7,36,19.0
local,distilroberta-base,distilroberta-base,2,1.0,7,37,23.0
local,distilroberta-base,distilroberta-base,2,1.0,7,38,22.0
local,distilroberta-base,distilroberta-base,2,1.0,7,39,24.0
local,distilroberta-base,distilroberta-base,2,1.0,7,40,22.0
local,distilroberta-base,distilroberta-base,2,1.0,7,41,20.0
local,distilroberta-base,distilroberta-base,2,1.0,7,42,15.0
local,distilroberta-base,distilroberta-base,2,1.0,7,43,19.0
local,distilroberta-base,distilroberta-base,2,1.0,7,44,18.0
local,distilroberta-base,distilroberta-base,2,1.0,7,45,17.0
local,distilroberta-base,distilroberta-base,2,1.0,7,46,22.0
local,distilroberta-base,distilroberta-base,2,1.0,7,47,22.0
local,distilroberta-base,distilroberta-base,2,1.0,7,48,24.0
local,distilroberta-base,distilroberta-base,2,1.0,7,49,23.0
local,distilroberta-base,distilroberta-base,2,1.0,7,50,23.0
local,distilroberta-base,distilroberta-base,2,1.0,7,51,22.0
local,distilroberta-base,distilroberta-base,2,1.0,7,52,23.0
local,distilroberta-base,distilroberta-base,2,1.0,7,53,21.0
local,distilroberta-base,distilroberta-base,2,1.0,7,54,25.0
local,distilroberta-base,distilroberta-base,2,1.0,7,55,26.0
local,distilroberta-base,distilroberta-base,2,1.0,7,56,21.0
local,distilroberta-base,distilroberta-base,2,1.0,7,57,17.0
local,distilroberta-base,distilroberta-base,2,1.0,7,58,22.0
local,distilroberta-base,distilroberta-base,2,1.0,7,59,25.0
local,distilroberta-base,distilroberta-base,2,1.0,7,60,22.0
local,distilroberta-base,distilroberta-base,2,1.0,7,61,19.0
local,distilroberta-base,distilroberta-base,2,1.0,7,62,21.0
local,distilroberta-base,distilroberta-base,2,1.0,7,63,23.0
local,distilroberta-base,distilroberta-base,2,1.0,7,64,27.0
local,distilroberta-base,distilroberta-base,2,1.0,7,65,26.0
local,distilroberta-base,distilroberta-base,2,1.0,7,66,23.0
local,distilroberta-base,distilroberta-base,2,1.0,7,67,22.0
local,distilroberta-base,distilroberta-base,2,1.0,7,68,21.0
local,distilroberta-base,distilroberta-base,2,1.0,7,69,19.0
local,distilroberta-base,distilroberta-base,2,1.0,7,70,18.0
local,distilroberta-base,distilroberta-base,2,1.0,7,71,20.0
local,distilroberta-base,distilroberta-base,2,1.0,7,72,21.0
local,distilroberta-base,distilroberta-base,2,1.0,7,73,24.0
local,distilroberta-base,distilroberta-base,2,1.0,7,74,23.0
local,distilroberta-base,distilroberta-base,2,1.0,7,75,22.0
local,distilroberta-base,distilroberta-base,2,1.0,7,76,25.0
local,distilroberta-base,distilroberta-base,2,1.0,7,77,26.0
local,distilroberta-base,distilroberta-base,2,1.0,7,78,25.0
local,distilroberta-base,distilroberta-base,2,1.0,7,79,22.0
local,distilroberta-base,distilroberta-base,2,1.0,7,80,24.0
local,distilroberta-base,distilroberta-base,2,1.0,7,81,19.0
local,distilroberta-base,distilroberta-base,2,1.0,7,82,20.0
local,distilroberta-base,distilroberta-base,2,1.0,7,83,20.0
local,distilroberta-base,distilroberta-base,2,1.0,7,84,18.0
local,distilroberta-base,distilroberta-base,2,1.0,7,85,15.0
local,distilroberta-base,distilroberta-base,2,1.0,7,86,18.0
local,distilroberta-base,distilroberta-base,2,1.0,7,87,19.0
local,distilroberta-base,distilroberta-base,2,1.0,7,88,24.0
local,distilroberta-base,distilroberta-base,2,1.0,7,89,21.0
local,distilroberta-base,distilroberta-base,2,1.0,7,90,20.0
local,distilroberta-base,distilroberta-base,2,1.0,7,91,17.0
local,distilroberta-base,distilroberta-base,2,1.0,7,92,19.0
local,distilroberta-base,distilroberta-base,2,1.0,7,93,20.0
local,distilroberta-base,distilroberta-base,2,1.0,7,94,20.0
local,distilroberta-base,distilroberta-base,2,1.0,7,95,22.0
local,distilroberta-base,distilroberta-base,2,1.0,7,96,22.0
local,distilroberta-base,distilroberta-base,2,1.0,7,97,17.0
local,distilroberta-base,distilroberta-base,2,1.0,7,98,18.0
local,distilroberta-base,distilroberta-base,2,1.0,7,99,17.0
local,distilroberta-base,distilroberta-base,2,1.0,7,100,16.0
local,distilroberta-base,distilroberta-base,2,1.0,7,101,19.0
local,distilroberta-base,distilroberta-base,2,1.0,7,102,20.0
local,distilroberta-base,distilroberta-base,2,1.0,7,103,20.0
local,distilroberta-base,distilroberta-base,2,1.0,7,104,27.0
local,distilroberta-base,distilroberta-base,2,1.0,7,105,24.0
local,distilroberta-base,distilroberta-base,2,1.0,7,106,25.0
local,distilroberta-base,distilroberta-base,2,1.0,7,107,24.0
local,distilroberta-base,distilroberta-base,2,1.0,7,108,23.0
local,distilroberta-base,distilroberta-base,2,1.0,7,109,22.0
local,distilroberta-base,distilroberta-base,2,1.0,7,110,18.0
local,distilroberta-base,distilroberta-base,2,1.0,7,111,23.0
local,distilroberta-base,distilroberta-base,2,1.0,7,112,20.0
local,distilroberta-base,distilroberta-base,2,1.0,7,113,17.0
local,distilroberta-base,distilroberta-base,2,1.0,7,114,22.0
local,distilroberta-base,distilroberta-base,2,1.0,7,115,20.0
local,distilroberta-base,distilroberta-base,2,1.0,7,116,28.0
local,distilroberta-base,distilroberta-base,2,1.0,7,117,26.0
local,distilroberta-base,distilroberta-base,2,1.0,7,118,26.0
local,distilroberta-base,distilroberta-base,2,1.0,7,119,28.0
local,distilroberta-base,distilroberta-base,2,1.0,7,120,25.0
local,distilroberta-base,distilroberta-base,2,1.0,8,0,1.0
local,distilroberta-base,distilroberta-base,2,1.0,8,1,1.0
local,distilroberta-base,distilroberta-base,2,1.0,8,2,1.0
local,distilroberta-base,distilroberta-base,2,1.0,8,3,1.0
local,distilroberta-base,distilroberta-base,2,1.0,8,4,1.0
local,distilroberta-base,distilroberta-base,2,1.0,8,5,3.0
local,distilroberta-base,distilroberta-base,2,1.0,8,6,4.0
local,distilroberta-base,distilroberta-base,2,1.0,8,7,4.0
local,distilroberta-base,distilroberta-base,2,1.0,8,8,3.0
local,distilroberta-base,distilroberta-base,2,1.0,8,9,2.0
local,distilroberta-base,distilroberta-base,2,1.0,8,10,4.0
local,distilroberta-base,distilroberta-base,2,1.0,8,11,3.0
local,distilroberta-base,distilroberta-base,2,1.0,8,12,6.0
local,distilroberta-base,distilroberta-base,2,1.0,8,13,6.0
local,distilroberta-base,distilroberta-base,2,1.0,8,14,5.0
local,distilroberta-base,distilroberta-base,2,1.0,8,15,6.0
local,distilroberta-base,distilroberta-base,2,1.0,8,16,8.0
local,distilroberta-base,distilroberta-base,2,1.0,8,17,12.0
local,distilroberta-base,distilroberta-base,2,1.0,8,18,18.0
local,distilroberta-base,distilroberta-base,2,1.0,8,19,22.0
local,distilroberta-base,distilroberta-base,2,1.0,8,20,18.0
local,distilroberta-base,distilroberta-base,2,1.0,8,21,17.0
local,distilroberta-base,distilroberta-base,2,1.0,8,22,20.0
local,distilroberta-base,distilroberta-base,2,1.0,8,23,21.0
local,distilroberta-base,distilroberta-base,2,1.0,8,24,20.0
local,distilroberta-base,distilroberta-base,2,1.0,8,25,19.0
local,distilroberta-base,distilroberta-base,2,1.0,8,26,17.0
local,distilroberta-base,distilroberta-base,2,1.0,8,27,20.0
local,distilroberta-base,distilroberta-base,2,1.0,8,28,24.0
local,distilroberta-base,distilroberta-base,2,1.0,8,29,23.0
local,distilroberta-base,distilroberta-base,2,1.0,8,30,18.0
local,distilroberta-base,distilroberta-base,2,1.0,8,31,17.0
local,distilroberta-base,distilroberta-base,2,1.0,8,32,21.0
local,distilroberta-base,distilroberta-base,2,1.0,8,33,21.0
local,distilroberta-base,distilroberta-base,2,1.0,8,34,23.0
local,distilroberta-base,distilroberta-base,2,1.0,8,35,23.0
local,distilroberta-base,distilroberta-base,2,1.0,8,36,27.0
local,distilroberta-base,distilroberta-base,2,1.0,8,37,22.0
local,distilroberta-base,distilroberta-base,2,1.0,8,38,19.0
local,distilroberta-base,distilroberta-base,2,1.0,8,39,20.0
local,distilroberta-base,distilroberta-base,2,1.0,8,40,20.0
local,distilroberta-base,distilroberta-base,2,1.0,8,41,21.0
local,distilroberta-base,distilroberta-base,2,1.0,8,42,15.0
local,distilroberta-base,distilroberta-base,2,1.0,8,43,22.0
local,distilroberta-base,distilroberta-base,2,1.0,8,44,24.0
local,distilroberta-base,distilroberta-base,2,1.0,8,45,24.0
local,distilroberta-base,distilroberta-base,2,1.0,8,46,26.0
local,distilroberta-base,distilroberta-base,2,1.0,8,47,26.0
local,distilroberta-base,distilroberta-base,2,1.0,8,48,20.0
local,distilroberta-base,distilroberta-base,2,1.0,8,49,21.0
local,distilroberta-base,distilroberta-base,2,1.0,8,50,22.0
local,distilroberta-base,distilroberta-base,2,1.0,8,51,15.0
local,distilroberta-base,distilroberta-base,2,1.0,8,52,13.0
local,distilroberta-base,distilroberta-base,2,1.0,8,53,17.0
local,distilroberta-base,distilroberta-base,2,1.0,8,54,20.0
local,distilroberta-base,distilroberta-base,2,1.0,8,55,20.0
local,distilroberta-base,distilroberta-base,2,1.0,8,56,18.0
local,distilroberta-base,distilroberta-base,2,1.0,8,57,18.0
local,distilroberta-base,distilroberta-base,2,1.0,8,58,17.0
local,distilroberta-base,distilroberta-base,2,1.0,8,59,21.0
local,distilroberta-base,distilroberta-base,2,1.0,8,60,28.0
local,distilroberta-base,distilroberta-base,2,1.0,8,61,23.0
local,distilroberta-base,distilroberta-base,2,1.0,8,62,26.0
local,distilroberta-base,distilroberta-base,2,1.0,8,63,20.0
local,distilroberta-base,distilroberta-base,2,1.0,8,64,24.0
local,distilroberta-base,distilroberta-base,2,1.0,8,65,27.0
local,distilroberta-base,distilroberta-base,2,1.0,8,66,27.0
local,distilroberta-base,distilroberta-base,2,1.0,8,67,29.0
local,distilroberta-base,distilroberta-base,2,1.0,8,68,27.0
local,distilroberta-base,distilroberta-base,2,1.0,8,69,23.0
local,distilroberta-base,distilroberta-base,2,1.0,8,70,21.0
local,distilroberta-base,distilroberta-base,2,1.0,8,71,24.0
local,distilroberta-base,distilroberta-base,2,1.0,8,72,18.0
local,distilroberta-base,distilroberta-base,2,1.0,8,73,17.0
local,distilroberta-base,distilroberta-base,2,1.0,8,74,19.0
local,distilroberta-base,distilroberta-base,2,1.0,8,75,14.0
local,distilroberta-base,distilroberta-base,2,1.0,8,76,17.0
local,distilroberta-base,distilroberta-base,2,1.0,8,77,13.0
local,distilroberta-base,distilroberta-base,2,1.0,8,78,19.0
local,distilroberta-base,distilroberta-base,2,1.0,8,79,20.0
local,distilroberta-base,distilroberta-base,2,1.0,8,80,21.0
local,distilroberta-base,distilroberta-base,2,1.0,8,81,22.0
local,distilroberta-base,distilroberta-base,2,1.0,8,82,23.0
local,distilroberta-base,distilroberta-base,2,1.0,8,83,18.0
local,distilroberta-base,distilroberta-base,2,1.0,8,84,24.0
local,distilroberta-base,distilroberta-base,2,1.0,8,85,20.0
local,distilroberta-base,distilroberta-base,2,1.0,8,86,23.0
local,distilroberta-base,distilroberta-base,2,1.0,8,87,14.0
local,distilroberta-base,distilroberta-base,2,1.0,8,88,14.0
local,distilroberta-base,distilroberta-base,2,1.0,8,89,19.0
local,distilroberta-base,distilroberta-base,2,1.0,8,90,27.0
local,distilroberta-base,distilroberta-base,2,1.0,8,91,25.0
local,distilroberta-base,distilroberta-base,2,1.0,8,92,24.0
local,distilroberta-base,distilroberta-base,2,1.0,8,93,22.0
local,distilroberta-base,distilroberta-base,2,1.0,8,94,22.0
local,distilroberta-base,distilroberta-base,2,1.0,8,95,29.0
local,distilroberta-base,distilroberta-base,2,1.0,8,96,21.0
local,distilroberta-base,distilroberta-base,2,1.0,8,97,21.0
local,distilroberta-base,distilroberta-base,2,1.0,8,98,24.0
local,distilroberta-base,distilroberta-base,2,1.0,8,99,18.0
local,distilroberta-base,distilroberta-base,2,1.0,8,100,19.0
local,distilroberta-base,distilroberta-base,2,1.0,8,101,22.0
local,distilroberta-base,distilroberta-base,2,1.0,8,102,18.0
local,distilroberta-base,distilroberta-base,2,1.0,8,103,22.0
local,distilroberta-base,distilroberta-base,2,1.0,8,104,20.0
local,distilroberta-base,distilroberta-base,2,1.0,8,105,16.0
local,distilroberta-base,distilroberta-base,2,1.0,8,106,17.0
local,distilroberta-base,distilroberta-base,2,1.0,8,107,24.0
local,distilroberta-base,distilroberta-base,2,1.0,8,108,20.0
local,distilroberta-base,distilroberta-base,2,1.0,8,109,19.0
local,distilroberta-base,distilroberta-base,2,1.0,8,110,23.0
local,distilroberta-base,distilroberta-base,2,1.0,8,111,24.0
local,distilroberta-base,distilroberta-base,2,1.0,8,112,22.0
local,distilroberta-base,distilroberta-base,2,1.0,8,113,23.0
local,distilroberta-base,distilroberta-base,2,1.0,8,114,20.0
local,distilroberta-base,distilroberta-base,2,1.0,8,115,26.0
local,distilroberta-base,distilroberta-base,2,1.0,8,116,24.0
local,distilroberta-base,distilroberta-base,2,1.0,8,117,24.0
local,distilroberta-base,distilroberta-base,2,1.0,8,118,18.0
local,distilroberta-base,distilroberta-base,2,1.0,8,119,19.0
local,distilroberta-base,distilroberta-base,2,1.0,8,120,19.0
local,distilroberta-base,distilroberta-base,2,1.0,9,0,1.0
local,distilroberta-base,distilroberta-base,2,1.0,9,1,2.0
local,distilroberta-base,distilroberta-base,2,1.0,9,2,3.0
local,distilroberta-base,distilroberta-base,2,1.0,9,3,2.0
local,distilroberta-base,distilroberta-base,2,1.0,9,4,3.0
local,distilroberta-base,distilroberta-base,2,1.0,9,5,2.0
local,distilroberta-base,distilroberta-base,2,1.0,9,6,4.0
local,distilroberta-base,distilroberta-base,2,1.0,9,7,4.0
local,distilroberta-base,distilroberta-base,2,1.0,9,8,2.0
local,distilroberta-base,distilroberta-base,2,1.0,9,9,3.0
local,distilroberta-base,distilroberta-base,2,1.0,9,10,6.0
local,distilroberta-base,distilroberta-base,2,1.0,9,11,5.0
local,distilroberta-base,distilroberta-base,2,1.0,9,12,6.0
local,distilroberta-base,distilroberta-base,2,1.0,9,13,3.0
local,distilroberta-base,distilroberta-base,2,1.0,9,14,3.0
local,distilroberta-base,distilroberta-base,2,1.0,9,15,2.0
local,distilroberta-base,distilroberta-base,2,1.0,9,16,4.0
local,distilroberta-base,distilroberta-base,2,1.0,9,17,3.0
local,distilroberta-base,distilroberta-base,2,1.0,9,18,4.0
local,distilroberta-base,distilroberta-base,2,1.0,9,19,7.0
local,distilroberta-base,distilroberta-base,2,1.0,9,20,11.0
local,distilroberta-base,distilroberta-base,2,1.0,9,21,11.0
local,distilroberta-base,distilroberta-base,2,1.0,9,22,12.0
local,distilroberta-base,distilroberta-base,2,1.0,9,23,15.0
local,distilroberta-base,distilroberta-base,2,1.0,9,24,22.0
local,distilroberta-base,distilroberta-base,2,1.0,9,25,21.0
local,distilroberta-base,distilroberta-base,2,1.0,9,26,23.0
local,distilroberta-base,distilroberta-base,2,1.0,9,27,27.0
local,distilroberta-base,distilroberta-base,2,1.0,9,28,24.0
local,distilroberta-base,distilroberta-base,2,1.0,9,29,25.0
local,distilroberta-base,distilroberta-base,2,1.0,9,30,25.0
local,distilroberta-base,distilroberta-base,2,1.0,9,31,24.0
local,distilroberta-base,distilroberta-base,2,1.0,9,32,18.0
local,distilroberta-base,distilroberta-base,2,1.0,9,33,13.0
local,distilroberta-base,distilroberta-base,2,1.0,9,34,17.0
local,distilroberta-base,distilroberta-base,2,1.0,9,35,16.0
local,distilroberta-base,distilroberta-base,2,1.0,9,36,19.0
local,distilroberta-base,distilroberta-base,2,1.0,9,37,25.0
local,distilroberta-base,distilroberta-base,2,1.0,9,38,25.0
local,distilroberta-base,distilroberta-base,2,1.0,9,39,20.0
local,distilroberta-base,distilroberta-base,2,1.0,9,40,19.0
local,distilroberta-base,distilroberta-base,2,1.0,9,41,21.0
local,distilroberta-base,distilroberta-base,2,1.0,9,42,24.0
local,distilroberta-base,distilroberta-base,2,1.0,9,43,21.0
local,distilroberta-base,distilroberta-base,2,1.0,9,44,17.0
local,distilroberta-base,distilroberta-base,2,1.0,9,45,14.0
local,distilroberta-base,distilroberta-base,2,1.0,9,46,17.0
local,distilroberta-base,distilroberta-base,2,1.0,9,47,23.0
local,distilroberta-base,distilroberta-base,2,1.0,9,48,24.0
local,distilroberta-base,distilroberta-base,2,1.0,9,49,23.0
local,distilroberta-base,distilroberta-base,2,1.0,9,50,27.0
local,distilroberta-base,distilroberta-base,2,1.0,9,51,25.0
local,distilroberta-base,distilroberta-base,2,1.0,9,52,24.0
local,distilroberta-base,distilroberta-base,2,1.0,9,53,26.0
local,distilroberta-base,distilroberta-base,2,1.0,9,54,28.0
local,distilroberta-base,distilroberta-base,2,1.0,9,55,26.0
local,distilroberta-base,distilroberta-base,2,1.0,9,56,30.0
local,distilroberta-base,distilroberta-base,2,1.0,9,57,24.0
local,distilroberta-base,distilroberta-base,2,1.0,9,58,20.0
local,distilroberta-base,distilroberta-base,2,1.0,9,59,20.0
local,distilroberta-base,distilroberta-base,2,1.0,9,60,18.0
local,distilroberta-base,distilroberta-base,2,1.0,9,61,17.0
local,distilroberta-base,distilroberta-base,2,1.0,9,62,25.0
local,distilroberta-base,distilroberta-base,2,1.0,9,63,22.0
local,distilroberta-base,distilroberta-base,2,1.0,9,64,22.0
local,distilroberta-base,distilroberta-base,2,1.0,9,65,24.0
local,distilroberta-base,distilroberta-base,2,1.0,9,66,22.0
local,distilroberta-base,distilroberta-base,2,1.0,9,67,17.0
local,distilroberta-base,distilroberta-base,2,1.0,9,68,19.0
local,distilroberta-base,distilroberta-base,2,1.0,9,69,24.0
local,distilroberta-base,distilroberta-base,2,1.0,9,70,22.0
local,distilroberta-base,distilroberta-base,2,1.0,9,71,20.0
local,distilroberta-base,distilroberta-base,2,1.0,9,72,22.0
local,distilroberta-base,distilroberta-base,2,1.0,9,73,18.0
local,distilroberta-base,distilroberta-base,2,1.0,9,74,18.0
local,distilroberta-base,distilroberta-base,2,1.0,9,75,15.0
local,distilroberta-base,distilroberta-base,2,1.0,9,76,17.0
local,distilroberta-base,distilroberta-base,2,1.0,9,77,21.0
local,distilroberta-base,distilroberta-base,2,1.0,9,78,16.0
local,distilroberta-base,distilroberta-base,2,1.0,9,79,26.0
local,distilroberta-base,distilroberta-base,2,1.0,9,80,24.0
local,distilroberta-base,distilroberta-base,2,1.0,9,81,27.0
local,distilroberta-base,distilroberta-base,2,1.0,9,82,25.0
local,distilroberta-base,distilroberta-base,2,1.0,9,83,20.0
local,distilroberta-base,distilroberta-base,2,1.0,9,84,24.0
local,distilroberta-base,distilroberta-base,2,1.0,9,85,24.0
local,distilroberta-base,distilroberta-base,2,1.0,9,86,22.0
local,distilroberta-base,distilroberta-base,2,1.0,9,87,27.0
local,distilroberta-base,distilroberta-base,2,1.0,9,88,22.0
local,distilroberta-base,distilroberta-base,2,1.0,9,89,21.0
local,distilroberta-base,distilroberta-base,2,1.0,9,90,18.0
local,distilroberta-base,distilroberta-base,2,1.0,9,91,15.0
local,distilroberta-base,distilroberta-base,2,1.0,9,92,20.0
local,distilroberta-base,distilroberta-base,2,1.0,9,93,21.0
local,distilroberta-base,distilroberta-base,2,1.0,9,94,26.0
local,distilroberta-base,distilroberta-base,2,1.0,9,95,24.0
local,distilroberta-base,distilroberta-base,2,1.0,9,96,28.0
local,distilroberta-base,distilroberta-base,2,1.0,9,97,21.0
local,distilroberta-base,distilroberta-base,2,1.0,9,98,24.0
local,distilroberta-base,distilroberta-base,2,1.0,9,99,23.0
local,distilroberta-base,distilroberta-base,2,1.0,9,100,27.0
local,distilroberta-base,distilroberta-base,2,1.0,9,101,29.0
local,distilroberta-base,distilroberta-base,2,1.0,9,102,24.0
local,distilroberta-base,distilroberta-base,2,1.0,9,103,16.0
local,distilroberta-base,distilroberta-base,2,1.0,9,104,18.0
local,distilroberta-base,distilroberta-base,2,1.0,9,105,19.0
local,distilroberta-base,distilroberta-base,2,1.0,9,106,16.0
local,distilroberta-base,distilroberta-base,2,1.0,9,107,24.0
local,distilroberta-base,distilroberta-base,2,1.0,9,108,20.0
local,distilroberta-base,distilroberta-base,2,1.0,9,109,17.0
local,distilroberta-base,distilroberta-base,2,1.0,9,110,23.0
local,distilroberta-base,distilroberta-base,2,1.0,9,111,19.0
local,distilroberta-base,distilroberta-base,2,1.0,9,112,25.0
local,distilroberta-base,distilroberta-base,2,1.0,9,113,22.0
local,distilroberta-base,distilroberta-base,2,1.0,9,114,25.0
local,distilroberta-base,distilroberta-base,2,1.0,9,115,22.0
local,distilroberta-base,distilroberta-base,2,1.0,9,116,18.0
local,distilroberta-base,distilroberta-base,2,1.0,9,117,16.0
local,distilroberta-base,distilroberta-base,2,1.0,9,118,16.0
local,distilroberta-base,distilroberta-base,2,1.0,9,119,15.0
local,distilroberta-base,distilroberta-base,2,1.0,9,120,15.0
local,distilroberta-base,distilroberta-base,2,1.0,10,0,1.0
local,distilroberta-base,distilroberta-base,2,1.0,10,1,1.0
local,distilroberta-base,distilroberta-base,2,1.0,10,2,0.0
local,distilroberta-base,distilroberta-base,2,1.0,10,3,0.0
local,distilroberta-base,distilroberta-base,2,1.0,10,4,0.0
local,distilroberta-base,distilroberta-base,2,1.0,10,5,0.0
local,distilroberta-base,distilroberta-base,2,1.0,10,6,0.0
local,distilroberta-base,distilroberta-base,2,1.0,10,7,0.0
local,distilroberta-base,distilroberta-base,2,1.0,10,8,0.0
local,distilroberta-base,distilroberta-base,2,1.0,10,9,0.0
local,distilroberta-base,distilroberta-base,2,1.0,10,10,0.0
local,distilroberta-base,distilroberta-base,2,1.0,10,11,0.0
local,distilroberta-base,distilroberta-base,2,1.0,10,12,0.0
local,distilroberta-base,distilroberta-base,2,1.0,10,13,0.0
local,distilroberta-base,distilroberta-base,2,1.0,10,14,0.0
local,distilroberta-base,distilroberta-base,2,1.0,10,15,0.0
local,distilroberta-base,distilroberta-base,2,1.0,10,16,0.0
local,distilroberta-base,distilroberta-base,2,1.0,10,17,0.0
local,distilroberta-base,distilroberta-base,2,1.0,10,18,0.0
local,distilroberta-base,distilroberta-base,2,1.0,10,19,0.0
local,distilroberta-base,distilroberta-base,2,1.0,10,20,0.0
local,distilroberta-base,distilroberta-base,2,1.0,10,21,0.0
local,distilroberta-base,distilroberta-base,2,1.0,10,22,0.0
local,distilroberta-base,distilroberta-base,2,1.0,10,23,0.0
local,distilroberta-base,distilroberta-base,2,1.0,10,24,0.0
local,distilroberta-base,distilroberta-base,2,1.0,10,25,0.0
local,distilroberta-base,distilroberta-base,2,1.0,10,26,0.0
local,distilroberta-base,distilroberta-base,2,1.0,10,27,0.0
local,distilroberta-base,distilroberta-base,2,1.0,10,28,0.0
local,distilroberta-base,distilroberta-base,2,1.0,10,29,0.0
local,distilroberta-base,distilroberta-base,2,1.0,10,30,0.0
local,distilroberta-base,distilroberta-base,2,1.0,10,31,0.0
local,distilroberta-base,distilroberta-base,2,1.0,10,32,0.0
local,distilroberta-base,distilroberta-base,2,1.0,10,33,0.0
local,distilroberta-base,distilroberta-base,2,1.0,10,34,0.0
local,distilroberta-base,distilroberta-base,2,1.0,10,35,0.0
local,distilroberta-base,distilroberta-base,2,1.0,10,36,0.0
local,distilroberta-base,distilroberta-base,2,1.0,10,37,0.0
local,distilroberta-base,distilroberta-base,2,1.0,10,38,0.0
local,distilroberta-base,distilroberta-base,2,1.0,10,39,0.0
local,distilroberta-base,distilroberta-base,2,1.0,10,40,0.0
local,distilroberta-base,distilroberta-base,2,1.0,10,41,0.0
local,distilroberta-base,distilroberta-base,2,1.0,10,42,0.0
local,distilroberta-base,distilroberta-base,2,1.0,10,43,0.0
local,distilroberta-base,distilroberta-base,2,1.0,10,44,0.0
local,distilroberta-base,distilroberta-base,2,1.0,10,45,0.0
local,distilroberta-base,distilroberta-base,2,1.0,10,46,0.0
local,distilroberta-base,distilroberta-base,2,1.0,10,47,0.0
local,distilroberta-base,distilroberta-base,2,1.0,10,48,0.0
local,distilroberta-base,distilroberta-base,2,1.0,10,49,0.0
local,distilroberta-base,distilroberta-base,2,1.0,10,50,0.0
local,distilroberta-base,distilroberta-base,2,1.0,10,51,0.0
local,distilroberta-base,distilroberta-base,2,1.0,10,52,0.0
local,distilroberta-base,distilroberta-base,2,1.0,10,53,0.0
local,distilroberta-base,distilroberta-base,2,1.0,10,54,0.0
local,distilroberta-base,distilroberta-base,2,1.0,10,55,0.0
local,distilroberta-base,distilroberta-base,2,1.0,10,56,0.0
local,distilroberta-base,distilroberta-base,2,1.0,10,57,0.0
local,distilroberta-base,distilroberta-base,2,1.0,10,58,0.0
local,distilroberta-base,distilroberta-base,2,1.0,10,59,0.0
local,distilroberta-base,distilroberta-base,2,1.0,10,60,0.0
local,distilroberta-base,distilroberta-base,2,1.0,10,61,0.0
local,distilroberta-base,distilroberta-base,2,1.0,10,62,0.0
local,distilroberta-base,distilroberta-base,2,1.0,10,63,0.0
local,distilroberta-base,distilroberta-base,2,1.0,10,64,0.0
local,distilroberta-base,distilroberta-base,2,1.0,10,65,0.0
local,distilroberta-base,distilroberta-base,2,1.0,10,66,0.0
local,distilroberta-base,distilroberta-base,2,1.0,10,67,0.0
local,distilroberta-base,distilroberta-base,2,1.0,10,68,0.0
local,distilroberta-base,distilroberta-base,2,1.0,10,69,0.0
local,distilroberta-base,distilroberta-base,2,1.0,10,70,0.0
local,distilroberta-base,distilroberta-base,2,1.0,10,71,0.0
local,distilroberta-base,distilroberta-base,2,1.0,10,72,0.0
local,distilroberta-base,distilroberta-base,2,1.0,10,73,0.0
local,distilroberta-base,distilroberta-base,2,1.0,10,74,0.0
local,distilroberta-base,distilroberta-base,2,1.0,10,75,0.0
local,distilroberta-base,distilroberta-base,2,1.0,10,76,0.0
local,distilroberta-base,distilroberta-base,2,1.0,10,77,0.0
local,distilroberta-base,distilroberta-base,2,1.0,10,78,0.0
local,distilroberta-base,distilroberta-base,2,1.0,10,79,0.0
local,distilroberta-base,distilroberta-base,2,1.0,10,80,0.0
local,distilroberta-base,distilroberta-base,2,1.0,10,81,0.0
local,distilroberta-base,distilroberta-base,2,1.0,10,82,0.0
local,distilroberta-base,distilroberta-base,2,1.0,10,83,0.0
local,distilroberta-base,distilroberta-base,2,1.0,10,84,0.0
local,distilroberta-base,distilroberta-base,2,1.0,10,85,0.0
local,distilroberta-base,distilroberta-base,2,1.0,10,86,0.0
local,distilroberta-base,distilroberta-base,2,1.0,10,87,0.0
local,distilroberta-base,distilroberta-base,2,1.0,10,88,0.0
local,distilroberta-base,distilroberta-base,2,1.0,10,89,0.0
local,distilroberta-base,distilroberta-base,2,1.0,10,90,0.0
local,distilroberta-base,distilroberta-base,2,1.0,10,91,0.0
local,distilroberta-base,distilroberta-base,2,1.0,10,92,0.0
local,distilroberta-base,distilroberta-base,2,1.0,10,93,0.0
local,distilroberta-base,distilroberta-base,2,1.0,10,94,0.0
local,distilroberta-base,distilroberta-base,2,1.0,10,95,0.0
local,distilroberta-base,distilroberta-base,2,1.0,10,96,0.0
local,distilroberta-base,distilroberta-base,2,1.0,10,97,0.0
local,distilroberta-base,distilroberta-base,2,1.0,10,98,0.0
local,distilroberta-base,distilroberta-base,2,1.0,10,99,0.0
local,distilroberta-base,distilroberta-base,2,1.0,10,100,0.0
local,distilroberta-base,distilroberta-base,2,1.0,10,101,0.0
local,distilroberta-base,distilroberta-base,2,1.0,10,102,0.0
local,distilroberta-base,distilroberta-base,2,1.0,10,103,0.0
local,distilroberta-base,distilroberta-base,2,1.0,10,104,0.0
local,distilroberta-base,distilroberta-base,2,1.0,10,105,0.0
local,distilroberta-base,distilroberta-base,2,1.0,10,106,0.0
local,distilroberta-base,distilroberta-base,2,1.0,10,107,0.0
local,distilroberta-base,distilroberta-base,2,1.0,10,108,0.0
local,distilroberta-base,distilroberta-base,2,1.0,10,109,0.0
local,distilroberta-base,distilroberta-base,2,1.0,10,110,0.0
local,distilroberta-base,distilroberta-base,2,1.0,10,111,0.0
local,distilroberta-base,distilroberta-base,2,1.0,10,112,0.0
local,distilroberta-base,distilroberta-base,2,1.0,10,113,0.0
local,distilroberta-base,distilroberta-base,2,1.0,10,114,0.0
local,distilroberta-base,distilroberta-base,2,1.0,10,115,0.0
local,distilroberta-base,distilroberta-base,2,1.0,10,116,0.0
local,distilroberta-base,distilroberta-base,2,1.0,10,117,0.0
local,distilroberta-base,distilroberta-base,2,1.0,10,118,0.0
local,distilroberta-base,distilroberta-base,2,1.0,10,119,0.0
local,distilroberta-base,distilroberta-base,2,1.0,10,120,0.0
local,distilroberta-base,distilroberta-base,2,1.0,11,0,1.0
local,distilroberta-base,distilroberta-base,2,1.0,11,1,1.0
local,distilroberta-base,distilroberta-base,2,1.0,11,2,3.0
local,distilroberta-base,distilroberta-base,2,1.0,11,3,5.0
local,distilroberta-base,distilroberta-base,2,1.0,11,4,4.0
local,distilroberta-base,distilroberta-base,2,1.0,11,5,4.0
local,distilroberta-base,distilroberta-base,2,1.0,11,6,3.0
local,distilroberta-base,distilroberta-base,2,1.0,11,7,5.0
local,distilroberta-base,distilroberta-base,2,1.0,11,8,4.0
local,distilroberta-base,distilroberta-base,2,1.0,11,9,4.0
local,distilroberta-base,distilroberta-base,2,1.0,11,10,2.0
local,distilroberta-base,distilroberta-base,2,1.0,11,11,3.0
local,distilroberta-base,distilroberta-base,2,1.0,11,12,3.0
local,distilroberta-base,distilroberta-base,2,1.0,11,13,4.0
local,distilroberta-base,distilroberta-base,2,1.0,11,14,4.0
local,distilroberta-base,distilroberta-base,2,1.0,11,15,6.0
local,distilroberta-base,distilroberta-base,2,1.0,11,16,6.0
local,distilroberta-base,distilroberta-base,2,1.0,11,17,4.0
local,distilroberta-base,distilroberta-base,2,1.0,11,18,2.0
local,distilroberta-base,distilroberta-base,2,1.0,11,19,2.0
local,distilroberta-base,distilroberta-base,2,1.0,11,20,1.0
local,distilroberta-base,distilroberta-base,2,1.0,11,21,0.0
local,distilroberta-base,distilroberta-base,2,1.0,11,22,0.0
local,distilroberta-base,distilroberta-base,2,1.0,11,23,0.0
local,distilroberta-base,distilroberta-base,2,1.0,11,24,0.0
local,distilroberta-base,distilroberta-base,2,1.0,11,25,0.0
local,distilroberta-base,distilroberta-base,2,1.0,11,26,0.0
local,distilroberta-base,distilroberta-base,2,1.0,11,27,0.0
local,distilroberta-base,distilroberta-base,2,1.0,11,28,0.0
local,distilroberta-base,distilroberta-base,2,1.0,11,29,0.0
local,distilroberta-base,distilroberta-base,2,1.0,11,30,0.0
local,distilroberta-base,distilroberta-base,2,1.0,11,31,0.0
local,distilroberta-base,distilroberta-base,2,1.0,11,32,0.0
local,distilroberta-base,distilroberta-base,2,1.0,11,33,0.0
local,distilroberta-base,distilroberta-base,2,1.0,11,34,0.0
local,distilroberta-base,distilroberta-base,2,1.0,11,35,0.0
local,distilroberta-base,distilroberta-base,2,1.0,11,36,0.0
local,distilroberta-base,distilroberta-base,2,1.0,11,37,0.0
local,distilroberta-base,distilroberta-base,2,1.0,11,38,0.0
local,distilroberta-base,distilroberta-base,2,1.0,11,39,0.0
local,distilroberta-base,distilroberta-base,2,1.0,11,40,0.0
local,distilroberta-base,distilroberta-base,2,1.0,11,41,0.0
local,distilroberta-base,distilroberta-base,2,1.0,11,42,0.0
local,distilroberta-base,distilroberta-base,2,1.0,11,43,0.0
local,distilroberta-base,distilroberta-base,2,1.0,11,44,0.0
local,distilroberta-base,distilroberta-base,2,1.0,11,45,0.0
local,distilroberta-base,distilroberta-base,2,1.0,11,46,0.0
local,distilroberta-base,distilroberta-base,2,1.0,11,47,0.0
local,distilroberta-base,distilroberta-base,2,1.0,11,48,0.0
local,distilroberta-base,distilroberta-base,2,1.0,11,49,0.0
local,distilroberta-base,distilroberta-base,2,1.0,11,50,0.0
local,distilroberta-base,distilroberta-base,2,1.0,11,51,0.0
local,distilroberta-base,distilroberta-base,2,1.0,11,52,0.0
local,distilroberta-base,distilroberta-base,2,1.0,11,53,0.0
local,distilroberta-base,distilroberta-base,2,1.0,11,54,0.0
local,distilroberta-base,distilroberta-base,2,1.0,11,55,0.0
local,distilroberta-base,distilroberta-base,2,1.0,11,56,0.0
local,distilroberta-base,distilroberta-base,2,1.0,11,57,0.0
local,distilroberta-base,distilroberta-base,2,1.0,11,58,0.0
local,distilroberta-base,distilroberta-base,2,1.0,11,59,0.0
local,distilroberta-base,distilroberta-base,2,1.0,11,60,0.0
local,distilroberta-base,distilroberta-base,2,1.0,11,61,0.0
local,distilroberta-base,distilroberta-base,2,1.0,11,62,0.0
local,distilroberta-base,distilroberta-base,2,1.0,11,63,0.0
local,distilroberta-base,distilroberta-base,2,1.0,11,64,0.0
local,distilroberta-base,distilroberta-base,2,1.0,11,65,0.0
local,distilroberta-base,distilroberta-base,2,1.0,11,66,0.0
local,distilroberta-base,distilroberta-base,2,1.0,11,67,0.0
local,distilroberta-base,distilroberta-base,2,1.0,11,68,0.0
local,distilroberta-base,distilroberta-base,2,1.0,11,69,0.0
local,distilroberta-base,distilroberta-base,2,1.0,11,70,0.0
local,distilroberta-base,distilroberta-base,2,1.0,11,71,0.0
local,distilroberta-base,distilroberta-base,2,1.0,11,72,0.0
local,distilroberta-base,distilroberta-base,2,1.0,11,73,0.0
local,distilroberta-base,distilroberta-base,2,1.0,11,74,0.0
local,distilroberta-base,distilroberta-base,2,1.0,11,75,0.0
local,distilroberta-base,distilroberta-base,2,1.0,11,76,0.0
local,distilroberta-base,distilroberta-base,2,1.0,11,77,0.0
local,distilroberta-base,distilroberta-base,2,1.0,11,78,0.0
local,distilroberta-base,distilroberta-base,2,1.0,11,79,0.0
local,distilroberta-base,distilroberta-base,2,1.0,11,80,0.0
local,distilroberta-base,distilroberta-base,2,1.0,11,81,0.0
local,distilroberta-base,distilroberta-base,2,1.0,11,82,0.0
local,distilroberta-base,distilroberta-base,2,1.0,11,83,0.0
local,distilroberta-base,distilroberta-base,2,1.0,11,84,0.0
local,distilroberta-base,distilroberta-base,2,1.0,11,85,0.0
local,distilroberta-base,distilroberta-base,2,1.0,11,86,0.0
local,distilroberta-base,distilroberta-base,2,1.0,11,87,0.0
local,distilroberta-base,distilroberta-base,2,1.0,11,88,0.0
local,distilroberta-base,distilroberta-base,2,1.0,11,89,0.0
local,distilroberta-base,distilroberta-base,2,1.0,11,90,0.0
local,distilroberta-base,distilroberta-base,2,1.0,11,91,0.0
local,distilroberta-base,distilroberta-base,2,1.0,11,92,0.0
local,distilroberta-base,distilroberta-base,2,1.0,11,93,0.0
local,distilroberta-base,distilroberta-base,2,1.0,11,94,0.0
local,distilroberta-base,distilroberta-base,2,1.0,11,95,0.0
local,distilroberta-base,distilroberta-base,2,1.0,11,96,0.0
local,distilroberta-base,distilroberta-base,2,1.0,11,97,0.0
local,distilroberta-base,distilroberta-base,2,1.0,11,98,0.0
local,distilroberta-base,distilroberta-base,2,1.0,11,99,0.0
local,distilroberta-base,distilroberta-base,2,1.0,11,100,0.0
local,distilroberta-base,distilroberta-base,2,1.0,11,101,0.0
local,distilroberta-base,distilroberta-base,2,1.0,11,102,0.0
local,distilroberta-base,distilroberta-base,2,1.0,11,103,0.0
local,distilroberta-base,distilroberta-base,2,1.0,11,104,0.0
local,distilroberta-base,distilroberta-base,2,1.0,11,105,0.0
local,distilroberta-base,distilroberta-base,2,1.0,11,106,0.0
local,distilroberta-base,distilroberta-base,2,1.0,11,107,0.0
local,distilroberta-base,distilroberta-base,2,1.0,11,108,0.0
local,distilroberta-base,distilroberta-base,2,1.0,11,109,0.0
local,distilroberta-base,distilroberta-base,2,1.0,11,110,0.0
local,distilroberta-base,distilroberta-base,2,1.0,11,111,0.0
local,distilroberta-base,distilroberta-base,2,1.0,11,112,0.0
local,distilroberta-base,distilroberta-base,2,1.0,11,113,0.0
local,distilroberta-base,distilroberta-base,2,1.0,11,114,0.0
local,distilroberta-base,distilroberta-base,2,1.0,11,115,0.0
local,distilroberta-base,distilroberta-base,2,1.0,11,116,0.0
local,distilroberta-base,distilroberta-base,2,1.0,11,117,0.0
local,distilroberta-base,distilroberta-base,2,1.0,11,118,0.0
local,distilroberta-base,distilroberta-base,2,1.0,11,119,0.0
local,distilroberta-base,distilroberta-base,2,1.0,11,120,0.0
local,distilroberta-base,distilroberta-base,2,1.0,12,0,1.0
local,distilroberta-base,distilroberta-base,2,1.0,12,1,1.0
local,distilroberta-base,distilroberta-base,2,1.0,12,2,1.0
local,distilroberta-base,distilroberta-base,2,1.0,12,3,1.0
local,distilroberta-base,distilroberta-base,2,1.0,12,4,1.0
local,distilroberta-base,distilroberta-base,2,1.0,12,5,0.0
local,distilroberta-base,distilroberta-base,2,1.0,12,6,0.0
local,distilroberta-base,distilroberta-base,2,1.0,12,7,0.0
local,distilroberta-base,distilroberta-base,2,1.0,12,8,0.0
local,distilroberta-base,distilroberta-base,2,1.0,12,9,0.0
local,distilroberta-base,distilroberta-base,2,1.0,12,10,0.0
local,distilroberta-base,distilroberta-base,2,1.0,12,11,0.0
local,distilroberta-base,distilroberta-base,2,1.0,12,12,0.0
local,distilroberta-base,distilroberta-base,2,1.0,12,13,0.0
local,distilroberta-base,distilroberta-base,2,1.0,12,14,0.0
local,distilroberta-base,distilroberta-base,2,1.0,12,15,0.0
local,distilroberta-base,distilroberta-base,2,1.0,12,16,0.0
local,distilroberta-base,distilroberta-base,2,1.0,12,17,0.0
local,distilroberta-base,distilroberta-base,2,1.0,12,18,0.0
local,distilroberta-base,distilroberta-base,2,1.0,12,19,0.0
local,distilroberta-base,distilroberta-base,2,1.0,12,20,0.0
local,distilroberta-base,distilroberta-base,2,1.0,12,21,0.0
local,distilroberta-base,distilroberta-base,2,1.0,12,22,0.0
local,distilroberta-base,distilroberta-base,2,1.0,12,23,0.0
local,distilroberta-base,distilroberta-base,2,1.0,12,24,0.0
local,distilroberta-base,distilroberta-base,2,1.0,12,25,0.0
local,distilroberta-base,distilroberta-base,2,1.0,12,26,0.0
local,distilroberta-base,distilroberta-base,2,1.0,12,27,0.0
local,distilroberta-base,distilroberta-base,2,1.0,12,28,0.0
local,distilroberta-base,distilroberta-base,2,1.0,12,29,0.0
local,distilroberta-base,distilroberta-base,2,1.0,12,30,0.0
local,distilroberta-base,distilroberta-base,2,1.0,12,31,0.0
local,distilroberta-base,distilroberta-base,2,1.0,12,32,0.0
local,distilroberta-base,distilroberta-base,2,1.0,12,33,0.0
local,distilroberta-base,distilroberta-base,2,1.0,12,34,0.0
local,distilroberta-base,distilroberta-base,2,1.0,12,35,0.0
local,distilroberta-base,distilroberta-base,2,1.0,12,36,0.0
local,distilroberta-base,distilroberta-base,2,1.0,12,37,0.0
local,distilroberta-base,distilroberta-base,2,1.0,12,38,0.0
local,distilroberta-base,distilroberta-base,2,1.0,12,39,0.0
local,distilroberta-base,distilroberta-base,2,1.0,12,40,0.0
local,distilroberta-base,distilroberta-base,2,1.0,12,41,0.0
local,distilroberta-base,distilroberta-base,2,1.0,12,42,0.0
local,distilroberta-base,distilroberta-base,2,1.0,12,43,0.0
local,distilroberta-base,distilroberta-base,2,1.0,12,44,0.0
local,distilroberta-base,distilroberta-base,2,1.0,12,45,0.0
local,distilroberta-base,distilroberta-base,2,1.0,12,46,0.0
local,distilroberta-base,distilroberta-base,2,1.0,12,47,0.0
local,distilroberta-base,distilroberta-base,2,1.0,12,48,0.0
local,distilroberta-base,distilroberta-base,2,1.0,12,49,0.0
local,distilroberta-base,distilroberta-base,2,1.0,12,50,0.0
local,distilroberta-base,distilroberta-base,2,1.0,12,51,0.0
local,distilroberta-base,distilroberta-base,2,1.0,12,52,0.0
local,distilroberta-base,distilroberta-base,2,1.0,12,53,0.0
local,distilroberta-base,distilroberta-base,2,1.0,12,54,0.0
local,distilroberta-base,distilroberta-base,2,1.0,12,55,0.0
local,distilroberta-base,distilroberta-base,2,1.0,12,56,0.0
local,distilroberta-base,distilroberta-base,2,1.0,12,57,0.0
local,distilroberta-base,distilroberta-base,2,1.0,12,58,0.0
local,distilroberta-base,distilroberta-base,2,1.0,12,59,0.0
local,distilroberta-base,distilroberta-base,2,1.0,12,60,0.0
local,distilroberta-base,distilroberta-base,2,1.0,12,61,0.0
local,distilroberta-base,distilroberta-base,2,1.0,12,62,0.0
local,distilroberta-base,distilroberta-base,2,1.0,12,63,0.0
local,distilroberta-base,distilroberta-base,2,1.0,12,64,0.0
local,distilroberta-base,distilroberta-base,2,1.0,12,65,0.0
local,distilroberta-base,distilroberta-base,2,1.0,12,66,0.0
local,distilroberta-base,distilroberta-base,2,1.0,12,67,0.0
local,distilroberta-base,distilroberta-base,2,1.0,12,68,0.0
local,distilroberta-base,distilroberta-base,2,1.0,12,69,0.0
local,distilroberta-base,distilroberta-base,2,1.0,12,70,0.0
local,distilroberta-base,distilroberta-base,2,1.0,12,71,0.0
local,distilroberta-base,distilroberta-base,2,1.0,12,72,0.0
local,distilroberta-base,distilroberta-base,2,1.0,12,73,0.0
local,distilroberta-base,distilroberta-base,2,1.0,12,74,0.0
local,distilroberta-base,distilroberta-base,2,1.0,12,75,0.0
local,distilroberta-base,distilroberta-base,2,1.0,12,76,0.0
local,distilroberta-base,distilroberta-base,2,1.0,12,77,0.0
local,distilroberta-base,distilroberta-base,2,1.0,12,78,0.0
local,distilroberta-base,distilroberta-base,2,1.0,12,79,0.0
local,distilroberta-base,distilroberta-base,2,1.0,12,80,0.0
local,distilroberta-base,distilroberta-base,2,1.0,12,81,0.0
local,distilroberta-base,distilroberta-base,2,1.0,12,82,0.0
local,distilroberta-base,distilroberta-base,2,1.0,12,83,0.0
local,distilroberta-base,distilroberta-base,2,1.0,12,84,0.0
local,distilroberta-base,distilroberta-base,2,1.0,12,85,0.0
local,distilroberta-base,distilroberta-base,2,1.0,12,86,0.0
local,distilroberta-base,distilroberta-base,2,1.0,12,87,0.0
local,distilroberta-base,distilroberta-base,2,1.0,12,88,0.0
local,distilroberta-base,distilroberta-base,2,1.0,12,89,0.0
local,distilroberta-base,distilroberta-base,2,1.0,12,90,0.0
local,distilroberta-base,distilroberta-base,2,1.0,12,91,0.0
local,distilroberta-base,distilroberta-base,2,1.0,12,92,0.0
local,distilroberta-base,distilroberta-base,2,1.0,12,93,0.0
local,distilroberta-base,distilroberta-base,2,1.0,12,94,0.0
local,distilroberta-base,distilroberta-base,2,1.0,12,95,0.0
local,distilroberta-base,distilroberta-base,2,1.0,12,96,0.0
local,distilroberta-base,distilroberta-base,2,1.0,12,97,0.0
local,distilroberta-base,distilroberta-base,2,1.0,12,98,0.0
local,distilroberta-base,distilroberta-base,2,1.0,12,99,0.0
local,distilroberta-base,distilroberta-base,2,1.0,12,100,0.0
local,distilroberta-base,distilroberta-base,2,1.0,12,101,0.0
local,distilroberta-base,distilroberta-base,2,1.0,12,102,0.0
local,distilroberta-base,distilroberta-base,2,1.0,12,103,0.0
local,distilroberta-base,distilroberta-base,2,1.0,12,104,0.0
local,distilroberta-base,distilroberta-base,2,1.0,12,105,0.0
local,distilroberta-base,distilroberta-base,2,1.0,12,106,0.0
local,distilroberta-base,distilroberta-base,2,1.0,12,107,0.0
local,distilroberta-base,distilroberta-base,2,1.0,12,108,0.0
local,distilroberta-base,distilroberta-base,2,1.0,12,109,0.0
local,distilroberta-base,distilroberta-base,2,1.0,12,110,0.0
local,distilroberta-base,distilroberta-base,2,1.0,12,111,0.0
local,distilroberta-base,distilroberta-base,2,1.0,12,112,0.0
local,distilroberta-base,distilroberta-base,2,1.0,12,113,0.0
local,distilroberta-base,distilroberta-base,2,1.0,12,114,0.0
local,distilroberta-base,distilroberta-base,2,1.0,12,115,0.0
local,distilroberta-base,distilroberta-base,2,1.0,12,116,0.0
local,distilroberta-base,distilroberta-base,2,1.0,12,117,0.0
local,distilroberta-base,distilroberta-base,2,1.0,12,118,0.0
local,distilroberta-base,distilroberta-base,2,1.0,12,119,0.0
local,distilroberta-base,distilroberta-base,2,1.0,12,120,0.0
local,distilroberta-base,distilroberta-base,2,1.0,13,0,1.0
local,distilroberta-base,distilroberta-base,2,1.0,13,1,1.0
local,distilroberta-base,distilroberta-base,2,1.0,13,2,3.0
local,distilroberta-base,distilroberta-base,2,1.0,13,3,1.0
local,distilroberta-base,distilroberta-base,2,1.0,13,4,2.0
local,distilroberta-base,distilroberta-base,2,1.0,13,5,2.0
local,distilroberta-base,distilroberta-base,2,1.0,13,6,0.0
local,distilroberta-base,distilroberta-base,2,1.0,13,7,0.0
local,distilroberta-base,distilroberta-base,2,1.0,13,8,0.0
local,distilroberta-base,distilroberta-base,2,1.0,13,9,0.0
local,distilroberta-base,distilroberta-base,2,1.0,13,10,0.0
local,distilroberta-base,distilroberta-base,2,1.0,13,11,0.0
local,distilroberta-base,distilroberta-base,2,1.0,13,12,0.0
local,distilroberta-base,distilroberta-base,2,1.0,13,13,0.0
local,distilroberta-base,distilroberta-base,2,1.0,13,14,0.0
local,distilroberta-base,distilroberta-base,2,1.0,13,15,0.0
local,distilroberta-base,distilroberta-base,2,1.0,13,16,0.0
local,distilroberta-base,distilroberta-base,2,1.0,13,17,0.0
local,distilroberta-base,distilroberta-base,2,1.0,13,18,0.0
local,distilroberta-base,distilroberta-base,2,1.0,13,19,0.0
local,distilroberta-base,distilroberta-base,2,1.0,13,20,0.0
local,distilroberta-base,distilroberta-base,2,1.0,13,21,0.0
local,distilroberta-base,distilroberta-base,2,1.0,13,22,0.0
local,distilroberta-base,distilroberta-base,2,1.0,13,23,0.0
local,distilroberta-base,distilroberta-base,2,1.0,13,24,0.0
local,distilroberta-base,distilroberta-base,2,1.0,13,25,0.0
local,distilroberta-base,distilroberta-base,2,1.0,13,26,0.0
local,distilroberta-base,distilroberta-base,2,1.0,13,27,0.0
local,distilroberta-base,distilroberta-base,2,1.0,13,28,0.0
local,distilroberta-base,distilroberta-base,2,1.0,13,29,0.0
local,distilroberta-base,distilroberta-base,2,1.0,13,30,0.0
local,distilroberta-base,distilroberta-base,2,1.0,13,31,0.0
local,distilroberta-base,distilroberta-base,2,1.0,13,32,0.0
local,distilroberta-base,distilroberta-base,2,1.0,13,33,0.0
local,distilroberta-base,distilroberta-base,2,1.0,13,34,0.0
local,distilroberta-base,distilroberta-base,2,1.0,13,35,0.0
local,distilroberta-base,distilroberta-base,2,1.0,13,36,0.0
local,distilroberta-base,distilroberta-base,2,1.0,13,37,0.0
local,distilroberta-base,distilroberta-base,2,1.0,13,38,0.0
local,distilroberta-base,distilroberta-base,2,1.0,13,39,0.0
local,distilroberta-base,distilroberta-base,2,1.0,13,40,0.0
local,distilroberta-base,distilroberta-base,2,1.0,13,41,0.0
local,distilroberta-base,distilroberta-base,2,1.0,13,42,0.0
local,distilroberta-base,distilroberta-base,2,1.0,13,43,0.0
local,distilroberta-base,distilroberta-base,2,1.0,13,44,0.0
local,distilroberta-base,distilroberta-base,2,1.0,13,45,0.0
local,distilroberta-base,distilroberta-base,2,1.0,13,46,0.0
local,distilroberta-base,distilroberta-base,2,1.0,13,47,0.0
local,distilroberta-base,distilroberta-base,2,1.0,13,48,0.0
local,distilroberta-base,distilroberta-base,2,1.0,13,49,0.0
local,distilroberta-base,distilroberta-base,2,1.0,13,50,0.0
local,distilroberta-base,distilroberta-base,2,1.0,13,51,0.0
local,distilroberta-base,distilroberta-base,2,1.0,13,52,0.0
local,distilroberta-base,distilroberta-base,2,1.0,13,53,0.0
local,distilroberta-base,distilroberta-base,2,1.0,13,54,0.0
local,distilroberta-base,distilroberta-base,2,1.0,13,55,0.0
local,distilroberta-base,distilroberta-base,2,1.0,13,56,0.0
local,distilroberta-base,distilroberta-base,2,1.0,13,57,0.0
local,distilroberta-base,distilroberta-base,2,1.0,13,58,0.0
local,distilroberta-base,distilroberta-base,2,1.0,13,59,0.0
local,distilroberta-base,distilroberta-base,2,1.0,13,60,0.0
local,distilroberta-base,distilroberta-base,2,1.0,13,61,0.0
local,distilroberta-base,distilroberta-base,2,1.0,13,62,0.0
local,distilroberta-base,distilroberta-base,2,1.0,13,63,0.0
local,distilroberta-base,distilroberta-base,2,1.0,13,64,0.0
local,distilroberta-base,distilroberta-base,2,1.0,13,65,0.0
local,distilroberta-base,distilroberta-base,2,1.0,13,66,0.0
local,distilroberta-base,distilroberta-base,2,1.0,13,67,0.0
local,distilroberta-base,distilroberta-base,2,1.0,13,68,0.0
local,distilroberta-base,distilroberta-base,2,1.0,13,69,0.0
local,distilroberta-base,distilroberta-base,2,1.0,13,70,0.0
local,distilroberta-base,distilroberta-base,2,1.0,13,71,0.0
local,distilroberta-base,distilroberta-base,2,1.0,13,72,0.0
local,distilroberta-base,distilroberta-base,2,1.0,13,73,0.0
local,distilroberta-base,distilroberta-base,2,1.0,13,74,0.0
local,distilroberta-base,distilroberta-base,2,1.0,13,75,0.0
local,distilroberta-base,distilroberta-base,2,1.0,13,76,0.0
local,distilroberta-base,distilroberta-base,2,1.0,13,77,0.0
local,distilroberta-base,distilroberta-base,2,1.0,13,78,0.0
local,distilroberta-base,distilroberta-base,2,1.0,13,79,0.0
local,distilroberta-base,distilroberta-base,2,1.0,13,80,0.0
local,distilroberta-base,distilroberta-base,2,1.0,13,81,0.0
local,distilroberta-base,distilroberta-base,2,1.0,13,82,0.0
local,distilroberta-base,distilroberta-base,2,1.0,13,83,0.0
local,distilroberta-base,distilroberta-base,2,1.0,13,84,0.0
local,distilroberta-base,distilroberta-base,2,1.0,13,85,0.0
local,distilroberta-base,distilroberta-base,2,1.0,13,86,0.0
local,distilroberta-base,distilroberta-base,2,1.0,13,87,0.0
local,distilroberta-base,distilroberta-base,2,1.0,13,88,0.0
local,distilroberta-base,distilroberta-base,2,1.0,13,89,0.0
local,distilroberta-base,distilroberta-base,2,1.0,13,90,0.0
local,distilroberta-base,distilroberta-base,2,1.0,13,91,0.0
local,distilroberta-base,distilroberta-base,2,1.0,13,92,0.0
local,distilroberta-base,distilroberta-base,2,1.0,13,93,0.0
local,distilroberta-base,distilroberta-base,2,1.0,13,94,0.0
local,distilroberta-base,distilroberta-base,2,1.0,13,95,0.0
local,distilroberta-base,distilroberta-base,2,1.0,13,96,0.0
local,distilroberta-base,distilroberta-base,2,1.0,13,97,0.0
local,distilroberta-base,distilroberta-base,2,1.0,13,98,0.0
local,distilroberta-base,distilroberta-base,2,1.0,13,99,0.0
local,distilroberta-base,distilroberta-base,2,1.0,13,100,0.0
local,distilroberta-base,distilroberta-base,2,1.0,13,101,0.0
local,distilroberta-base,distilroberta-base,2,1.0,13,102,0.0
local,distilroberta-base,distilroberta-base,2,1.0,13,103,0.0
local,distilroberta-base,distilroberta-base,2,1.0,13,104,0.0
local,distilroberta-base,distilroberta-base,2,1.0,13,105,0.0
local,distilroberta-base,distilroberta-base,2,1.0,13,106,0.0
local,distilroberta-base,distilroberta-base,2,1.0,13,107,0.0
local,distilroberta-base,distilroberta-base,2,1.0,13,108,0.0
local,distilroberta-base,distilroberta-base,2,1.0,13,109,0.0
local,distilroberta-base,distilroberta-base,2,1.0,13,110,0.0
local,distilroberta-base,distilroberta-base,2,1.0,13,111,0.0
local,distilroberta-base,distilroberta-base,2,1.0,13,112,0.0
local,distilroberta-base,distilroberta-base,2,1.0,13,113,0.0
local,distilroberta-base,distilroberta-base,2,1.0,13,114,0.0
local,distilroberta-base,distilroberta-base,2,1.0,13,115,0.0
local,distilroberta-base,distilroberta-base,2,1.0,13,116,0.0
local,distilroberta-base,distilroberta-base,2,1.0,13,117,0.0
local,distilroberta-base,distilroberta-base,2,1.0,13,118,0.0
local,distilroberta-base,distilroberta-base,2,1.0,13,119,0.0
local,distilroberta-base,distilroberta-base,2,1.0,13,120,0.0
local,distilroberta-base,distilroberta-base,2,1.0,14,0,1.0
local,distilroberta-base,distilroberta-base,2,1.0,14,1,8.0
local,distilroberta-base,distilroberta-base,2,1.0,14,2,10.0
local,distilroberta-base,distilroberta-base,2,1.0,14,3,11.0
local,distilroberta-base,distilroberta-base,2,1.0,14,4,15.0
local,distilroberta-base,distilroberta-base,2,1.0,14,5,16.0
local,distilroberta-base,distilroberta-base,2,1.0,14,6,20.0
local,distilroberta-base,distilroberta-base,2,1.0,14,7,18.0
local,distilroberta-base,distilroberta-base,2,1.0,14,8,21.0
local,distilroberta-base,distilroberta-base,2,1.0,14,9,25.0
local,distilroberta-base,distilroberta-base,2,1.0,14,10,29.0
local,distilroberta-base,distilroberta-base,2,1.0,14,11,27.0
local,distilroberta-base,distilroberta-base,2,1.0,14,12,21.0
local,distilroberta-base,distilroberta-base,2,1.0,14,13,21.0
local,distilroberta-base,distilroberta-base,2,1.0,14,14,24.0
local,distilroberta-base,distilroberta-base,2,1.0,14,15,26.0
local,distilroberta-base,distilroberta-base,2,1.0,14,16,22.0
local,distilroberta-base,distilroberta-base,2,1.0,14,17,16.0
local,distilroberta-base,distilroberta-base,2,1.0,14,18,14.0
local,distilroberta-base,distilroberta-base,2,1.0,14,19,21.0
local,distilroberta-base,distilroberta-base,2,1.0,14,20,20.0
local,distilroberta-base,distilroberta-base,2,1.0,14,21,23.0
local,distilroberta-base,distilroberta-base,2,1.0,14,22,23.0
local,distilroberta-base,distilroberta-base,2,1.0,14,23,20.0
local,distilroberta-base,distilroberta-base,2,1.0,14,24,21.0
local,distilroberta-base,distilroberta-base,2,1.0,14,25,19.0
local,distilroberta-base,distilroberta-base,2,1.0,14,26,22.0
local,distilroberta-base,distilroberta-base,2,1.0,14,27,20.0
local,distilroberta-base,distilroberta-base,2,1.0,14,28,24.0
local,distilroberta-base,distilroberta-base,2,1.0,14,29,22.0
local,distilroberta-base,distilroberta-base,2,1.0,14,30,24.0
local,distilroberta-base,distilroberta-base,2,1.0,14,31,24.0
local,distilroberta-base,distilroberta-base,2,1.0,14,32,23.0
local,distilroberta-base,distilroberta-base,2,1.0,14,33,27.0
local,distilroberta-base,distilroberta-base,2,1.0,14,34,18.0
local,distilroberta-base,distilroberta-base,2,1.0,14,35,18.0
local,distilroberta-base,distilroberta-base,2,1.0,14,36,17.0
local,distilroberta-base,distilroberta-base,2,1.0,14,37,21.0
local,distilroberta-base,distilroberta-base,2,1.0,14,38,21.0
local,distilroberta-base,distilroberta-base,2,1.0,14,39,20.0
local,distilroberta-base,distilroberta-base,2,1.0,14,40,21.0
local,distilroberta-base,distilroberta-base,2,1.0,14,41,23.0
local,distilroberta-base,distilroberta-base,2,1.0,14,42,24.0
local,distilroberta-base,distilroberta-base,2,1.0,14,43,17.0
local,distilroberta-base,distilroberta-base,2,1.0,14,44,17.0
local,distilroberta-base,distilroberta-base,2,1.0,14,45,19.0
local,distilroberta-base,distilroberta-base,2,1.0,14,46,27.0
local,distilroberta-base,distilroberta-base,2,1.0,14,47,25.0
local,distilroberta-base,distilroberta-base,2,1.0,14,48,23.0
local,distilroberta-base,distilroberta-base,2,1.0,14,49,24.0
local,distilroberta-base,distilroberta-base,2,1.0,14,50,23.0
local,distilroberta-base,distilroberta-base,2,1.0,14,51,21.0
local,distilroberta-base,distilroberta-base,2,1.0,14,52,26.0
local,distilroberta-base,distilroberta-base,2,1.0,14,53,24.0
local,distilroberta-base,distilroberta-base,2,1.0,14,54,22.0
local,distilroberta-base,distilroberta-base,2,1.0,14,55,22.0
local,distilroberta-base,distilroberta-base,2,1.0,14,56,26.0
local,distilroberta-base,distilroberta-base,2,1.0,14,57,20.0
local,distilroberta-base,distilroberta-base,2,1.0,14,58,22.0
local,distilroberta-base,distilroberta-base,2,1.0,14,59,22.0
local,distilroberta-base,distilroberta-base,2,1.0,14,60,23.0
local,distilroberta-base,distilroberta-base,2,1.0,14,61,27.0
local,distilroberta-base,distilroberta-base,2,1.0,14,62,25.0
local,distilroberta-base,distilroberta-base,2,1.0,14,63,22.0
local,distilroberta-base,distilroberta-base,2,1.0,14,64,19.0
local,distilroberta-base,distilroberta-base,2,1.0,14,65,22.0
local,distilroberta-base,distilroberta-base,2,1.0,14,66,26.0
local,distilroberta-base,distilroberta-base,2,1.0,14,67,23.0
local,distilroberta-base,distilroberta-base,2,1.0,14,68,26.0
local,distilroberta-base,distilroberta-base,2,1.0,14,69,29.0
local,distilroberta-base,distilroberta-base,2,1.0,14,70,25.0
local,distilroberta-base,distilroberta-base,2,1.0,14,71,21.0
local,distilroberta-base,distilroberta-base,2,1.0,14,72,20.0
local,distilroberta-base,distilroberta-base,2,1.0,14,73,17.0
local,distilroberta-base,distilroberta-base,2,1.0,14,74,24.0
local,distilroberta-base,distilroberta-base,2,1.0,14,75,22.0
local,distilroberta-base,distilroberta-base,2,1.0,14,76,16.0
local,distilroberta-base,distilroberta-base,2,1.0,14,77,20.0
local,distilroberta-base,distilroberta-base,2,1.0,14,78,18.0
local,distilroberta-base,distilroberta-base,2,1.0,14,79,26.0
local,distilroberta-base,distilroberta-base,2,1.0,14,80,23.0
local,distilroberta-base,distilroberta-base,2,1.0,14,81,19.0
local,distilroberta-base,distilroberta-base,2,1.0,14,82,26.0
local,distilroberta-base,distilroberta-base,2,1.0,14,83,24.0
local,distilroberta-base,distilroberta-base,2,1.0,14,84,18.0
local,distilroberta-base,distilroberta-base,2,1.0,14,85,21.0
local,distilroberta-base,distilroberta-base,2,1.0,14,86,25.0
local,distilroberta-base,distilroberta-base,2,1.0,14,87,25.0
local,distilroberta-base,distilroberta-base,2,1.0,14,88,23.0
local,distilroberta-base,distilroberta-base,2,1.0,14,89,22.0
local,distilroberta-base,distilroberta-base,2,1.0,14,90,22.0
local,distilroberta-base,distilroberta-base,2,1.0,14,91,25.0
local,distilroberta-base,distilroberta-base,2,1.0,14,92,18.0
local,distilroberta-base,distilroberta-base,2,1.0,14,93,18.0
local,distilroberta-base,distilroberta-base,2,1.0,14,94,15.0
local,distilroberta-base,distilroberta-base,2,1.0,14,95,22.0
local,distilroberta-base,distilroberta-base,2,1.0,14,96,20.0
local,distilroberta-base,distilroberta-base,2,1.0,14,97,22.0
local,distilroberta-base,distilroberta-base,2,1.0,14,98,23.0
local,distilroberta-base,distilroberta-base,2,1.0,14,99,21.0
local,distilroberta-base,distilroberta-base,2,1.0,14,100,18.0
local,distilroberta-base,distilroberta-base,2,1.0,14,101,15.0
local,distilroberta-base,distilroberta-base,2,1.0,14,102,19.0
local,distilroberta-base,distilroberta-base,2,1.0,14,103,20.0
local,distilroberta-base,distilroberta-base,2,1.0,14,104,18.0
local,distilroberta-base,distilroberta-base,2,1.0,14,105,22.0
local,distilroberta-base,distilroberta-base,2,1.0,14,106,14.0
local,distilroberta-base,distilroberta-base,2,1.0,14,107,16.0
local,distilroberta-base,distilroberta-base,2,1.0,14,108,17.0
local,distilroberta-base,distilroberta-base,2,1.0,14,109,21.0
local,distilroberta-base,distilroberta-base,2,1.0,14,110,24.0
local,distilroberta-base,distilroberta-base,2,1.0,14,111,26.0
local,distilroberta-base,distilroberta-base,2,1.0,14,112,24.0
local,distilroberta-base,distilroberta-base,2,1.0,14,113,20.0
local,distilroberta-base,distilroberta-base,2,1.0,14,114,26.0
local,distilroberta-base,distilroberta-base,2,1.0,14,115,19.0
local,distilroberta-base,distilroberta-base,2,1.0,14,116,21.0
local,distilroberta-base,distilroberta-base,2,1.0,14,117,18.0
local,distilroberta-base,distilroberta-base,2,1.0,14,118,21.0
local,distilroberta-base,distilroberta-base,2,1.0,14,119,22.0
local,distilroberta-base,distilroberta-base,2,1.0,14,120,23.0
local,distilroberta-base,distilroberta-base,2,1.0,15,0,1.0
local,distilroberta-base,distilroberta-base,2,1.0,15,1,1.0
local,distilroberta-base,distilroberta-base,2,1.0,15,2,1.0
local,distilroberta-base,distilroberta-base,2,1.0,15,3,2.0
local,distilroberta-base,distilroberta-base,2,1.0,15,4,4.0
local,distilroberta-base,distilroberta-base,2,1.0,15,5,8.0
local,distilroberta-base,distilroberta-base,2,1.0,15,6,12.0
local,distilroberta-base,distilroberta-base,2,1.0,15,7,13.0
local,distilroberta-base,distilroberta-base,2,1.0,15,8,8.0
local,distilroberta-base,distilroberta-base,2,1.0,15,9,7.0
local,distilroberta-base,distilroberta-base,2,1.0,15,10,5.0
local,distilroberta-base,distilroberta-base,2,1.0,15,11,5.0
local,distilroberta-base,distilroberta-base,2,1.0,15,12,5.0
local,distilroberta-base,distilroberta-base,2,1.0,15,13,6.0
local,distilroberta-base,distilroberta-base,2,1.0,15,14,7.0
local,distilroberta-base,distilroberta-base,2,1.0,15,15,7.0
local,distilroberta-base,distilroberta-base,2,1.0,15,16,7.0
local,distilroberta-base,distilroberta-base,2,1.0,15,17,9.0
local,distilroberta-base,distilroberta-base,2,1.0,15,18,8.0
local,distilroberta-base,distilroberta-base,2,1.0,15,19,4.0
local,distilroberta-base,distilroberta-base,2,1.0,15,20,2.0
local,distilroberta-base,distilroberta-base,2,1.0,15,21,1.0
local,distilroberta-base,distilroberta-base,2,1.0,15,22,2.0
local,distilroberta-base,distilroberta-base,2,1.0,15,23,3.0
local,distilroberta-base,distilroberta-base,2,1.0,15,24,4.0
local,distilroberta-base,distilroberta-base,2,1.0,15,25,6.0
local,distilroberta-base,distilroberta-base,2,1.0,15,26,7.0
local,distilroberta-base,distilroberta-base,2,1.0,15,27,5.0
local,distilroberta-base,distilroberta-base,2,1.0,15,28,6.0
local,distilroberta-base,distilroberta-base,2,1.0,15,29,7.0
local,distilroberta-base,distilroberta-base,2,1.0,15,30,9.0
local,distilroberta-base,distilroberta-base,2,1.0,15,31,8.0
local,distilroberta-base,distilroberta-base,2,1.0,15,32,5.0
local,distilroberta-base,distilroberta-base,2,1.0,15,33,5.0
local,distilroberta-base,distilroberta-base,2,1.0,15,34,8.0
local,distilroberta-base,distilroberta-base,2,1.0,15,35,6.0
local,distilroberta-base,distilroberta-base,2,1.0,15,36,13.0
local,distilroberta-base,distilroberta-base,2,1.0,15,37,17.0
local,distilroberta-base,distilroberta-base,2,1.0,15,38,17.0
local,distilroberta-base,distilroberta-base,2,1.0,15,39,19.0
local,distilroberta-base,distilroberta-base,2,1.0,15,40,22.0
local,distilroberta-base,distilroberta-base,2,1.0,15,41,21.0
local,distilroberta-base,distilroberta-base,2,1.0,15,42,18.0
local,distilroberta-base,distilroberta-base,2,1.0,15,43,18.0
local,distilroberta-base,distilroberta-base,2,1.0,15,44,19.0
local,distilroberta-base,distilroberta-base,2,1.0,15,45,21.0
local,distilroberta-base,distilroberta-base,2,1.0,15,46,17.0
local,distilroberta-base,distilroberta-base,2,1.0,15,47,18.0
local,distilroberta-base,distilroberta-base,2,1.0,15,48,21.0
local,distilroberta-base,distilroberta-base,2,1.0,15,49,23.0
local,distilroberta-base,distilroberta-base,2,1.0,15,50,26.0
local,distilroberta-base,distilroberta-base,2,1.0,15,51,19.0
local,distilroberta-base,distilroberta-base,2,1.0,15,52,18.0
local,distilroberta-base,distilroberta-base,2,1.0,15,53,24.0
local,distilroberta-base,distilroberta-base,2,1.0,15,54,20.0
local,distilroberta-base,distilroberta-base,2,1.0,15,55,19.0
local,distilroberta-base,distilroberta-base,2,1.0,15,56,20.0
local,distilroberta-base,distilroberta-base,2,1.0,15,57,16.0
local,distilroberta-base,distilroberta-base,2,1.0,15,58,18.0
local,distilroberta-base,distilroberta-base,2,1.0,15,59,24.0
local,distilroberta-base,distilroberta-base,2,1.0,15,60,23.0
local,distilroberta-base,distilroberta-base,2,1.0,15,61,25.0
local,distilroberta-base,distilroberta-base,2,1.0,15,62,24.0
local,distilroberta-base,distilroberta-base,2,1.0,15,63,15.0
local,distilroberta-base,distilroberta-base,2,1.0,15,64,19.0
local,distilroberta-base,distilroberta-base,2,1.0,15,65,18.0
local,distilroberta-base,distilroberta-base,2,1.0,15,66,22.0
local,distilroberta-base,distilroberta-base,2,1.0,15,67,21.0
local,distilroberta-base,distilroberta-base,2,1.0,15,68,25.0
local,distilroberta-base,distilroberta-base,2,1.0,15,69,21.0
local,distilroberta-base,distilroberta-base,2,1.0,15,70,26.0
local,distilroberta-base,distilroberta-base,2,1.0,15,71,19.0
local,distilroberta-base,distilroberta-base,2,1.0,15,72,17.0
local,distilroberta-base,distilroberta-base,2,1.0,15,73,20.0
local,distilroberta-base,distilroberta-base,2,1.0,15,74,22.0
local,distilroberta-base,distilroberta-base,2,1.0,15,75,21.0
local,distilroberta-base,distilroberta-base,2,1.0,15,76,21.0
local,distilroberta-base,distilroberta-base,2,1.0,15,77,16.0
local,distilroberta-base,distilroberta-base,2,1.0,15,78,19.0
local,distilroberta-base,distilroberta-base,2,1.0,15,79,19.0
local,distilroberta-base,distilroberta-base,2,1.0,15,80,20.0
local,distilroberta-base,distilroberta-base,2,1.0,15,81,24.0
local,distilroberta-base,distilroberta-base,2,1.0,15,82,29.0
local,distilroberta-base,distilroberta-base,2,1.0,15,83,21.0
local,distilroberta-base,distilroberta-base,2,1.0,15,84,23.0
local,distilroberta-base,distilroberta-base,2,1.0,15,85,25.0
local,distilroberta-base,distilroberta-base,2,1.0,15,86,21.0
local,distilroberta-base,distilroberta-base,2,1.0,15,87,16.0
local,distilroberta-base,distilroberta-base,2,1.0,15,88,21.0
local,distilroberta-base,distilroberta-base,2,1.0,15,89,20.0
local,distilroberta-base,distilroberta-base,2,1.0,15,90,20.0
local,distilroberta-base,distilroberta-base,2,1.0,15,91,24.0
local,distilroberta-base,distilroberta-base,2,1.0,15,92,20.0
local,distilroberta-base,distilroberta-base,2,1.0,15,93,22.0
local,distilroberta-base,distilroberta-base,2,1.0,15,94,15.0
local,distilroberta-base,distilroberta-base,2,1.0,15,95,25.0
local,distilroberta-base,distilroberta-base,2,1.0,15,96,20.0
local,distilroberta-base,distilroberta-base,2,1.0,15,97,21.0
local,distilroberta-base,distilroberta-base,2,1.0,15,98,16.0
local,distilroberta-base,distilroberta-base,2,1.0,15,99,19.0
local,distilroberta-base,distilroberta-base,2,1.0,15,100,15.0
local,distilroberta-base,distilroberta-base,2,1.0,15,101,19.0
local,distilroberta-base,distilroberta-base,2,1.0,15,102,21.0
local,distilroberta-base,distilroberta-base,2,1.0,15,103,19.0
local,distilroberta-base,distilroberta-base,2,1.0,15,104,22.0
local,distilroberta-base,distilroberta-base,2,1.0,15,105,21.0
local,distilroberta-base,distilroberta-base,2,1.0,15,106,18.0
local,distilroberta-base,distilroberta-base,2,1.0,15,107,25.0
local,distilroberta-base,distilroberta-base,2,1.0,15,108,23.0
local,distilroberta-base,distilroberta-base,2,1.0,15,109,18.0
local,distilroberta-base,distilroberta-base,2,1.0,15,110,22.0
local,distilroberta-base,distilroberta-base,2,1.0,15,111,21.0
local,distilroberta-base,distilroberta-base,2,1.0,15,112,19.0
local,distilroberta-base,distilroberta-base,2,1.0,15,113,18.0
local,distilroberta-base,distilroberta-base,2,1.0,15,114,17.0
local,distilroberta-base,distilroberta-base,2,1.0,15,115,20.0
local,distilroberta-base,distilroberta-base,2,1.0,15,116,20.0
local,distilroberta-base,distilroberta-base,2,1.0,15,117,18.0
local,distilroberta-base,distilroberta-base,2,1.0,15,118,17.0
local,distilroberta-base,distilroberta-base,2,1.0,15,119,23.0
local,distilroberta-base,distilroberta-base,2,1.0,15,120,16.0
local,distilroberta-base,distilroberta-base,4,1.0,0,0,1.0
local,distilroberta-base,distilroberta-base,4,1.0,0,1,5.0
local,distilroberta-base,distilroberta-base,4,1.0,0,2,10.0
local,distilroberta-base,distilroberta-base,4,1.0,0,3,12.0
local,distilroberta-base,distilroberta-base,4,1.0,0,4,16.0
local,distilroberta-base,distilroberta-base,4,1.0,0,5,22.0
local,distilroberta-base,distilroberta-base,4,1.0,0,6,26.0
local,distilroberta-base,distilroberta-base,4,1.0,0,7,32.0
local,distilroberta-base,distilroberta-base,4,1.0,0,8,39.0
local,distilroberta-base,distilroberta-base,4,1.0,0,9,42.0
local,distilroberta-base,distilroberta-base,4,1.0,0,10,43.0
local,distilroberta-base,distilroberta-base,4,1.0,0,11,45.0
local,distilroberta-base,distilroberta-base,4,1.0,0,12,42.0
local,distilroberta-base,distilroberta-base,4,1.0,0,13,44.0
local,distilroberta-base,distilroberta-base,4,1.0,0,14,45.0
local,distilroberta-base,distilroberta-base,4,1.0,0,15,46.0
local,distilroberta-base,distilroberta-base,4,1.0,0,16,42.0
local,distilroberta-base,distilroberta-base,4,1.0,0,17,44.0
local,distilroberta-base,distilroberta-base,4,1.0,0,18,46.0
local,distilroberta-base,distilroberta-base,4,1.0,0,19,48.0
local,distilroberta-base,distilroberta-base,4,1.0,0,20,47.0
local,distilroberta-base,distilroberta-base,4,1.0,0,21,47.0
local,distilroberta-base,distilroberta-base,4,1.0,0,22,48.0
local,distilroberta-base,distilroberta-base,4,1.0,0,23,48.0
local,distilroberta-base,distilroberta-base,4,1.0,0,24,47.0
local,distilroberta-base,distilroberta-base,4,1.0,0,25,48.0
local,distilroberta-base,distilroberta-base,4,1.0,0,26,47.0
local,distilroberta-base,distilroberta-base,4,1.0,0,27,46.0
local,distilroberta-base,distilroberta-base,4,1.0,0,28,48.0
local,distilroberta-base,distilroberta-base,4,1.0,0,29,48.0
local,distilroberta-base,distilroberta-base,4,1.0,0,30,46.0
local,distilroberta-base,distilroberta-base,4,1.0,0,31,48.0
local,distilroberta-base,distilroberta-base,4,1.0,0,32,45.0
local,distilroberta-base,distilroberta-base,4,1.0,0,33,46.0
local,distilroberta-base,distilroberta-base,4,1.0,0,34,47.0
local,distilroberta-base,distilroberta-base,4,1.0,0,35,46.0
local,distilroberta-base,distilroberta-base,4,1.0,0,36,46.0
local,distilroberta-base,distilroberta-base,4,1.0,0,37,45.0
local,distilroberta-base,distilroberta-base,4,1.0,0,38,46.0
local,distilroberta-base,distilroberta-base,4,1.0,0,39,43.0
local,distilroberta-base,distilroberta-base,4,1.0,0,40,43.0
local,distilroberta-base,distilroberta-base,4,1.0,0,41,45.0
local,distilroberta-base,distilroberta-base,4,1.0,0,42,46.0
local,distilroberta-base,distilroberta-base,4,1.0,0,43,45.0
local,distilroberta-base,distilroberta-base,4,1.0,0,44,43.0
local,distilroberta-base,distilroberta-base,4,1.0,0,45,43.0
local,distilroberta-base,distilroberta-base,4,1.0,0,46,45.0
local,distilroberta-base,distilroberta-base,4,1.0,0,47,44.0
local,distilroberta-base,distilroberta-base,4,1.0,0,48,46.0
local,distilroberta-base,distilroberta-base,4,1.0,0,49,48.0
local,distilroberta-base,distilroberta-base,4,1.0,0,50,47.0
local,distilroberta-base,distilroberta-base,4,1.0,0,51,46.0
local,distilroberta-base,distilroberta-base,4,1.0,0,52,46.0
local,distilroberta-base,distilroberta-base,4,1.0,0,53,48.0
local,distilroberta-base,distilroberta-base,4,1.0,0,54,46.0
local,distilroberta-base,distilroberta-base,4,1.0,0,55,46.0
local,distilroberta-base,distilroberta-base,4,1.0,0,56,47.0
local,distilroberta-base,distilroberta-base,4,1.0,0,57,46.0
local,distilroberta-base,distilroberta-base,4,1.0,0,58,46.0
local,distilroberta-base,distilroberta-base,4,1.0,0,59,47.0
local,distilroberta-base,distilroberta-base,4,1.0,0,60,46.0
local,distilroberta-base,distilroberta-base,4,1.0,0,61,47.0
local,distilroberta-base,distilroberta-base,4,1.0,0,62,46.0
local,distilroberta-base,distilroberta-base,4,1.0,0,63,47.0
local,distilroberta-base,distilroberta-base,4,1.0,0,64,46.0
local,distilroberta-base,distilroberta-base,4,1.0,0,65,47.0
local,distilroberta-base,distilroberta-base,4,1.0,0,66,47.0
local,distilroberta-base,distilroberta-base,4,1.0,0,67,47.0
local,distilroberta-base,distilroberta-base,4,1.0,0,68,48.0
local,distilroberta-base,distilroberta-base,4,1.0,0,69,47.0
local,distilroberta-base,distilroberta-base,4,1.0,0,70,48.0
local,distilroberta-base,distilroberta-base,4,1.0,0,71,47.0
local,distilroberta-base,distilroberta-base,4,1.0,0,72,48.0
local,distilroberta-base,distilroberta-base,4,1.0,0,73,47.0
local,distilroberta-base,distilroberta-base,4,1.0,0,74,48.0
local,distilroberta-base,distilroberta-base,4,1.0,0,75,48.0
local,distilroberta-base,distilroberta-base,4,1.0,0,76,48.0
local,distilroberta-base,distilroberta-base,4,1.0,0,77,48.0
local,distilroberta-base,distilroberta-base,4,1.0,0,78,47.0
local,distilroberta-base,distilroberta-base,4,1.0,0,79,48.0
local,distilroberta-base,distilroberta-base,4,1.0,0,80,48.0
local,distilroberta-base,distilroberta-base,4,1.0,0,81,48.0
local,distilroberta-base,distilroberta-base,4,1.0,0,82,48.0
local,distilroberta-base,distilroberta-base,4,1.0,0,83,47.0
local,distilroberta-base,distilroberta-base,4,1.0,0,84,48.0
local,distilroberta-base,distilroberta-base,4,1.0,0,85,48.0
local,distilroberta-base,distilroberta-base,4,1.0,0,86,48.0
local,distilroberta-base,distilroberta-base,4,1.0,0,87,48.0
local,distilroberta-base,distilroberta-base,4,1.0,0,88,48.0
local,distilroberta-base,distilroberta-base,4,1.0,0,89,48.0
local,distilroberta-base,distilroberta-base,4,1.0,0,90,48.0
local,distilroberta-base,distilroberta-base,4,1.0,0,91,48.0
local,distilroberta-base,distilroberta-base,4,1.0,0,92,48.0
local,distilroberta-base,distilroberta-base,4,1.0,0,93,47.0
local,distilroberta-base,distilroberta-base,4,1.0,0,94,48.0
local,distilroberta-base,distilroberta-base,4,1.0,0,95,48.0
local,distilroberta-base,distilroberta-base,4,1.0,0,96,48.0
local,distilroberta-base,distilroberta-base,4,1.0,0,97,47.0
local,distilroberta-base,distilroberta-base,4,1.0,0,98,47.0
local,distilroberta-base,distilroberta-base,4,1.0,0,99,48.0
local,distilroberta-base,distilroberta-base,4,1.0,0,100,48.0
local,distilroberta-base,distilroberta-base,4,1.0,0,101,48.0
local,distilroberta-base,distilroberta-base,4,1.0,0,102,48.0
local,distilroberta-base,distilroberta-base,4,1.0,0,103,48.0
local,distilroberta-base,distilroberta-base,4,1.0,0,104,48.0
local,distilroberta-base,distilroberta-base,4,1.0,0,105,48.0
local,distilroberta-base,distilroberta-base,4,1.0,0,106,48.0
local,distilroberta-base,distilroberta-base,4,1.0,0,107,48.0
local,distilroberta-base,distilroberta-base,4,1.0,0,108,48.0
local,distilroberta-base,distilroberta-base,4,1.0,0,109,46.0
local,distilroberta-base,distilroberta-base,4,1.0,0,110,48.0
local,distilroberta-base,distilroberta-base,4,1.0,0,111,48.0
local,distilroberta-base,distilroberta-base,4,1.0,0,112,48.0
local,distilroberta-base,distilroberta-base,4,1.0,0,113,48.0
local,distilroberta-base,distilroberta-base,4,1.0,0,114,48.0
local,distilroberta-base,distilroberta-base,4,1.0,0,115,48.0
local,distilroberta-base,distilroberta-base,4,1.0,0,116,48.0
local,distilroberta-base,distilroberta-base,4,1.0,0,117,46.0
local,distilroberta-base,distilroberta-base,4,1.0,0,118,48.0
local,distilroberta-base,distilroberta-base,4,1.0,0,119,48.0
local,distilroberta-base,distilroberta-base,4,1.0,0,120,48.0
local,distilroberta-base,distilroberta-base,4,1.0,1,0,1.0
local,distilroberta-base,distilroberta-base,4,1.0,1,1,5.0
local,distilroberta-base,distilroberta-base,4,1.0,1,2,8.0
local,distilroberta-base,distilroberta-base,4,1.0,1,3,12.0
local,distilroberta-base,distilroberta-base,4,1.0,1,4,19.0
local,distilroberta-base,distilroberta-base,4,1.0,1,5,19.0
local,distilroberta-base,distilroberta-base,4,1.0,1,6,23.0
local,distilroberta-base,distilroberta-base,4,1.0,1,7,28.0
local,distilroberta-base,distilroberta-base,4,1.0,1,8,32.0
local,distilroberta-base,distilroberta-base,4,1.0,1,9,36.0
local,distilroberta-base,distilroberta-base,4,1.0,1,10,41.0
local,distilroberta-base,distilroberta-base,4,1.0,1,11,41.0
local,distilroberta-base,distilroberta-base,4,1.0,1,12,40.0
local,distilroberta-base,distilroberta-base,4,1.0,1,13,44.0
local,distilroberta-base,distilroberta-base,4,1.0,1,14,45.0
local,distilroberta-base,distilroberta-base,4,1.0,1,15,44.0
local,distilroberta-base,distilroberta-base,4,1.0,1,16,45.0
local,distilroberta-base,distilroberta-base,4,1.0,1,17,45.0
local,distilroberta-base,distilroberta-base,4,1.0,1,18,48.0
local,distilroberta-base,distilroberta-base,4,1.0,1,19,47.0
local,distilroberta-base,distilroberta-base,4,1.0,1,20,43.0
local,distilroberta-base,distilroberta-base,4,1.0,1,21,47.0
local,distilroberta-base,distilroberta-base,4,1.0,1,22,48.0
local,distilroberta-base,distilroberta-base,4,1.0,1,23,48.0
local,distilroberta-base,distilroberta-base,4,1.0,1,24,48.0
local,distilroberta-base,distilroberta-base,4,1.0,1,25,48.0
local,distilroberta-base,distilroberta-base,4,1.0,1,26,48.0
local,distilroberta-base,distilroberta-base,4,1.0,1,27,48.0
local,distilroberta-base,distilroberta-base,4,1.0,1,28,48.0
local,distilroberta-base,distilroberta-base,4,1.0,1,29,48.0
local,distilroberta-base,distilroberta-base,4,1.0,1,30,48.0
local,distilroberta-base,distilroberta-base,4,1.0,1,31,48.0
local,distilroberta-base,distilroberta-base,4,1.0,1,32,48.0
local,distilroberta-base,distilroberta-base,4,1.0,1,33,48.0
local,distilroberta-base,distilroberta-base,4,1.0,1,34,47.0
local,distilroberta-base,distilroberta-base,4,1.0,1,35,48.0
local,distilroberta-base,distilroberta-base,4,1.0,1,36,48.0
local,distilroberta-base,distilroberta-base,4,1.0,1,37,48.0
local,distilroberta-base,distilroberta-base,4,1.0,1,38,48.0
local,distilroberta-base,distilroberta-base,4,1.0,1,39,48.0
local,distilroberta-base,distilroberta-base,4,1.0,1,40,48.0
local,distilroberta-base,distilroberta-base,4,1.0,1,41,48.0
local,distilroberta-base,distilroberta-base,4,1.0,1,42,48.0
local,distilroberta-base,distilroberta-base,4,1.0,1,43,48.0
local,distilroberta-base,distilroberta-base,4,1.0,1,44,48.0
local,distilroberta-base,distilroberta-base,4,1.0,1,45,48.0
local,distilroberta-base,distilroberta-base,4,1.0,1,46,48.0
local,distilroberta-base,distilroberta-base,4,1.0,1,47,48.0
local,distilroberta-base,distilroberta-base,4,1.0,1,48,48.0
local,distilroberta-base,distilroberta-base,4,1.0,1,49,48.0
local,distilroberta-base,distilroberta-base,4,1.0,1,50,48.0
local,distilroberta-base,distilroberta-base,4,1.0,1,51,48.0
local,distilroberta-base,distilroberta-base,4,1.0,1,52,48.0
local,distilroberta-base,distilroberta-base,4,1.0,1,53,48.0
local,distilroberta-base,distilroberta-base,4,1.0,1,54,48.0
local,distilroberta-base,distilroberta-base,4,1.0,1,55,48.0
local,distilroberta-base,distilroberta-base,4,1.0,1,56,48.0
local,distilroberta-base,distilroberta-base,4,1.0,1,57,48.0
local,distilroberta-base,distilroberta-base,4,1.0,1,58,48.0
local,distilroberta-base,distilroberta-base,4,1.0,1,59,48.0
local,distilroberta-base,distilroberta-base,4,1.0,1,60,48.0
local,distilroberta-base,distilroberta-base,4,1.0,1,61,48.0
local,distilroberta-base,distilroberta-base,4,1.0,1,62,48.0
local,distilroberta-base,distilroberta-base,4,1.0,1,63,48.0
local,distilroberta-base,distilroberta-base,4,1.0,1,64,48.0
local,distilroberta-base,distilroberta-base,4,1.0,1,65,48.0
local,distilroberta-base,distilroberta-base,4,1.0,1,66,48.0
local,distilroberta-base,distilroberta-base,4,1.0,1,67,48.0
local,distilroberta-base,distilroberta-base,4,1.0,1,68,48.0
local,distilroberta-base,distilroberta-base,4,1.0,1,69,48.0
local,distilroberta-base,distilroberta-base,4,1.0,1,70,48.0
local,distilroberta-base,distilroberta-base,4,1.0,1,71,48.0
local,distilroberta-base,distilroberta-base,4,1.0,1,72,48.0
local,distilroberta-base,distilroberta-base,4,1.0,1,73,48.0
local,distilroberta-base,distilroberta-base,4,1.0,1,74,48.0
local,distilroberta-base,distilroberta-base,4,1.0,1,75,48.0
local,distilroberta-base,distilroberta-base,4,1.0,1,76,48.0
local,distilroberta-base,distilroberta-base,4,1.0,1,77,48.0
local,distilroberta-base,distilroberta-base,4,1.0,1,78,48.0
local,distilroberta-base,distilroberta-base,4,1.0,1,79,48.0
local,distilroberta-base,distilroberta-base,4,1.0,1,80,48.0
local,distilroberta-base,distilroberta-base,4,1.0,1,81,48.0
local,distilroberta-base,distilroberta-base,4,1.0,1,82,48.0
local,distilroberta-base,distilroberta-base,4,1.0,1,83,48.0
local,distilroberta-base,distilroberta-base,4,1.0,1,84,48.0
local,distilroberta-base,distilroberta-base,4,1.0,1,85,48.0
local,distilroberta-base,distilroberta-base,4,1.0,1,86,48.0
local,distilroberta-base,distilroberta-base,4,1.0,1,87,48.0
local,distilroberta-base,distilroberta-base,4,1.0,1,88,48.0
local,distilroberta-base,distilroberta-base,4,1.0,1,89,48.0
local,distilroberta-base,distilroberta-base,4,1.0,1,90,48.0
local,distilroberta-base,distilroberta-base,4,1.0,1,91,48.0
local,distilroberta-base,distilroberta-base,4,1.0,1,92,48.0
local,distilroberta-base,distilroberta-base,4,1.0,1,93,48.0
local,distilroberta-base,distilroberta-base,4,1.0,1,94,48.0
local,distilroberta-base,distilroberta-base,4,1.0,1,95,48.0
local,distilroberta-base,distilroberta-base,4,1.0,1,96,48.0
local,distilroberta-base,distilroberta-base,4,1.0,1,97,48.0
local,distilroberta-base,distilroberta-base,4,1.0,1,98,48.0
local,distilroberta-base,distilroberta-base,4,1.0,1,99,48.0
local,distilroberta-base,distilroberta-base,4,1.0,1,100,48.0
local,distilroberta-base,distilroberta-base,4,1.0,1,101,48.0
local,distilroberta-base,distilroberta-base,4,1.0,1,102,48.0
local,distilroberta-base,distilroberta-base,4,1.0,1,103,48.0
local,distilroberta-base,distilroberta-base,4,1.0,1,104,48.0
local,distilroberta-base,distilroberta-base,4,1.0,1,105,48.0
local,distilroberta-base,distilroberta-base,4,1.0,1,106,48.0
local,distilroberta-base,distilroberta-base,4,1.0,1,107,48.0
local,distilroberta-base,distilroberta-base,4,1.0,1,108,48.0
local,distilroberta-base,distilroberta-base,4,1.0,1,109,48.0
local,distilroberta-base,distilroberta-base,4,1.0,1,110,48.0
local,distilroberta-base,distilroberta-base,4,1.0,1,111,48.0
local,distilroberta-base,distilroberta-base,4,1.0,1,112,48.0
local,distilroberta-base,distilroberta-base,4,1.0,1,113,48.0
local,distilroberta-base,distilroberta-base,4,1.0,1,114,48.0
local,distilroberta-base,distilroberta-base,4,1.0,1,115,48.0
local,distilroberta-base,distilroberta-base,4,1.0,1,116,48.0
local,distilroberta-base,distilroberta-base,4,1.0,1,117,48.0
local,distilroberta-base,distilroberta-base,4,1.0,1,118,48.0
local,distilroberta-base,distilroberta-base,4,1.0,1,119,48.0
local,distilroberta-base,distilroberta-base,4,1.0,1,120,48.0
local,distilroberta-base,distilroberta-base,4,1.0,2,0,1.0
local,distilroberta-base,distilroberta-base,4,1.0,2,1,1.0
local,distilroberta-base,distilroberta-base,4,1.0,2,2,5.0
local,distilroberta-base,distilroberta-base,4,1.0,2,3,9.0
local,distilroberta-base,distilroberta-base,4,1.0,2,4,15.0
local,distilroberta-base,distilroberta-base,4,1.0,2,5,17.0
local,distilroberta-base,distilroberta-base,4,1.0,2,6,21.0
local,distilroberta-base,distilroberta-base,4,1.0,2,7,21.0
local,distilroberta-base,distilroberta-base,4,1.0,2,8,26.0
local,distilroberta-base,distilroberta-base,4,1.0,2,9,34.0
local,distilroberta-base,distilroberta-base,4,1.0,2,10,36.0
local,distilroberta-base,distilroberta-base,4,1.0,2,11,40.0
local,distilroberta-base,distilroberta-base,4,1.0,2,12,37.0
local,distilroberta-base,distilroberta-base,4,1.0,2,13,35.0
local,distilroberta-base,distilroberta-base,4,1.0,2,14,34.0
local,distilroberta-base,distilroberta-base,4,1.0,2,15,33.0
local,distilroberta-base,distilroberta-base,4,1.0,2,16,34.0
local,distilroberta-base,distilroberta-base,4,1.0,2,17,34.0
local,distilroberta-base,distilroberta-base,4,1.0,2,18,33.0
local,distilroberta-base,distilroberta-base,4,1.0,2,19,33.0
local,distilroberta-base,distilroberta-base,4,1.0,2,20,31.0
local,distilroberta-base,distilroberta-base,4,1.0,2,21,30.0
local,distilroberta-base,distilroberta-base,4,1.0,2,22,32.0
local,distilroberta-base,distilroberta-base,4,1.0,2,23,32.0
local,distilroberta-base,distilroberta-base,4,1.0,2,24,30.0
local,distilroberta-base,distilroberta-base,4,1.0,2,25,29.0
local,distilroberta-base,distilroberta-base,4,1.0,2,26,29.0
local,distilroberta-base,distilroberta-base,4,1.0,2,27,30.0
local,distilroberta-base,distilroberta-base,4,1.0,2,28,28.0
local,distilroberta-base,distilroberta-base,4,1.0,2,29,26.0
local,distilroberta-base,distilroberta-base,4,1.0,2,30,25.0
local,distilroberta-base,distilroberta-base,4,1.0,2,31,23.0
local,distilroberta-base,distilroberta-base,4,1.0,2,32,22.0
local,distilroberta-base,distilroberta-base,4,1.0,2,33,21.0
local,distilroberta-base,distilroberta-base,4,1.0,2,34,23.0
local,distilroberta-base,distilroberta-base,4,1.0,2,35,23.0
local,distilroberta-base,distilroberta-base,4,1.0,2,36,23.0
local,distilroberta-base,distilroberta-base,4,1.0,2,37,19.0
local,distilroberta-base,distilroberta-base,4,1.0,2,38,18.0
local,distilroberta-base,distilroberta-base,4,1.0,2,39,16.0
local,distilroberta-base,distilroberta-base,4,1.0,2,40,16.0
local,distilroberta-base,distilroberta-base,4,1.0,2,41,15.0
local,distilroberta-base,distilroberta-base,4,1.0,2,42,14.0
local,distilroberta-base,distilroberta-base,4,1.0,2,43,15.0
local,distilroberta-base,distilroberta-base,4,1.0,2,44,13.0
local,distilroberta-base,distilroberta-base,4,1.0,2,45,12.0
local,distilroberta-base,distilroberta-base,4,1.0,2,46,13.0
local,distilroberta-base,distilroberta-base,4,1.0,2,47,11.0
local,distilroberta-base,distilroberta-base,4,1.0,2,48,11.0
local,distilroberta-base,distilroberta-base,4,1.0,2,49,10.0
local,distilroberta-base,distilroberta-base,4,1.0,2,50,9.0
local,distilroberta-base,distilroberta-base,4,1.0,2,51,8.0
local,distilroberta-base,distilroberta-base,4,1.0,2,52,8.0
local,distilroberta-base,distilroberta-base,4,1.0,2,53,9.0
local,distilroberta-base,distilroberta-base,4,1.0,2,54,8.0
local,distilroberta-base,distilroberta-base,4,1.0,2,55,2.0
local,distilroberta-base,distilroberta-base,4,1.0,2,56,1.0
local,distilroberta-base,distilroberta-base,4,1.0,2,57,0.0
local,distilroberta-base,distilroberta-base,4,1.0,2,58,0.0
local,distilroberta-base,distilroberta-base,4,1.0,2,59,0.0
local,distilroberta-base,distilroberta-base,4,1.0,2,60,0.0
local,distilroberta-base,distilroberta-base,4,1.0,2,61,0.0
local,distilroberta-base,distilroberta-base,4,1.0,2,62,0.0
local,distilroberta-base,distilroberta-base,4,1.0,2,63,0.0
local,distilroberta-base,distilroberta-base,4,1.0,2,64,0.0
local,distilroberta-base,distilroberta-base,4,1.0,2,65,0.0
local,distilroberta-base,distilroberta-base,4,1.0,2,66,0.0
local,distilroberta-base,distilroberta-base,4,1.0,2,67,0.0
local,distilroberta-base,distilroberta-base,4,1.0,2,68,0.0
local,distilroberta-base,distilroberta-base,4,1.0,2,69,0.0
local,distilroberta-base,distilroberta-base,4,1.0,2,70,0.0
local,distilroberta-base,distilroberta-base,4,1.0,2,71,0.0
local,distilroberta-base,distilroberta-base,4,1.0,2,72,0.0
local,distilroberta-base,distilroberta-base,4,1.0,2,73,0.0
local,distilroberta-base,distilroberta-base,4,1.0,2,74,0.0
local,distilroberta-base,distilroberta-base,4,1.0,2,75,0.0
local,distilroberta-base,distilroberta-base,4,1.0,2,76,0.0
local,distilroberta-base,distilroberta-base,4,1.0,2,77,0.0
local,distilroberta-base,distilroberta-base,4,1.0,2,78,0.0
local,distilroberta-base,distilroberta-base,4,1.0,2,79,0.0
local,distilroberta-base,distilroberta-base,4,1.0,2,80,0.0
local,distilroberta-base,distilroberta-base,4,1.0,2,81,0.0
local,distilroberta-base,distilroberta-base,4,1.0,2,82,0.0
local,distilroberta-base,distilroberta-base,4,1.0,2,83,0.0
local,distilroberta-base,distilroberta-base,4,1.0,2,84,0.0
local,distilroberta-base,distilroberta-base,4,1.0,2,85,0.0
local,distilroberta-base,distilroberta-base,4,1.0,2,86,0.0
local,distilroberta-base,distilroberta-base,4,1.0,2,87,0.0
local,distilroberta-base,distilroberta-base,4,1.0,2,88,0.0
local,distilroberta-base,distilroberta-base,4,1.0,2,89,0.0
local,distilroberta-base,distilroberta-base,4,1.0,2,90,0.0
local,distilroberta-base,distilroberta-base,4,1.0,2,91,0.0
local,distilroberta-base,distilroberta-base,4,1.0,2,92,0.0
local,distilroberta-base,distilroberta-base,4,1.0,2,93,0.0
local,distilroberta-base,distilroberta-base,4,1.0,2,94,0.0
local,distilroberta-base,distilroberta-base,4,1.0,2,95,0.0
local,distilroberta-base,distilroberta-base,4,1.0,2,96,0.0
local,distilroberta-base,distilroberta-base,4,1.0,2,97,0.0
local,distilroberta-base,distilroberta-base,4,1.0,2,98,0.0
local,distilroberta-base,distilroberta-base,4,1.0,2,99,0.0
local,distilroberta-base,distilroberta-base,4,1.0,2,100,0.0
local,distilroberta-base,distilroberta-base,4,1.0,2,101,0.0
local,distilroberta-base,distilroberta-base,4,1.0,2,102,0.0
local,distilroberta-base,distilroberta-base,4,1.0,2,103,0.0
local,distilroberta-base,distilroberta-base,4,1.0,2,104,0.0
local,distilroberta-base,distilroberta-base,4,1.0,2,105,0.0
local,distilroberta-base,distilroberta-base,4,1.0,2,106,0.0
local,distilroberta-base,distilroberta-base,4,1.0,2,107,0.0
local,distilroberta-base,distilroberta-base,4,1.0,2,108,0.0
local,distilroberta-base,distilroberta-base,4,1.0,2,109,0.0
local,distilroberta-base,distilroberta-base,4,1.0,2,110,0.0
local,distilroberta-base,distilroberta-base,4,1.0,2,111,0.0
local,distilroberta-base,distilroberta-base,4,1.0,2,112,0.0
local,distilroberta-base,distilroberta-base,4,1.0,2,113,0.0
local,distilroberta-base,distilroberta-base,4,1.0,2,114,0.0
local,distilroberta-base,distilroberta-base,4,1.0,2,115,0.0
local,distilroberta-base,distilroberta-base,4,1.0,2,116,0.0
local,distilroberta-base,distilroberta-base,4,1.0,2,117,0.0
local,distilroberta-base,distilroberta-base,4,1.0,2,118,0.0
local,distilroberta-base,distilroberta-base,4,1.0,2,119,0.0
local,distilroberta-base,distilroberta-base,4,1.0,2,120,0.0
local,distilroberta-base,distilroberta-base,4,1.0,3,0,1.0
local,distilroberta-base,distilroberta-base,4,1.0,3,1,2.0
local,distilroberta-base,distilroberta-base,4,1.0,3,2,8.0
local,distilroberta-base,distilroberta-base,4,1.0,3,3,13.0
local,distilroberta-base,distilroberta-base,4,1.0,3,4,19.0
local,distilroberta-base,distilroberta-base,4,1.0,3,5,23.0
local,distilroberta-base,distilroberta-base,4,1.0,3,6,25.0
local,distilroberta-base,distilroberta-base,4,1.0,3,7,29.0
local,distilroberta-base,distilroberta-base,4,1.0,3,8,34.0
local,distilroberta-base,distilroberta-base,4,1.0,3,9,37.0
local,distilroberta-base,distilroberta-base,4,1.0,3,10,39.0
local,distilroberta-base,distilroberta-base,4,1.0,3,11,40.0
local,distilroberta-base,distilroberta-base,4,1.0,3,12,47.0
local,distilroberta-base,distilroberta-base,4,1.0,3,13,46.0
local,distilroberta-base,distilroberta-base,4,1.0,3,14,46.0
local,distilroberta-base,distilroberta-base,4,1.0,3,15,46.0
local,distilroberta-base,distilroberta-base,4,1.0,3,16,45.0
local,distilroberta-base,distilroberta-base,4,1.0,3,17,43.0
local,distilroberta-base,distilroberta-base,4,1.0,3,18,46.0
local,distilroberta-base,distilroberta-base,4,1.0,3,19,46.0
local,distilroberta-base,distilroberta-base,4,1.0,3,20,46.0
local,distilroberta-base,distilroberta-base,4,1.0,3,21,48.0
local,distilroberta-base,distilroberta-base,4,1.0,3,22,46.0
local,distilroberta-base,distilroberta-base,4,1.0,3,23,48.0
local,distilroberta-base,distilroberta-base,4,1.0,3,24,47.0
local,distilroberta-base,distilroberta-base,4,1.0,3,25,47.0
local,distilroberta-base,distilroberta-base,4,1.0,3,26,47.0
local,distilroberta-base,distilroberta-base,4,1.0,3,27,48.0
local,distilroberta-base,distilroberta-base,4,1.0,3,28,48.0
local,distilroberta-base,distilroberta-base,4,1.0,3,29,48.0
local,distilroberta-base,distilroberta-base,4,1.0,3,30,47.0
local,distilroberta-base,distilroberta-base,4,1.0,3,31,48.0
local,distilroberta-base,distilroberta-base,4,1.0,3,32,47.0
local,distilroberta-base,distilroberta-base,4,1.0,3,33,48.0
local,distilroberta-base,distilroberta-base,4,1.0,3,34,46.0
local,distilroberta-base,distilroberta-base,4,1.0,3,35,45.0
local,distilroberta-base,distilroberta-base,4,1.0,3,36,47.0
local,distilroberta-base,distilroberta-base,4,1.0,3,37,48.0
local,distilroberta-base,distilroberta-base,4,1.0,3,38,48.0
local,distilroberta-base,distilroberta-base,4,1.0,3,39,48.0
local,distilroberta-base,distilroberta-base,4,1.0,3,40,48.0
local,distilroberta-base,distilroberta-base,4,1.0,3,41,46.0
local,distilroberta-base,distilroberta-base,4,1.0,3,42,47.0
local,distilroberta-base,distilroberta-base,4,1.0,3,43,48.0
local,distilroberta-base,distilroberta-base,4,1.0,3,44,46.0
local,distilroberta-base,distilroberta-base,4,1.0,3,45,48.0
local,distilroberta-base,distilroberta-base,4,1.0,3,46,48.0
local,distilroberta-base,distilroberta-base,4,1.0,3,47,48.0
local,distilroberta-base,distilroberta-base,4,1.0,3,48,47.0
local,distilroberta-base,distilroberta-base,4,1.0,3,49,47.0
local,distilroberta-base,distilroberta-base,4,1.0,3,50,47.0
local,distilroberta-base,distilroberta-base,4,1.0,3,51,48.0
local,distilroberta-base,distilroberta-base,4,1.0,3,52,48.0
local,distilroberta-base,distilroberta-base,4,1.0,3,53,48.0
local,distilroberta-base,distilroberta-base,4,1.0,3,54,46.0
local,distilroberta-base,distilroberta-base,4,1.0,3,55,45.0
local,distilroberta-base,distilroberta-base,4,1.0,3,56,47.0
local,distilroberta-base,distilroberta-base,4,1.0,3,57,46.0
local,distilroberta-base,distilroberta-base,4,1.0,3,58,47.0
local,distilroberta-base,distilroberta-base,4,1.0,3,59,46.0
local,distilroberta-base,distilroberta-base,4,1.0,3,60,46.0
local,distilroberta-base,distilroberta-base,4,1.0,3,61,47.0
local,distilroberta-base,distilroberta-base,4,1.0,3,62,48.0
local,distilroberta-base,distilroberta-base,4,1.0,3,63,47.0
local,distilroberta-base,distilroberta-base,4,1.0,3,64,47.0
local,distilroberta-base,distilroberta-base,4,1.0,3,65,48.0
local,distilroberta-base,distilroberta-base,4,1.0,3,66,46.0
local,distilroberta-base,distilroberta-base,4,1.0,3,67,47.0
local,distilroberta-base,distilroberta-base,4,1.0,3,68,48.0
local,distilroberta-base,distilroberta-base,4,1.0,3,69,47.0
local,distilroberta-base,distilroberta-base,4,1.0,3,70,45.0
local,distilroberta-base,distilroberta-base,4,1.0,3,71,48.0
local,distilroberta-base,distilroberta-base,4,1.0,3,72,48.0
local,distilroberta-base,distilroberta-base,4,1.0,3,73,48.0
local,distilroberta-base,distilroberta-base,4,1.0,3,74,47.0
local,distilroberta-base,distilroberta-base,4,1.0,3,75,47.0
local,distilroberta-base,distilroberta-base,4,1.0,3,76,47.0
local,distilroberta-base,distilroberta-base,4,1.0,3,77,48.0
local,distilroberta-base,distilroberta-base,4,1.0,3,78,48.0
local,distilroberta-base,distilroberta-base,4,1.0,3,79,46.0
local,distilroberta-base,distilroberta-base,4,1.0,3,80,47.0
local,distilroberta-base,distilroberta-base,4,1.0,3,81,48.0
local,distilroberta-base,distilroberta-base,4,1.0,3,82,45.0
local,distilroberta-base,distilroberta-base,4,1.0,3,83,48.0
local,distilroberta-base,distilroberta-base,4,1.0,3,84,46.0
local,distilroberta-base,distilroberta-base,4,1.0,3,85,46.0
local,distilroberta-base,distilroberta-base,4,1.0,3,86,45.0
local,distilroberta-base,distilroberta-base,4,1.0,3,87,46.0
local,distilroberta-base,distilroberta-base,4,1.0,3,88,46.0
local,distilroberta-base,distilroberta-base,4,1.0,3,89,45.0
local,distilroberta-base,distilroberta-base,4,1.0,3,90,44.0
local,distilroberta-base,distilroberta-base,4,1.0,3,91,45.0
local,distilroberta-base,distilroberta-base,4,1.0,3,92,45.0
local,distilroberta-base,distilroberta-base,4,1.0,3,93,46.0
local,distilroberta-base,distilroberta-base,4,1.0,3,94,47.0
local,distilroberta-base,distilroberta-base,4,1.0,3,95,46.0
local,distilroberta-base,distilroberta-base,4,1.0,3,96,48.0
local,distilroberta-base,distilroberta-base,4,1.0,3,97,47.0
local,distilroberta-base,distilroberta-base,4,1.0,3,98,48.0
local,distilroberta-base,distilroberta-base,4,1.0,3,99,45.0
local,distilroberta-base,distilroberta-base,4,1.0,3,100,45.0
local,distilroberta-base,distilroberta-base,4,1.0,3,101,47.0
local,distilroberta-base,distilroberta-base,4,1.0,3,102,47.0
local,distilroberta-base,distilroberta-base,4,1.0,3,103,45.0
local,distilroberta-base,distilroberta-base,4,1.0,3,104,46.0
local,distilroberta-base,distilroberta-base,4,1.0,3,105,47.0
local,distilroberta-base,distilroberta-base,4,1.0,3,106,47.0
local,distilroberta-base,distilroberta-base,4,1.0,3,107,48.0
local,distilroberta-base,distilroberta-base,4,1.0,3,108,48.0
local,distilroberta-base,distilroberta-base,4,1.0,3,109,47.0
local,distilroberta-base,distilroberta-base,4,1.0,3,110,47.0
local,distilroberta-base,distilroberta-base,4,1.0,3,111,47.0
local,distilroberta-base,distilroberta-base,4,1.0,3,112,46.0
local,distilroberta-base,distilroberta-base,4,1.0,3,113,48.0
local,distilroberta-base,distilroberta-base,4,1.0,3,114,48.0
local,distilroberta-base,distilroberta-base,4,1.0,3,115,47.0
local,distilroberta-base,distilroberta-base,4,1.0,3,116,47.0
local,distilroberta-base,distilroberta-base,4,1.0,3,117,48.0
local,distilroberta-base,distilroberta-base,4,1.0,3,118,47.0
local,distilroberta-base,distilroberta-base,4,1.0,3,119,48.0
local,distilroberta-base,distilroberta-base,4,1.0,3,120,47.0
local,distilroberta-base,distilroberta-base,4,1.0,4,0,1.0
local,distilroberta-base,distilroberta-base,4,1.0,4,1,5.0
local,distilroberta-base,distilroberta-base,4,1.0,4,2,10.0
local,distilroberta-base,distilroberta-base,4,1.0,4,3,14.0
local,distilroberta-base,distilroberta-base,4,1.0,4,4,18.0
local,distilroberta-base,distilroberta-base,4,1.0,4,5,23.0
local,distilroberta-base,distilroberta-base,4,1.0,4,6,24.0
local,distilroberta-base,distilroberta-base,4,1.0,4,7,31.0
local,distilroberta-base,distilroberta-base,4,1.0,4,8,41.0
local,distilroberta-base,distilroberta-base,4,1.0,4,9,42.0
local,distilroberta-base,distilroberta-base,4,1.0,4,10,43.0
local,distilroberta-base,distilroberta-base,4,1.0,4,11,41.0
local,distilroberta-base,distilroberta-base,4,1.0,4,12,45.0
local,distilroberta-base,distilroberta-base,4,1.0,4,13,44.0
local,distilroberta-base,distilroberta-base,4,1.0,4,14,44.0
local,distilroberta-base,distilroberta-base,4,1.0,4,15,47.0
local,distilroberta-base,distilroberta-base,4,1.0,4,16,44.0
local,distilroberta-base,distilroberta-base,4,1.0,4,17,45.0
local,distilroberta-base,distilroberta-base,4,1.0,4,18,47.0
local,distilroberta-base,distilroberta-base,4,1.0,4,19,46.0
local,distilroberta-base,distilroberta-base,4,1.0,4,20,46.0
local,distilroberta-base,distilroberta-base,4,1.0,4,21,45.0
local,distilroberta-base,distilroberta-base,4,1.0,4,22,47.0
local,distilroberta-base,distilroberta-base,4,1.0,4,23,47.0
local,distilroberta-base,distilroberta-base,4,1.0,4,24,47.0
local,distilroberta-base,distilroberta-base,4,1.0,4,25,45.0
local,distilroberta-base,distilroberta-base,4,1.0,4,26,48.0
local,distilroberta-base,distilroberta-base,4,1.0,4,27,47.0
local,distilroberta-base,distilroberta-base,4,1.0,4,28,46.0
local,distilroberta-base,distilroberta-base,4,1.0,4,29,44.0
local,distilroberta-base,distilroberta-base,4,1.0,4,30,47.0
local,distilroberta-base,distilroberta-base,4,1.0,4,31,46.0
local,distilroberta-base,distilroberta-base,4,1.0,4,32,47.0
local,distilroberta-base,distilroberta-base,4,1.0,4,33,46.0
local,distilroberta-base,distilroberta-base,4,1.0,4,34,43.0
local,distilroberta-base,distilroberta-base,4,1.0,4,35,47.0
local,distilroberta-base,distilroberta-base,4,1.0,4,36,47.0
local,distilroberta-base,distilroberta-base,4,1.0,4,37,48.0
local,distilroberta-base,distilroberta-base,4,1.0,4,38,46.0
local,distilroberta-base,distilroberta-base,4,1.0,4,39,46.0
local,distilroberta-base,distilroberta-base,4,1.0,4,40,45.0
local,distilroberta-base,distilroberta-base,4,1.0,4,41,45.0
local,distilroberta-base,distilroberta-base,4,1.0,4,42,42.0
local,distilroberta-base,distilroberta-base,4,1.0,4,43,41.0
local,distilroberta-base,distilroberta-base,4,1.0,4,44,43.0
local,distilroberta-base,distilroberta-base,4,1.0,4,45,45.0
local,distilroberta-base,distilroberta-base,4,1.0,4,46,45.0
local,distilroberta-base,distilroberta-base,4,1.0,4,47,43.0
local,distilroberta-base,distilroberta-base,4,1.0,4,48,44.0
local,distilroberta-base,distilroberta-base,4,1.0,4,49,46.0
local,distilroberta-base,distilroberta-base,4,1.0,4,50,47.0
local,distilroberta-base,distilroberta-base,4,1.0,4,51,45.0
local,distilroberta-base,distilroberta-base,4,1.0,4,52,42.0
local,distilroberta-base,distilroberta-base,4,1.0,4,53,45.0
local,distilroberta-base,distilroberta-base,4,1.0,4,54,44.0
local,distilroberta-base,distilroberta-base,4,1.0,4,55,47.0
local,distilroberta-base,distilroberta-base,4,1.0,4,56,46.0
local,distilroberta-base,distilroberta-base,4,1.0,4,57,43.0
local,distilroberta-base,distilroberta-base,4,1.0,4,58,46.0
local,distilroberta-base,distilroberta-base,4,1.0,4,59,46.0
local,distilroberta-base,distilroberta-base,4,1.0,4,60,44.0
local,distilroberta-base,distilroberta-base,4,1.0,4,61,46.0
local,distilroberta-base,distilroberta-base,4,1.0,4,62,43.0
local,distilroberta-base,distilroberta-base,4,1.0,4,63,45.0
local,distilroberta-base,distilroberta-base,4,1.0,4,64,41.0
local,distilroberta-base,distilroberta-base,4,1.0,4,65,43.0
local,distilroberta-base,distilroberta-base,4,1.0,4,66,47.0
local,distilroberta-base,distilroberta-base,4,1.0,4,67,44.0
local,distilroberta-base,distilroberta-base,4,1.0,4,68,44.0
local,distilroberta-base,distilroberta-base,4,1.0,4,69,47.0
local,distilroberta-base,distilroberta-base,4,1.0,4,70,46.0
local,distilroberta-base,distilroberta-base,4,1.0,4,71,43.0
local,distilroberta-base,distilroberta-base,4,1.0,4,72,40.0
local,distilroberta-base,distilroberta-base,4,1.0,4,73,42.0
local,distilroberta-base,distilroberta-base,4,1.0,4,74,46.0
local,distilroberta-base,distilroberta-base,4,1.0,4,75,43.0
local,distilroberta-base,distilroberta-base,4,1.0,4,76,44.0
local,distilroberta-base,distilroberta-base,4,1.0,4,77,46.0
local,distilroberta-base,distilroberta-base,4,1.0,4,78,47.0
local,distilroberta-base,distilroberta-base,4,1.0,4,79,47.0
local,distilroberta-base,distilroberta-base,4,1.0,4,80,48.0
local,distilroberta-base,distilroberta-base,4,1.0,4,81,47.0
local,distilroberta-base,distilroberta-base,4,1.0,4,82,47.0
local,distilroberta-base,distilroberta-base,4,1.0,4,83,48.0
local,distilroberta-base,distilroberta-base,4,1.0,4,84,47.0
local,distilroberta-base,distilroberta-base,4,1.0,4,85,48.0
local,distilroberta-base,distilroberta-base,4,1.0,4,86,48.0
local,distilroberta-base,distilroberta-base,4,1.0,4,87,47.0
local,distilroberta-base,distilroberta-base,4,1.0,4,88,48.0
local,distilroberta-base,distilroberta-base,4,1.0,4,89,48.0
local,distilroberta-base,distilroberta-base,4,1.0,4,90,48.0
local,distilroberta-base,distilroberta-base,4,1.0,4,91,48.0
local,distilroberta-base,distilroberta-base,4,1.0,4,92,47.0
local,distilroberta-base,distilroberta-base,4,1.0,4,93,48.0
local,distilroberta-base,distilroberta-base,4,1.0,4,94,48.0
local,distilroberta-base,distilroberta-base,4,1.0,4,95,48.0
local,distilroberta-base,distilroberta-base,4,1.0,4,96,47.0
local,distilroberta-base,distilroberta-base,4,1.0,4,97,48.0
local,distilroberta-base,distilroberta-base,4,1.0,4,98,48.0
local,distilroberta-base,distilroberta-base,4,1.0,4,99,48.0
local,distilroberta-base,distilroberta-base,4,1.0,4,100,47.0
local,distilroberta-base,distilroberta-base,4,1.0,4,101,48.0
local,distilroberta-base,distilroberta-base,4,1.0,4,102,48.0
local,distilroberta-base,distilroberta-base,4,1.0,4,103,47.0
local,distilroberta-base,distilroberta-base,4,1.0,4,104,48.0
local,distilroberta-base,distilroberta-base,4,1.0,4,105,47.0
local,distilroberta-base,distilroberta-base,4,1.0,4,106,48.0
local,distilroberta-base,distilroberta-base,4,1.0,4,107,47.0
local,distilroberta-base,distilroberta-base,4,1.0,4,108,48.0
local,distilroberta-base,distilroberta-base,4,1.0,4,109,46.0
local,distilroberta-base,distilroberta-base,4,1.0,4,110,48.0
local,distilroberta-base,distilroberta-base,4,1.0,4,111,47.0
local,distilroberta-base,distilroberta-base,4,1.0,4,112,48.0
local,distilroberta-base,distilroberta-base,4,1.0,4,113,47.0
local,distilroberta-base,distilroberta-base,4,1.0,4,114,48.0
local,distilroberta-base,distilroberta-base,4,1.0,4,115,48.0
local,distilroberta-base,distilroberta-base,4,1.0,4,116,48.0
local,distilroberta-base,distilroberta-base,4,1.0,4,117,48.0
local,distilroberta-base,distilroberta-base,4,1.0,4,118,48.0
local,distilroberta-base,distilroberta-base,4,1.0,4,119,48.0
local,distilroberta-base,distilroberta-base,4,1.0,4,120,48.0
local,distilroberta-base,distilroberta-base,4,1.0,5,0,1.0
local,distilroberta-base,distilroberta-base,4,1.0,5,1,3.0
local,distilroberta-base,distilroberta-base,4,1.0,5,2,11.0
local,distilroberta-base,distilroberta-base,4,1.0,5,3,13.0
local,distilroberta-base,distilroberta-base,4,1.0,5,4,18.0
local,distilroberta-base,distilroberta-base,4,1.0,5,5,23.0
local,distilroberta-base,distilroberta-base,4,1.0,5,6,26.0
local,distilroberta-base,distilroberta-base,4,1.0,5,7,28.0
local,distilroberta-base,distilroberta-base,4,1.0,5,8,29.0
local,distilroberta-base,distilroberta-base,4,1.0,5,9,35.0
local,distilroberta-base,distilroberta-base,4,1.0,5,10,44.0
local,distilroberta-base,distilroberta-base,4,1.0,5,11,44.0
local,distilroberta-base,distilroberta-base,4,1.0,5,12,44.0
local,distilroberta-base,distilroberta-base,4,1.0,5,13,46.0
local,distilroberta-base,distilroberta-base,4,1.0,5,14,46.0
local,distilroberta-base,distilroberta-base,4,1.0,5,15,43.0
local,distilroberta-base,distilroberta-base,4,1.0,5,16,48.0
local,distilroberta-base,distilroberta-base,4,1.0,5,17,48.0
local,distilroberta-base,distilroberta-base,4,1.0,5,18,45.0
local,distilroberta-base,distilroberta-base,4,1.0,5,19,47.0
local,distilroberta-base,distilroberta-base,4,1.0,5,20,48.0
local,distilroberta-base,distilroberta-base,4,1.0,5,21,46.0
local,distilroberta-base,distilroberta-base,4,1.0,5,22,45.0
local,distilroberta-base,distilroberta-base,4,1.0,5,23,47.0
local,distilroberta-base,distilroberta-base,4,1.0,5,24,47.0
local,distilroberta-base,distilroberta-base,4,1.0,5,25,45.0
local,distilroberta-base,distilroberta-base,4,1.0,5,26,48.0
local,distilroberta-base,distilroberta-base,4,1.0,5,27,46.0
local,distilroberta-base,distilroberta-base,4,1.0,5,28,46.0
local,distilroberta-base,distilroberta-base,4,1.0,5,29,47.0
local,distilroberta-base,distilroberta-base,4,1.0,5,30,45.0
local,distilroberta-base,distilroberta-base,4,1.0,5,31,47.0
local,distilroberta-base,distilroberta-base,4,1.0,5,32,45.0
local,distilroberta-base,distilroberta-base,4,1.0,5,33,47.0
local,distilroberta-base,distilroberta-base,4,1.0,5,34,47.0
local,distilroberta-base,distilroberta-base,4,1.0,5,35,47.0
local,distilroberta-base,distilroberta-base,4,1.0,5,36,47.0
local,distilroberta-base,distilroberta-base,4,1.0,5,37,48.0
local,distilroberta-base,distilroberta-base,4,1.0,5,38,48.0
local,distilroberta-base,distilroberta-base,4,1.0,5,39,47.0
local,distilroberta-base,distilroberta-base,4,1.0,5,40,47.0
local,distilroberta-base,distilroberta-base,4,1.0,5,41,47.0
local,distilroberta-base,distilroberta-base,4,1.0,5,42,48.0
local,distilroberta-base,distilroberta-base,4,1.0,5,43,48.0
local,distilroberta-base,distilroberta-base,4,1.0,5,44,47.0
local,distilroberta-base,distilroberta-base,4,1.0,5,45,48.0
local,distilroberta-base,distilroberta-base,4,1.0,5,46,46.0
local,distilroberta-base,distilroberta-base,4,1.0,5,47,48.0
local,distilroberta-base,distilroberta-base,4,1.0,5,48,47.0
local,distilroberta-base,distilroberta-base,4,1.0,5,49,48.0
local,distilroberta-base,distilroberta-base,4,1.0,5,50,48.0
local,distilroberta-base,distilroberta-base,4,1.0,5,51,48.0
local,distilroberta-base,distilroberta-base,4,1.0,5,52,48.0
local,distilroberta-base,distilroberta-base,4,1.0,5,53,48.0
local,distilroberta-base,distilroberta-base,4,1.0,5,54,48.0
local,distilroberta-base,distilroberta-base,4,1.0,5,55,48.0
local,distilroberta-base,distilroberta-base,4,1.0,5,56,48.0
local,distilroberta-base,distilroberta-base,4,1.0,5,57,48.0
local,distilroberta-base,distilroberta-base,4,1.0,5,58,48.0
local,distilroberta-base,distilroberta-base,4,1.0,5,59,48.0
local,distilroberta-base,distilroberta-base,4,1.0,5,60,48.0
local,distilroberta-base,distilroberta-base,4,1.0,5,61,48.0
local,distilroberta-base,distilroberta-base,4,1.0,5,62,48.0
local,distilroberta-base,distilroberta-base,4,1.0,5,63,48.0
local,distilroberta-base,distilroberta-base,4,1.0,5,64,48.0
local,distilroberta-base,distilroberta-base,4,1.0,5,65,48.0
local,distilroberta-base,distilroberta-base,4,1.0,5,66,48.0
local,distilroberta-base,distilroberta-base,4,1.0,5,67,48.0
local,distilroberta-base,distilroberta-base,4,1.0,5,68,48.0
local,distilroberta-base,distilroberta-base,4,1.0,5,69,48.0
local,distilroberta-base,distilroberta-base,4,1.0,5,70,48.0
local,distilroberta-base,distilroberta-base,4,1.0,5,71,48.0
local,distilroberta-base,distilroberta-base,4,1.0,5,72,48.0
local,distilroberta-base,distilroberta-base,4,1.0,5,73,47.0
local,distilroberta-base,distilroberta-base,4,1.0,5,74,48.0
local,distilroberta-base,distilroberta-base,4,1.0,5,75,48.0
local,distilroberta-base,distilroberta-base,4,1.0,5,76,48.0
local,distilroberta-base,distilroberta-base,4,1.0,5,77,48.0
local,distilroberta-base,distilroberta-base,4,1.0,5,78,48.0
local,distilroberta-base,distilroberta-base,4,1.0,5,79,48.0
local,distilroberta-base,distilroberta-base,4,1.0,5,80,48.0
local,distilroberta-base,distilroberta-base,4,1.0,5,81,48.0
local,distilroberta-base,distilroberta-base,4,1.0,5,82,48.0
local,distilroberta-base,distilroberta-base,4,1.0,5,83,48.0
local,distilroberta-base,distilroberta-base,4,1.0,5,84,48.0
local,distilroberta-base,distilroberta-base,4,1.0,5,85,48.0
local,distilroberta-base,distilroberta-base,4,1.0,5,86,48.0
local,distilroberta-base,distilroberta-base,4,1.0,5,87,48.0
local,distilroberta-base,distilroberta-base,4,1.0,5,88,48.0
local,distilroberta-base,distilroberta-base,4,1.0,5,89,48.0
local,distilroberta-base,distilroberta-base,4,1.0,5,90,48.0
local,distilroberta-base,distilroberta-base,4,1.0,5,91,48.0
local,distilroberta-base,distilroberta-base,4,1.0,5,92,48.0
local,distilroberta-base,distilroberta-base,4,1.0,5,93,48.0
local,distilroberta-base,distilroberta-base,4,1.0,5,94,48.0
local,distilroberta-base,distilroberta-base,4,1.0,5,95,48.0
local,distilroberta-base,distilroberta-base,4,1.0,5,96,48.0
local,distilroberta-base,distilroberta-base,4,1.0,5,97,48.0
local,distilroberta-base,distilroberta-base,4,1.0,5,98,48.0
local,distilroberta-base,distilroberta-base,4,1.0,5,99,48.0
local,distilroberta-base,distilroberta-base,4,1.0,5,100,48.0
local,distilroberta-base,distilroberta-base,4,1.0,5,101,48.0
local,distilroberta-base,distilroberta-base,4,1.0,5,102,48.0
local,distilroberta-base,distilroberta-base,4,1.0,5,103,48.0
local,distilroberta-base,distilroberta-base,4,1.0,5,104,48.0
local,distilroberta-base,distilroberta-base,4,1.0,5,105,48.0
local,distilroberta-base,distilroberta-base,4,1.0,5,106,48.0
local,distilroberta-base,distilroberta-base,4,1.0,5,107,48.0
local,distilroberta-base,distilroberta-base,4,1.0,5,108,48.0
local,distilroberta-base,distilroberta-base,4,1.0,5,109,48.0
local,distilroberta-base,distilroberta-base,4,1.0,5,110,48.0
local,distilroberta-base,distilroberta-base,4,1.0,5,111,48.0
local,distilroberta-base,distilroberta-base,4,1.0,5,112,48.0
local,distilroberta-base,distilroberta-base,4,1.0,5,113,48.0
local,distilroberta-base,distilroberta-base,4,1.0,5,114,48.0
local,distilroberta-base,distilroberta-base,4,1.0,5,115,48.0
local,distilroberta-base,distilroberta-base,4,1.0,5,116,48.0
local,distilroberta-base,distilroberta-base,4,1.0,5,117,48.0
local,distilroberta-base,distilroberta-base,4,1.0,5,118,48.0
local,distilroberta-base,distilroberta-base,4,1.0,5,119,48.0
local,distilroberta-base,distilroberta-base,4,1.0,5,120,48.0
local,distilroberta-base,distilroberta-base,4,1.0,6,0,1.0
local,distilroberta-base,distilroberta-base,4,1.0,6,1,3.0
local,distilroberta-base,distilroberta-base,4,1.0,6,2,10.0
local,distilroberta-base,distilroberta-base,4,1.0,6,3,12.0
local,distilroberta-base,distilroberta-base,4,1.0,6,4,14.0
local,distilroberta-base,distilroberta-base,4,1.0,6,5,21.0
local,distilroberta-base,distilroberta-base,4,1.0,6,6,27.0
local,distilroberta-base,distilroberta-base,4,1.0,6,7,32.0
local,distilroberta-base,distilroberta-base,4,1.0,6,8,37.0
local,distilroberta-base,distilroberta-base,4,1.0,6,9,38.0
local,distilroberta-base,distilroberta-base,4,1.0,6,10,45.0
local,distilroberta-base,distilroberta-base,4,1.0,6,11,46.0
local,distilroberta-base,distilroberta-base,4,1.0,6,12,44.0
local,distilroberta-base,distilroberta-base,4,1.0,6,13,43.0
local,distilroberta-base,distilroberta-base,4,1.0,6,14,43.0
local,distilroberta-base,distilroberta-base,4,1.0,6,15,43.0
local,distilroberta-base,distilroberta-base,4,1.0,6,16,43.0
local,distilroberta-base,distilroberta-base,4,1.0,6,17,44.0
local,distilroberta-base,distilroberta-base,4,1.0,6,18,43.0
local,distilroberta-base,distilroberta-base,4,1.0,6,19,41.0
local,distilroberta-base,distilroberta-base,4,1.0,6,20,44.0
local,distilroberta-base,distilroberta-base,4,1.0,6,21,44.0
local,distilroberta-base,distilroberta-base,4,1.0,6,22,46.0
local,distilroberta-base,distilroberta-base,4,1.0,6,23,46.0
local,distilroberta-base,distilroberta-base,4,1.0,6,24,47.0
local,distilroberta-base,distilroberta-base,4,1.0,6,25,47.0
local,distilroberta-base,distilroberta-base,4,1.0,6,26,45.0
local,distilroberta-base,distilroberta-base,4,1.0,6,27,44.0
local,distilroberta-base,distilroberta-base,4,1.0,6,28,46.0
local,distilroberta-base,distilroberta-base,4,1.0,6,29,47.0
local,distilroberta-base,distilroberta-base,4,1.0,6,30,45.0
local,distilroberta-base,distilroberta-base,4,1.0,6,31,47.0
local,distilroberta-base,distilroberta-base,4,1.0,6,32,44.0
local,distilroberta-base,distilroberta-base,4,1.0,6,33,46.0
local,distilroberta-base,distilroberta-base,4,1.0,6,34,46.0
local,distilroberta-base,distilroberta-base,4,1.0,6,35,48.0
local,distilroberta-base,distilroberta-base,4,1.0,6,36,45.0
local,distilroberta-base,distilroberta-base,4,1.0,6,37,46.0
local,distilroberta-base,distilroberta-base,4,1.0,6,38,48.0
local,distilroberta-base,distilroberta-base,4,1.0,6,39,46.0
local,distilroberta-base,distilroberta-base,4,1.0,6,40,48.0
local,distilroberta-base,distilroberta-base,4,1.0,6,41,47.0
local,distilroberta-base,distilroberta-base,4,1.0,6,42,48.0
local,distilroberta-base,distilroberta-base,4,1.0,6,43,48.0
local,distilroberta-base,distilroberta-base,4,1.0,6,44,48.0
local,distilroberta-base,distilroberta-base,4,1.0,6,45,48.0
local,distilroberta-base,distilroberta-base,4,1.0,6,46,47.0
local,distilroberta-base,distilroberta-base,4,1.0,6,47,46.0
local,distilroberta-base,distilroberta-base,4,1.0,6,48,47.0
local,distilroberta-base,distilroberta-base,4,1.0,6,49,47.0
local,distilroberta-base,distilroberta-base,4,1.0,6,50,48.0
local,distilroberta-base,distilroberta-base,4,1.0,6,51,47.0
local,distilroberta-base,distilroberta-base,4,1.0,6,52,47.0
local,distilroberta-base,distilroberta-base,4,1.0,6,53,46.0
local,distilroberta-base,distilroberta-base,4,1.0,6,54,48.0
local,distilroberta-base,distilroberta-base,4,1.0,6,55,47.0
local,distilroberta-base,distilroberta-base,4,1.0,6,56,48.0
local,distilroberta-base,distilroberta-base,4,1.0,6,57,48.0
local,distilroberta-base,distilroberta-base,4,1.0,6,58,48.0
local,distilroberta-base,distilroberta-base,4,1.0,6,59,48.0
local,distilroberta-base,distilroberta-base,4,1.0,6,60,47.0
local,distilroberta-base,distilroberta-base,4,1.0,6,61,47.0
local,distilroberta-base,distilroberta-base,4,1.0,6,62,47.0
local,distilroberta-base,distilroberta-base,4,1.0,6,63,48.0
local,distilroberta-base,distilroberta-base,4,1.0,6,64,48.0
local,distilroberta-base,distilroberta-base,4,1.0,6,65,46.0
local,distilroberta-base,distilroberta-base,4,1.0,6,66,47.0
local,distilroberta-base,distilroberta-base,4,1.0,6,67,46.0
local,distilroberta-base,distilroberta-base,4,1.0,6,68,46.0
local,distilroberta-base,distilroberta-base,4,1.0,6,69,48.0
local,distilroberta-base,distilroberta-base,4,1.0,6,70,47.0
local,distilroberta-base,distilroberta-base,4,1.0,6,71,48.0
local,distilroberta-base,distilroberta-base,4,1.0,6,72,48.0
local,distilroberta-base,distilroberta-base,4,1.0,6,73,48.0
local,distilroberta-base,distilroberta-base,4,1.0,6,74,47.0
local,distilroberta-base,distilroberta-base,4,1.0,6,75,48.0
local,distilroberta-base,distilroberta-base,4,1.0,6,76,47.0
local,distilroberta-base,distilroberta-base,4,1.0,6,77,47.0
local,distilroberta-base,distilroberta-base,4,1.0,6,78,48.0
local,distilroberta-base,distilroberta-base,4,1.0,6,79,48.0
local,distilroberta-base,distilroberta-base,4,1.0,6,80,48.0
local,distilroberta-base,distilroberta-base,4,1.0,6,81,48.0
local,distilroberta-base,distilroberta-base,4,1.0,6,82,48.0
local,distilroberta-base,distilroberta-base,4,1.0,6,83,48.0
local,distilroberta-base,distilroberta-base,4,1.0,6,84,48.0
local,distilroberta-base,distilroberta-base,4,1.0,6,85,48.0
local,distilroberta-base,distilroberta-base,4,1.0,6,86,48.0
local,distilroberta-base,distilroberta-base,4,1.0,6,87,48.0
local,distilroberta-base,distilroberta-base,4,1.0,6,88,48.0
local,distilroberta-base,distilroberta-base,4,1.0,6,89,48.0
local,distilroberta-base,distilroberta-base,4,1.0,6,90,48.0
local,distilroberta-base,distilroberta-base,4,1.0,6,91,48.0
local,distilroberta-base,distilroberta-base,4,1.0,6,92,48.0
local,distilroberta-base,distilroberta-base,4,1.0,6,93,47.0
local,distilroberta-base,distilroberta-base,4,1.0,6,94,48.0
local,distilroberta-base,distilroberta-base,4,1.0,6,95,48.0
local,distilroberta-base,distilroberta-base,4,1.0,6,96,48.0
local,distilroberta-base,distilroberta-base,4,1.0,6,97,47.0
local,distilroberta-base,distilroberta-base,4,1.0,6,98,48.0
local,distilroberta-base,distilroberta-base,4,1.0,6,99,48.0
local,distilroberta-base,distilroberta-base,4,1.0,6,100,47.0
local,distilroberta-base,distilroberta-base,4,1.0,6,101,48.0
local,distilroberta-base,distilroberta-base,4,1.0,6,102,48.0
local,distilroberta-base,distilroberta-base,4,1.0,6,103,48.0
local,distilroberta-base,distilroberta-base,4,1.0,6,104,47.0
local,distilroberta-base,distilroberta-base,4,1.0,6,105,48.0
local,distilroberta-base,distilroberta-base,4,1.0,6,106,48.0
local,distilroberta-base,distilroberta-base,4,1.0,6,107,48.0
local,distilroberta-base,distilroberta-base,4,1.0,6,108,48.0
local,distilroberta-base,distilroberta-base,4,1.0,6,109,48.0
local,distilroberta-base,distilroberta-base,4,1.0,6,110,47.0
local,distilroberta-base,distilroberta-base,4,1.0,6,111,48.0
local,distilroberta-base,distilroberta-base,4,1.0,6,112,47.0
local,distilroberta-base,distilroberta-base,4,1.0,6,113,48.0
local,distilroberta-base,distilroberta-base,4,1.0,6,114,48.0
local,distilroberta-base,distilroberta-base,4,1.0,6,115,47.0
local,distilroberta-base,distilroberta-base,4,1.0,6,116,48.0
local,distilroberta-base,distilroberta-base,4,1.0,6,117,46.0
local,distilroberta-base,distilroberta-base,4,1.0,6,118,48.0
local,distilroberta-base,distilroberta-base,4,1.0,6,119,48.0
local,distilroberta-base,distilroberta-base,4,1.0,6,120,48.0
local,distilroberta-base,distilroberta-base,4,1.0,7,0,1.0
local,distilroberta-base,distilroberta-base,4,1.0,7,1,3.0
local,distilroberta-base,distilroberta-base,4,1.0,7,2,8.0
local,distilroberta-base,distilroberta-base,4,1.0,7,3,12.0
local,distilroberta-base,distilroberta-base,4,1.0,7,4,13.0
local,distilroberta-base,distilroberta-base,4,1.0,7,5,14.0
local,distilroberta-base,distilroberta-base,4,1.0,7,6,17.0
local,distilroberta-base,distilroberta-base,4,1.0,7,7,24.0
local,distilroberta-base,distilroberta-base,4,1.0,7,8,24.0
local,distilroberta-base,distilroberta-base,4,1.0,7,9,28.0
local,distilroberta-base,distilroberta-base,4,1.0,7,10,36.0
local,distilroberta-base,distilroberta-base,4,1.0,7,11,42.0
local,distilroberta-base,distilroberta-base,4,1.0,7,12,43.0
local,distilroberta-base,distilroberta-base,4,1.0,7,13,45.0
local,distilroberta-base,distilroberta-base,4,1.0,7,14,44.0
local,distilroberta-base,distilroberta-base,4,1.0,7,15,45.0
local,distilroberta-base,distilroberta-base,4,1.0,7,16,47.0
local,distilroberta-base,distilroberta-base,4,1.0,7,17,44.0
local,distilroberta-base,distilroberta-base,4,1.0,7,18,45.0
local,distilroberta-base,distilroberta-base,4,1.0,7,19,43.0
local,distilroberta-base,distilroberta-base,4,1.0,7,20,41.0
local,distilroberta-base,distilroberta-base,4,1.0,7,21,46.0
local,distilroberta-base,distilroberta-base,4,1.0,7,22,44.0
local,distilroberta-base,distilroberta-base,4,1.0,7,23,47.0
local,distilroberta-base,distilroberta-base,4,1.0,7,24,42.0
local,distilroberta-base,distilroberta-base,4,1.0,7,25,43.0
local,distilroberta-base,distilroberta-base,4,1.0,7,26,44.0
local,distilroberta-base,distilroberta-base,4,1.0,7,27,45.0
local,distilroberta-base,distilroberta-base,4,1.0,7,28,46.0
local,distilroberta-base,distilroberta-base,4,1.0,7,29,45.0
local,distilroberta-base,distilroberta-base,4,1.0,7,30,44.0
local,distilroberta-base,distilroberta-base,4,1.0,7,31,45.0
local,distilroberta-base,distilroberta-base,4,1.0,7,32,48.0
local,distilroberta-base,distilroberta-base,4,1.0,7,33,46.0
local,distilroberta-base,distilroberta-base,4,1.0,7,34,47.0
local,distilroberta-base,distilroberta-base,4,1.0,7,35,47.0
local,distilroberta-base,distilroberta-base,4,1.0,7,36,47.0
local,distilroberta-base,distilroberta-base,4,1.0,7,37,46.0
local,distilroberta-base,distilroberta-base,4,1.0,7,38,48.0
local,distilroberta-base,distilroberta-base,4,1.0,7,39,46.0
local,distilroberta-base,distilroberta-base,4,1.0,7,40,47.0
local,distilroberta-base,distilroberta-base,4,1.0,7,41,47.0
local,distilroberta-base,distilroberta-base,4,1.0,7,42,48.0
local,distilroberta-base,distilroberta-base,4,1.0,7,43,48.0
local,distilroberta-base,distilroberta-base,4,1.0,7,44,48.0
local,distilroberta-base,distilroberta-base,4,1.0,7,45,48.0
local,distilroberta-base,distilroberta-base,4,1.0,7,46,47.0
local,distilroberta-base,distilroberta-base,4,1.0,7,47,48.0
local,distilroberta-base,distilroberta-base,4,1.0,7,48,48.0
local,distilroberta-base,distilroberta-base,4,1.0,7,49,48.0
local,distilroberta-base,distilroberta-base,4,1.0,7,50,48.0
local,distilroberta-base,distilroberta-base,4,1.0,7,51,48.0
local,distilroberta-base,distilroberta-base,4,1.0,7,52,47.0
local,distilroberta-base,distilroberta-base,4,1.0,7,53,48.0
local,distilroberta-base,distilroberta-base,4,1.0,7,54,47.0
local,distilroberta-base,distilroberta-base,4,1.0,7,55,47.0
local,distilroberta-base,distilroberta-base,4,1.0,7,56,48.0
local,distilroberta-base,distilroberta-base,4,1.0,7,57,48.0
local,distilroberta-base,distilroberta-base,4,1.0,7,58,48.0
local,distilroberta-base,distilroberta-base,4,1.0,7,59,48.0
local,distilroberta-base,distilroberta-base,4,1.0,7,60,48.0
local,distilroberta-base,distilroberta-base,4,1.0,7,61,47.0
local,distilroberta-base,distilroberta-base,4,1.0,7,62,48.0
local,distilroberta-base,distilroberta-base,4,1.0,7,63,48.0
local,distilroberta-base,distilroberta-base,4,1.0,7,64,47.0
local,distilroberta-base,distilroberta-base,4,1.0,7,65,48.0
local,distilroberta-base,distilroberta-base,4,1.0,7,66,48.0
local,distilroberta-base,distilroberta-base,4,1.0,7,67,48.0
local,distilroberta-base,distilroberta-base,4,1.0,7,68,48.0
local,distilroberta-base,distilroberta-base,4,1.0,7,69,47.0
local,distilroberta-base,distilroberta-base,4,1.0,7,70,48.0
local,distilroberta-base,distilroberta-base,4,1.0,7,71,47.0
local,distilroberta-base,distilroberta-base,4,1.0,7,72,48.0
local,distilroberta-base,distilroberta-base,4,1.0,7,73,48.0
local,distilroberta-base,distilroberta-base,4,1.0,7,74,48.0
local,distilroberta-base,distilroberta-base,4,1.0,7,75,47.0
local,distilroberta-base,distilroberta-base,4,1.0,7,76,48.0
local,distilroberta-base,distilroberta-base,4,1.0,7,77,48.0
local,distilroberta-base,distilroberta-base,4,1.0,7,78,48.0
local,distilroberta-base,distilroberta-base,4,1.0,7,79,48.0
local,distilroberta-base,distilroberta-base,4,1.0,7,80,48.0
local,distilroberta-base,distilroberta-base,4,1.0,7,81,48.0
local,distilroberta-base,distilroberta-base,4,1.0,7,82,48.0
local,distilroberta-base,distilroberta-base,4,1.0,7,83,48.0
local,distilroberta-base,distilroberta-base,4,1.0,7,84,48.0
local,distilroberta-base,distilroberta-base,4,1.0,7,85,48.0
local,distilroberta-base,distilroberta-base,4,1.0,7,86,48.0
local,distilroberta-base,distilroberta-base,4,1.0,7,87,48.0
local,distilroberta-base,distilroberta-base,4,1.0,7,88,48.0
local,distilroberta-base,distilroberta-base,4,1.0,7,89,48.0
local,distilroberta-base,distilroberta-base,4,1.0,7,90,48.0
local,distilroberta-base,distilroberta-base,4,1.0,7,91,48.0
local,distilroberta-base,distilroberta-base,4,1.0,7,92,48.0
local,distilroberta-base,distilroberta-base,4,1.0,7,93,48.0
local,distilroberta-base,distilroberta-base,4,1.0,7,94,48.0
local,distilroberta-base,distilroberta-base,4,1.0,7,95,48.0
local,distilroberta-base,distilroberta-base,4,1.0,7,96,48.0
local,distilroberta-base,distilroberta-base,4,1.0,7,97,48.0
local,distilroberta-base,distilroberta-base,4,1.0,7,98,48.0
local,distilroberta-base,distilroberta-base,4,1.0,7,99,48.0
local,distilroberta-base,distilroberta-base,4,1.0,7,100,48.0
local,distilroberta-base,distilroberta-base,4,1.0,7,101,48.0
local,distilroberta-base,distilroberta-base,4,1.0,7,102,48.0
local,distilroberta-base,distilroberta-base,4,1.0,7,103,48.0
local,distilroberta-base,distilroberta-base,4,1.0,7,104,48.0
local,distilroberta-base,distilroberta-base,4,1.0,7,105,48.0
local,distilroberta-base,distilroberta-base,4,1.0,7,106,48.0
local,distilroberta-base,distilroberta-base,4,1.0,7,107,48.0
local,distilroberta-base,distilroberta-base,4,1.0,7,108,48.0
local,distilroberta-base,distilroberta-base,4,1.0,7,109,48.0
local,distilroberta-base,distilroberta-base,4,1.0,7,110,48.0
local,distilroberta-base,distilroberta-base,4,1.0,7,111,48.0
local,distilroberta-base,distilroberta-base,4,1.0,7,112,48.0
local,distilroberta-base,distilroberta-base,4,1.0,7,113,48.0
local,distilroberta-base,distilroberta-base,4,1.0,7,114,48.0
local,distilroberta-base,distilroberta-base,4,1.0,7,115,48.0
local,distilroberta-base,distilroberta-base,4,1.0,7,116,48.0
local,distilroberta-base,distilroberta-base,4,1.0,7,117,48.0
local,distilroberta-base,distilroberta-base,4,1.0,7,118,48.0
local,distilroberta-base,distilroberta-base,4,1.0,7,119,48.0
local,distilroberta-base,distilroberta-base,4,1.0,7,120,48.0
local,distilroberta-base,distilroberta-base,4,1.0,8,0,1.0
local,distilroberta-base,distilroberta-base,4,1.0,8,1,0.0
local,distilroberta-base,distilroberta-base,4,1.0,8,2,0.0
local,distilroberta-base,distilroberta-base,4,1.0,8,3,0.0
local,distilroberta-base,distilroberta-base,4,1.0,8,4,0.0
local,distilroberta-base,distilroberta-base,4,1.0,8,5,0.0
local,distilroberta-base,distilroberta-base,4,1.0,8,6,0.0
local,distilroberta-base,distilroberta-base,4,1.0,8,7,0.0
local,distilroberta-base,distilroberta-base,4,1.0,8,8,0.0
local,distilroberta-base,distilroberta-base,4,1.0,8,9,0.0
local,distilroberta-base,distilroberta-base,4,1.0,8,10,0.0
local,distilroberta-base,distilroberta-base,4,1.0,8,11,0.0
local,distilroberta-base,distilroberta-base,4,1.0,8,12,0.0
local,distilroberta-base,distilroberta-base,4,1.0,8,13,0.0
local,distilroberta-base,distilroberta-base,4,1.0,8,14,0.0
local,distilroberta-base,distilroberta-base,4,1.0,8,15,0.0
local,distilroberta-base,distilroberta-base,4,1.0,8,16,0.0
local,distilroberta-base,distilroberta-base,4,1.0,8,17,0.0
local,distilroberta-base,distilroberta-base,4,1.0,8,18,0.0
local,distilroberta-base,distilroberta-base,4,1.0,8,19,0.0
local,distilroberta-base,distilroberta-base,4,1.0,8,20,0.0
local,distilroberta-base,distilroberta-base,4,1.0,8,21,0.0
local,distilroberta-base,distilroberta-base,4,1.0,8,22,0.0
local,distilroberta-base,distilroberta-base,4,1.0,8,23,0.0
local,distilroberta-base,distilroberta-base,4,1.0,8,24,0.0
local,distilroberta-base,distilroberta-base,4,1.0,8,25,0.0
local,distilroberta-base,distilroberta-base,4,1.0,8,26,0.0
local,distilroberta-base,distilroberta-base,4,1.0,8,27,0.0
local,distilroberta-base,distilroberta-base,4,1.0,8,28,0.0
local,distilroberta-base,distilroberta-base,4,1.0,8,29,0.0
local,distilroberta-base,distilroberta-base,4,1.0,8,30,0.0
local,distilroberta-base,distilroberta-base,4,1.0,8,31,0.0
local,distilroberta-base,distilroberta-base,4,1.0,8,32,0.0
local,distilroberta-base,distilroberta-base,4,1.0,8,33,0.0
local,distilroberta-base,distilroberta-base,4,1.0,8,34,0.0
local,distilroberta-base,distilroberta-base,4,1.0,8,35,0.0
local,distilroberta-base,distilroberta-base,4,1.0,8,36,0.0
local,distilroberta-base,distilroberta-base,4,1.0,8,37,0.0
local,distilroberta-base,distilroberta-base,4,1.0,8,38,0.0
local,distilroberta-base,distilroberta-base,4,1.0,8,39,0.0
local,distilroberta-base,distilroberta-base,4,1.0,8,40,0.0
local,distilroberta-base,distilroberta-base,4,1.0,8,41,0.0
local,distilroberta-base,distilroberta-base,4,1.0,8,42,0.0
local,distilroberta-base,distilroberta-base,4,1.0,8,43,0.0
local,distilroberta-base,distilroberta-base,4,1.0,8,44,0.0
local,distilroberta-base,distilroberta-base,4,1.0,8,45,0.0
local,distilroberta-base,distilroberta-base,4,1.0,8,46,0.0
local,distilroberta-base,distilroberta-base,4,1.0,8,47,0.0
local,distilroberta-base,distilroberta-base,4,1.0,8,48,0.0
local,distilroberta-base,distilroberta-base,4,1.0,8,49,0.0
local,distilroberta-base,distilroberta-base,4,1.0,8,50,0.0
local,distilroberta-base,distilroberta-base,4,1.0,8,51,0.0
local,distilroberta-base,distilroberta-base,4,1.0,8,52,0.0
local,distilroberta-base,distilroberta-base,4,1.0,8,53,0.0
local,distilroberta-base,distilroberta-base,4,1.0,8,54,0.0
local,distilroberta-base,distilroberta-base,4,1.0,8,55,0.0
local,distilroberta-base,distilroberta-base,4,1.0,8,56,0.0
local,distilroberta-base,distilroberta-base,4,1.0,8,57,0.0
local,distilroberta-base,distilroberta-base,4,1.0,8,58,0.0
local,distilroberta-base,distilroberta-base,4,1.0,8,59,0.0
local,distilroberta-base,distilroberta-base,4,1.0,8,60,0.0
local,distilroberta-base,distilroberta-base,4,1.0,8,61,0.0
local,distilroberta-base,distilroberta-base,4,1.0,8,62,0.0
local,distilroberta-base,distilroberta-base,4,1.0,8,63,0.0
local,distilroberta-base,distilroberta-base,4,1.0,8,64,0.0
local,distilroberta-base,distilroberta-base,4,1.0,8,65,0.0
local,distilroberta-base,distilroberta-base,4,1.0,8,66,0.0
local,distilroberta-base,distilroberta-base,4,1.0,8,67,0.0
local,distilroberta-base,distilroberta-base,4,1.0,8,68,0.0
local,distilroberta-base,distilroberta-base,4,1.0,8,69,0.0
local,distilroberta-base,distilroberta-base,4,1.0,8,70,0.0
local,distilroberta-base,distilroberta-base,4,1.0,8,71,0.0
local,distilroberta-base,distilroberta-base,4,1.0,8,72,0.0
local,distilroberta-base,distilroberta-base,4,1.0,8,73,0.0
local,distilroberta-base,distilroberta-base,4,1.0,8,74,0.0
local,distilroberta-base,distilroberta-base,4,1.0,8,75,0.0
local,distilroberta-base,distilroberta-base,4,1.0,8,76,0.0
local,distilroberta-base,distilroberta-base,4,1.0,8,77,0.0
local,distilroberta-base,distilroberta-base,4,1.0,8,78,0.0
local,distilroberta-base,distilroberta-base,4,1.0,8,79,0.0
local,distilroberta-base,distilroberta-base,4,1.0,8,80,0.0
local,distilroberta-base,distilroberta-base,4,1.0,8,81,0.0
local,distilroberta-base,distilroberta-base,4,1.0,8,82,0.0
local,distilroberta-base,distilroberta-base,4,1.0,8,83,0.0
local,distilroberta-base,distilroberta-base,4,1.0,8,84,0.0
local,distilroberta-base,distilroberta-base,4,1.0,8,85,0.0
local,distilroberta-base,distilroberta-base,4,1.0,8,86,0.0
local,distilroberta-base,distilroberta-base,4,1.0,8,87,0.0
local,distilroberta-base,distilroberta-base,4,1.0,8,88,0.0
local,distilroberta-base,distilroberta-base,4,1.0,8,89,0.0
local,distilroberta-base,distilroberta-base,4,1.0,8,90,0.0
local,distilroberta-base,distilroberta-base,4,1.0,8,91,0.0
local,distilroberta-base,distilroberta-base,4,1.0,8,92,0.0
local,distilroberta-base,distilroberta-base,4,1.0,8,93,0.0
local,distilroberta-base,distilroberta-base,4,1.0,8,94,0.0
local,distilroberta-base,distilroberta-base,4,1.0,8,95,0.0
local,distilroberta-base,distilroberta-base,4,1.0,8,96,0.0
local,distilroberta-base,distilroberta-base,4,1.0,8,97,0.0
local,distilroberta-base,distilroberta-base,4,1.0,8,98,0.0
local,distilroberta-base,distilroberta-base,4,1.0,8,99,0.0
local,distilroberta-base,distilroberta-base,4,1.0,8,100,0.0
local,distilroberta-base,distilroberta-base,4,1.0,8,101,0.0
local,distilroberta-base,distilroberta-base,4,1.0,8,102,0.0
local,distilroberta-base,distilroberta-base,4,1.0,8,103,0.0
local,distilroberta-base,distilroberta-base,4,1.0,8,104,0.0
local,distilroberta-base,distilroberta-base,4,1.0,8,105,0.0
local,distilroberta-base,distilroberta-base,4,1.0,8,106,0.0
local,distilroberta-base,distilroberta-base,4,1.0,8,107,0.0
local,distilroberta-base,distilroberta-base,4,1.0,8,108,0.0
local,distilroberta-base,distilroberta-base,4,1.0,8,109,0.0
local,distilroberta-base,distilroberta-base,4,1.0,8,110,0.0
local,distilroberta-base,distilroberta-base,4,1.0,8,111,0.0
local,distilroberta-base,distilroberta-base,4,1.0,8,112,0.0
local,distilroberta-base,distilroberta-base,4,1.0,8,113,0.0
local,distilroberta-base,distilroberta-base,4,1.0,8,114,0.0
local,distilroberta-base,distilroberta-base,4,1.0,8,115,0.0
local,distilroberta-base,distilroberta-base,4,1.0,8,116,0.0
local,distilroberta-base,distilroberta-base,4,1.0,8,117,0.0
local,distilroberta-base,distilroberta-base,4,1.0,8,118,0.0
local,distilroberta-base,distilroberta-base,4,1.0,8,119,0.0
local,distilroberta-base,distilroberta-base,4,1.0,8,120,0.0
local,distilroberta-base,distilroberta-base,4,1.0,9,0,1.0
local,distilroberta-base,distilroberta-base,4,1.0,9,1,4.0
local,distilroberta-base,distilroberta-base,4,1.0,9,2,8.0
local,distilroberta-base,distilroberta-base,4,1.0,9,3,13.0
local,distilroberta-base,distilroberta-base,4,1.0,9,4,20.0
local,distilroberta-base,distilroberta-base,4,1.0,9,5,25.0
local,distilroberta-base,distilroberta-base,4,1.0,9,6,28.0
local,distilroberta-base,distilroberta-base,4,1.0,9,7,34.0
local,distilroberta-base,distilroberta-base,4,1.0,9,8,37.0
local,distilroberta-base,distilroberta-base,4,1.0,9,9,42.0
local,distilroberta-base,distilroberta-base,4,1.0,9,10,44.0
local,distilroberta-base,distilroberta-base,4,1.0,9,11,47.0
local,distilroberta-base,distilroberta-base,4,1.0,9,12,47.0
local,distilroberta-base,distilroberta-base,4,1.0,9,13,44.0
local,distilroberta-base,distilroberta-base,4,1.0,9,14,47.0
local,distilroberta-base,distilroberta-base,4,1.0,9,15,47.0
local,distilroberta-base,distilroberta-base,4,1.0,9,16,47.0
local,distilroberta-base,distilroberta-base,4,1.0,9,17,48.0
local,distilroberta-base,distilroberta-base,4,1.0,9,18,48.0
local,distilroberta-base,distilroberta-base,4,1.0,9,19,48.0
local,distilroberta-base,distilroberta-base,4,1.0,9,20,48.0
local,distilroberta-base,distilroberta-base,4,1.0,9,21,48.0
local,distilroberta-base,distilroberta-base,4,1.0,9,22,48.0
local,distilroberta-base,distilroberta-base,4,1.0,9,23,48.0
local,distilroberta-base,distilroberta-base,4,1.0,9,24,47.0
local,distilroberta-base,distilroberta-base,4,1.0,9,25,48.0
local,distilroberta-base,distilroberta-base,4,1.0,9,26,47.0
local,distilroberta-base,distilroberta-base,4,1.0,9,27,48.0
local,distilroberta-base,distilroberta-base,4,1.0,9,28,47.0
local,distilroberta-base,distilroberta-base,4,1.0,9,29,48.0
local,distilroberta-base,distilroberta-base,4,1.0,9,30,47.0
local,distilroberta-base,distilroberta-base,4,1.0,9,31,47.0
local,distilroberta-base,distilroberta-base,4,1.0,9,32,48.0
local,distilroberta-base,distilroberta-base,4,1.0,9,33,48.0
local,distilroberta-base,distilroberta-base,4,1.0,9,34,46.0
local,distilroberta-base,distilroberta-base,4,1.0,9,35,47.0
local,distilroberta-base,distilroberta-base,4,1.0,9,36,45.0
local,distilroberta-base,distilroberta-base,4,1.0,9,37,46.0
local,distilroberta-base,distilroberta-base,4,1.0,9,38,45.0
local,distilroberta-base,distilroberta-base,4,1.0,9,39,45.0
local,distilroberta-base,distilroberta-base,4,1.0,9,40,46.0
local,distilroberta-base,distilroberta-base,4,1.0,9,41,44.0
local,distilroberta-base,distilroberta-base,4,1.0,9,42,45.0
local,distilroberta-base,distilroberta-base,4,1.0,9,43,45.0
local,distilroberta-base,distilroberta-base,4,1.0,9,44,46.0
local,distilroberta-base,distilroberta-base,4,1.0,9,45,46.0
local,distilroberta-base,distilroberta-base,4,1.0,9,46,47.0
local,distilroberta-base,distilroberta-base,4,1.0,9,47,47.0
local,distilroberta-base,distilroberta-base,4,1.0,9,48,45.0
local,distilroberta-base,distilroberta-base,4,1.0,9,49,47.0
local,distilroberta-base,distilroberta-base,4,1.0,9,50,47.0
local,distilroberta-base,distilroberta-base,4,1.0,9,51,48.0
local,distilroberta-base,distilroberta-base,4,1.0,9,52,45.0
local,distilroberta-base,distilroberta-base,4,1.0,9,53,42.0
local,distilroberta-base,distilroberta-base,4,1.0,9,54,46.0
local,distilroberta-base,distilroberta-base,4,1.0,9,55,46.0
local,distilroberta-base,distilroberta-base,4,1.0,9,56,48.0
local,distilroberta-base,distilroberta-base,4,1.0,9,57,48.0
local,distilroberta-base,distilroberta-base,4,1.0,9,58,46.0
local,distilroberta-base,distilroberta-base,4,1.0,9,59,46.0
local,distilroberta-base,distilroberta-base,4,1.0,9,60,48.0
local,distilroberta-base,distilroberta-base,4,1.0,9,61,48.0
local,distilroberta-base,distilroberta-base,4,1.0,9,62,47.0
local,distilroberta-base,distilroberta-base,4,1.0,9,63,48.0
local,distilroberta-base,distilroberta-base,4,1.0,9,64,48.0
local,distilroberta-base,distilroberta-base,4,1.0,9,65,48.0
local,distilroberta-base,distilroberta-base,4,1.0,9,66,45.0
local,distilroberta-base,distilroberta-base,4,1.0,9,67,48.0
local,distilroberta-base,distilroberta-base,4,1.0,9,68,48.0
local,distilroberta-base,distilroberta-base,4,1.0,9,69,47.0
local,distilroberta-base,distilroberta-base,4,1.0,9,70,48.0
local,distilroberta-base,distilroberta-base,4,1.0,9,71,47.0
local,distilroberta-base,distilroberta-base,4,1.0,9,72,47.0
local,distilroberta-base,distilroberta-base,4,1.0,9,73,48.0
local,distilroberta-base,distilroberta-base,4,1.0,9,74,48.0
local,distilroberta-base,distilroberta-base,4,1.0,9,75,47.0
local,distilroberta-base,distilroberta-base,4,1.0,9,76,47.0
local,distilroberta-base,distilroberta-base,4,1.0,9,77,48.0
local,distilroberta-base,distilroberta-base,4,1.0,9,78,45.0
local,distilroberta-base,distilroberta-base,4,1.0,9,79,48.0
local,distilroberta-base,distilroberta-base,4,1.0,9,80,48.0
local,distilroberta-base,distilroberta-base,4,1.0,9,81,48.0
local,distilroberta-base,distilroberta-base,4,1.0,9,82,48.0
local,distilroberta-base,distilroberta-base,4,1.0,9,83,48.0
local,distilroberta-base,distilroberta-base,4,1.0,9,84,48.0
local,distilroberta-base,distilroberta-base,4,1.0,9,85,48.0
local,distilroberta-base,distilroberta-base,4,1.0,9,86,48.0
local,distilroberta-base,distilroberta-base,4,1.0,9,87,48.0
local,distilroberta-base,distilroberta-base,4,1.0,9,88,48.0
local,distilroberta-base,distilroberta-base,4,1.0,9,89,48.0
local,distilroberta-base,distilroberta-base,4,1.0,9,90,48.0
local,distilroberta-base,distilroberta-base,4,1.0,9,91,48.0
local,distilroberta-base,distilroberta-base,4,1.0,9,92,48.0
local,distilroberta-base,distilroberta-base,4,1.0,9,93,48.0
local,distilroberta-base,distilroberta-base,4,1.0,9,94,48.0
local,distilroberta-base,distilroberta-base,4,1.0,9,95,47.0
local,distilroberta-base,distilroberta-base,4,1.0,9,96,48.0
local,distilroberta-base,distilroberta-base,4,1.0,9,97,48.0
local,distilroberta-base,distilroberta-base,4,1.0,9,98,48.0
local,distilroberta-base,distilroberta-base,4,1.0,9,99,48.0
local,distilroberta-base,distilroberta-base,4,1.0,9,100,48.0
local,distilroberta-base,distilroberta-base,4,1.0,9,101,48.0
local,distilroberta-base,distilroberta-base,4,1.0,9,102,48.0
local,distilroberta-base,distilroberta-base,4,1.0,9,103,47.0
local,distilroberta-base,distilroberta-base,4,1.0,9,104,48.0
local,distilroberta-base,distilroberta-base,4,1.0,9,105,48.0
local,distilroberta-base,distilroberta-base,4,1.0,9,106,48.0
local,distilroberta-base,distilroberta-base,4,1.0,9,107,48.0
local,distilroberta-base,distilroberta-base,4,1.0,9,108,48.0
local,distilroberta-base,distilroberta-base,4,1.0,9,109,47.0
local,distilroberta-base,distilroberta-base,4,1.0,9,110,48.0
local,distilroberta-base,distilroberta-base,4,1.0,9,111,48.0
local,distilroberta-base,distilroberta-base,4,1.0,9,112,48.0
local,distilroberta-base,distilroberta-base,4,1.0,9,113,48.0
local,distilroberta-base,distilroberta-base,4,1.0,9,114,48.0
local,distilroberta-base,distilroberta-base,4,1.0,9,115,48.0
local,distilroberta-base,distilroberta-base,4,1.0,9,116,48.0
local,distilroberta-base,distilroberta-base,4,1.0,9,117,48.0
local,distilroberta-base,distilroberta-base,4,1.0,9,118,48.0
local,distilroberta-base,distilroberta-base,4,1.0,9,119,48.0
local,distilroberta-base,distilroberta-base,4,1.0,9,120,48.0
local,distilroberta-base,distilroberta-base,4,1.0,10,0,1.0
local,distilroberta-base,distilroberta-base,4,1.0,10,1,3.0
local,distilroberta-base,distilroberta-base,4,1.0,10,2,5.0
local,distilroberta-base,distilroberta-base,4,1.0,10,3,13.0
local,distilroberta-base,distilroberta-base,4,1.0,10,4,12.0
local,distilroberta-base,distilroberta-base,4,1.0,10,5,16.0
local,distilroberta-base,distilroberta-base,4,1.0,10,6,19.0
local,distilroberta-base,distilroberta-base,4,1.0,10,7,29.0
local,distilroberta-base,distilroberta-base,4,1.0,10,8,31.0
local,distilroberta-base,distilroberta-base,4,1.0,10,9,35.0
local,distilroberta-base,distilroberta-base,4,1.0,10,10,42.0
local,distilroberta-base,distilroberta-base,4,1.0,10,11,43.0
local,distilroberta-base,distilroberta-base,4,1.0,10,12,46.0
local,distilroberta-base,distilroberta-base,4,1.0,10,13,43.0
local,distilroberta-base,distilroberta-base,4,1.0,10,14,41.0
local,distilroberta-base,distilroberta-base,4,1.0,10,15,43.0
local,distilroberta-base,distilroberta-base,4,1.0,10,16,43.0
local,distilroberta-base,distilroberta-base,4,1.0,10,17,43.0
local,distilroberta-base,distilroberta-base,4,1.0,10,18,41.0
local,distilroberta-base,distilroberta-base,4,1.0,10,19,44.0
local,distilroberta-base,distilroberta-base,4,1.0,10,20,45.0
local,distilroberta-base,distilroberta-base,4,1.0,10,21,47.0
local,distilroberta-base,distilroberta-base,4,1.0,10,22,48.0
local,distilroberta-base,distilroberta-base,4,1.0,10,23,46.0
local,distilroberta-base,distilroberta-base,4,1.0,10,24,45.0
local,distilroberta-base,distilroberta-base,4,1.0,10,25,45.0
local,distilroberta-base,distilroberta-base,4,1.0,10,26,45.0
local,distilroberta-base,distilroberta-base,4,1.0,10,27,46.0
local,distilroberta-base,distilroberta-base,4,1.0,10,28,46.0
local,distilroberta-base,distilroberta-base,4,1.0,10,29,45.0
local,distilroberta-base,distilroberta-base,4,1.0,10,30,45.0
local,distilroberta-base,distilroberta-base,4,1.0,10,31,46.0
local,distilroberta-base,distilroberta-base,4,1.0,10,32,46.0
local,distilroberta-base,distilroberta-base,4,1.0,10,33,45.0
local,distilroberta-base,distilroberta-base,4,1.0,10,34,46.0
local,distilroberta-base,distilroberta-base,4,1.0,10,35,48.0
local,distilroberta-base,distilroberta-base,4,1.0,10,36,45.0
local,distilroberta-base,distilroberta-base,4,1.0,10,37,43.0
local,distilroberta-base,distilroberta-base,4,1.0,10,38,46.0
local,distilroberta-base,distilroberta-base,4,1.0,10,39,46.0
local,distilroberta-base,distilroberta-base,4,1.0,10,40,43.0
local,distilroberta-base,distilroberta-base,4,1.0,10,41,44.0
local,distilroberta-base,distilroberta-base,4,1.0,10,42,45.0
local,distilroberta-base,distilroberta-base,4,1.0,10,43,42.0
local,distilroberta-base,distilroberta-base,4,1.0,10,44,44.0
local,distilroberta-base,distilroberta-base,4,1.0,10,45,43.0
local,distilroberta-base,distilroberta-base,4,1.0,10,46,42.0
local,distilroberta-base,distilroberta-base,4,1.0,10,47,44.0
local,distilroberta-base,distilroberta-base,4,1.0,10,48,47.0
local,distilroberta-base,distilroberta-base,4,1.0,10,49,39.0
local,distilroberta-base,distilroberta-base,4,1.0,10,50,42.0
local,distilroberta-base,distilroberta-base,4,1.0,10,51,44.0
local,distilroberta-base,distilroberta-base,4,1.0,10,52,44.0
local,distilroberta-base,distilroberta-base,4,1.0,10,53,42.0
local,distilroberta-base,distilroberta-base,4,1.0,10,54,43.0
local,distilroberta-base,distilroberta-base,4,1.0,10,55,42.0
local,distilroberta-base,distilroberta-base,4,1.0,10,56,44.0
local,distilroberta-base,distilroberta-base,4,1.0,10,57,47.0
local,distilroberta-base,distilroberta-base,4,1.0,10,58,46.0
local,distilroberta-base,distilroberta-base,4,1.0,10,59,46.0
local,distilroberta-base,distilroberta-base,4,1.0,10,60,42.0
local,distilroberta-base,distilroberta-base,4,1.0,10,61,46.0
local,distilroberta-base,distilroberta-base,4,1.0,10,62,45.0
local,distilroberta-base,distilroberta-base,4,1.0,10,63,46.0
local,distilroberta-base,distilroberta-base,4,1.0,10,64,45.0
local,distilroberta-base,distilroberta-base,4,1.0,10,65,46.0
local,distilroberta-base,distilroberta-base,4,1.0,10,66,47.0
local,distilroberta-base,distilroberta-base,4,1.0,10,67,45.0
local,distilroberta-base,distilroberta-base,4,1.0,10,68,45.0
local,distilroberta-base,distilroberta-base,4,1.0,10,69,47.0
local,distilroberta-base,distilroberta-base,4,1.0,10,70,46.0
local,distilroberta-base,distilroberta-base,4,1.0,10,71,45.0
local,distilroberta-base,distilroberta-base,4,1.0,10,72,47.0
local,distilroberta-base,distilroberta-base,4,1.0,10,73,46.0
local,distilroberta-base,distilroberta-base,4,1.0,10,74,44.0
local,distilroberta-base,distilroberta-base,4,1.0,10,75,47.0
local,distilroberta-base,distilroberta-base,4,1.0,10,76,41.0
local,distilroberta-base,distilroberta-base,4,1.0,10,77,46.0
local,distilroberta-base,distilroberta-base,4,1.0,10,78,46.0
local,distilroberta-base,distilroberta-base,4,1.0,10,79,44.0
local,distilroberta-base,distilroberta-base,4,1.0,10,80,43.0
local,distilroberta-base,distilroberta-base,4,1.0,10,81,44.0
local,distilroberta-base,distilroberta-base,4,1.0,10,82,45.0
local,distilroberta-base,distilroberta-base,4,1.0,10,83,45.0
local,distilroberta-base,distilroberta-base,4,1.0,10,84,46.0
local,distilroberta-base,distilroberta-base,4,1.0,10,85,46.0
local,distilroberta-base,distilroberta-base,4,1.0,10,86,47.0
local,distilroberta-base,distilroberta-base,4,1.0,10,87,46.0
local,distilroberta-base,distilroberta-base,4,1.0,10,88,42.0
local,distilroberta-base,distilroberta-base,4,1.0,10,89,45.0
local,distilroberta-base,distilroberta-base,4,1.0,10,90,45.0
local,distilroberta-base,distilroberta-base,4,1.0,10,91,46.0
local,distilroberta-base,distilroberta-base,4,1.0,10,92,44.0
local,distilroberta-base,distilroberta-base,4,1.0,10,93,44.0
local,distilroberta-base,distilroberta-base,4,1.0,10,94,44.0
local,distilroberta-base,distilroberta-base,4,1.0,10,95,48.0
local,distilroberta-base,distilroberta-base,4,1.0,10,96,45.0
local,distilroberta-base,distilroberta-base,4,1.0,10,97,46.0
local,distilroberta-base,distilroberta-base,4,1.0,10,98,47.0
local,distilroberta-base,distilroberta-base,4,1.0,10,99,45.0
local,distilroberta-base,distilroberta-base,4,1.0,10,100,43.0
local,distilroberta-base,distilroberta-base,4,1.0,10,101,44.0
local,distilroberta-base,distilroberta-base,4,1.0,10,102,46.0
local,distilroberta-base,distilroberta-base,4,1.0,10,103,48.0
local,distilroberta-base,distilroberta-base,4,1.0,10,104,42.0
local,distilroberta-base,distilroberta-base,4,1.0,10,105,41.0
local,distilroberta-base,distilroberta-base,4,1.0,10,106,42.0
local,distilroberta-base,distilroberta-base,4,1.0,10,107,42.0
local,distilroberta-base,distilroberta-base,4,1.0,10,108,44.0
local,distilroberta-base,distilroberta-base,4,1.0,10,109,46.0
local,distilroberta-base,distilroberta-base,4,1.0,10,110,48.0
local,distilroberta-base,distilroberta-base,4,1.0,10,111,45.0
local,distilroberta-base,distilroberta-base,4,1.0,10,112,44.0
local,distilroberta-base,distilroberta-base,4,1.0,10,113,43.0
local,distilroberta-base,distilroberta-base,4,1.0,10,114,46.0
local,distilroberta-base,distilroberta-base,4,1.0,10,115,47.0
local,distilroberta-base,distilroberta-base,4,1.0,10,116,45.0
local,distilroberta-base,distilroberta-base,4,1.0,10,117,46.0
local,distilroberta-base,distilroberta-base,4,1.0,10,118,45.0
local,distilroberta-base,distilroberta-base,4,1.0,10,119,47.0
local,distilroberta-base,distilroberta-base,4,1.0,10,120,47.0
local,distilroberta-base,distilroberta-base,4,1.0,11,0,1.0
local,distilroberta-base,distilroberta-base,4,1.0,11,1,5.0
local,distilroberta-base,distilroberta-base,4,1.0,11,2,7.0
local,distilroberta-base,distilroberta-base,4,1.0,11,3,17.0
local,distilroberta-base,distilroberta-base,4,1.0,11,4,20.0
local,distilroberta-base,distilroberta-base,4,1.0,11,5,23.0
local,distilroberta-base,distilroberta-base,4,1.0,11,6,26.0
local,distilroberta-base,distilroberta-base,4,1.0,11,7,28.0
local,distilroberta-base,distilroberta-base,4,1.0,11,8,32.0
local,distilroberta-base,distilroberta-base,4,1.0,11,9,36.0
local,distilroberta-base,distilroberta-base,4,1.0,11,10,40.0
local,distilroberta-base,distilroberta-base,4,1.0,11,11,44.0
local,distilroberta-base,distilroberta-base,4,1.0,11,12,42.0
local,distilroberta-base,distilroberta-base,4,1.0,11,13,45.0
local,distilroberta-base,distilroberta-base,4,1.0,11,14,48.0
local,distilroberta-base,distilroberta-base,4,1.0,11,15,46.0
local,distilroberta-base,distilroberta-base,4,1.0,11,16,47.0
local,distilroberta-base,distilroberta-base,4,1.0,11,17,48.0
local,distilroberta-base,distilroberta-base,4,1.0,11,18,46.0
local,distilroberta-base,distilroberta-base,4,1.0,11,19,47.0
local,distilroberta-base,distilroberta-base,4,1.0,11,20,48.0
local,distilroberta-base,distilroberta-base,4,1.0,11,21,47.0
local,distilroberta-base,distilroberta-base,4,1.0,11,22,46.0
local,distilroberta-base,distilroberta-base,4,1.0,11,23,44.0
local,distilroberta-base,distilroberta-base,4,1.0,11,24,48.0
local,distilroberta-base,distilroberta-base,4,1.0,11,25,46.0
local,distilroberta-base,distilroberta-base,4,1.0,11,26,48.0
local,distilroberta-base,distilroberta-base,4,1.0,11,27,48.0
local,distilroberta-base,distilroberta-base,4,1.0,11,28,48.0
local,distilroberta-base,distilroberta-base,4,1.0,11,29,48.0
local,distilroberta-base,distilroberta-base,4,1.0,11,30,48.0
local,distilroberta-base,distilroberta-base,4,1.0,11,31,48.0
local,distilroberta-base,distilroberta-base,4,1.0,11,32,48.0
local,distilroberta-base,distilroberta-base,4,1.0,11,33,48.0
local,distilroberta-base,distilroberta-base,4,1.0,11,34,48.0
local,distilroberta-base,distilroberta-base,4,1.0,11,35,48.0
local,distilroberta-base,distilroberta-base,4,1.0,11,36,48.0
local,distilroberta-base,distilroberta-base,4,1.0,11,37,48.0
local,distilroberta-base,distilroberta-base,4,1.0,11,38,48.0
local,distilroberta-base,distilroberta-base,4,1.0,11,39,48.0
local,distilroberta-base,distilroberta-base,4,1.0,11,40,48.0
local,distilroberta-base,distilroberta-base,4,1.0,11,41,48.0
local,distilroberta-base,distilroberta-base,4,1.0,11,42,48.0
local,distilroberta-base,distilroberta-base,4,1.0,11,43,48.0
local,distilroberta-base,distilroberta-base,4,1.0,11,44,48.0
local,distilroberta-base,distilroberta-base,4,1.0,11,45,48.0
local,distilroberta-base,distilroberta-base,4,1.0,11,46,48.0
local,distilroberta-base,distilroberta-base,4,1.0,11,47,48.0
local,distilroberta-base,distilroberta-base,4,1.0,11,48,48.0
local,distilroberta-base,distilroberta-base,4,1.0,11,49,48.0
local,distilroberta-base,distilroberta-base,4,1.0,11,50,48.0
local,distilroberta-base,distilroberta-base,4,1.0,11,51,48.0
local,distilroberta-base,distilroberta-base,4,1.0,11,52,48.0
local,distilroberta-base,distilroberta-base,4,1.0,11,53,48.0
local,distilroberta-base,distilroberta-base,4,1.0,11,54,48.0
local,distilroberta-base,distilroberta-base,4,1.0,11,55,48.0
local,distilroberta-base,distilroberta-base,4,1.0,11,56,48.0
local,distilroberta-base,distilroberta-base,4,1.0,11,57,48.0
local,distilroberta-base,distilroberta-base,4,1.0,11,58,48.0
local,distilroberta-base,distilroberta-base,4,1.0,11,59,48.0
local,distilroberta-base,distilroberta-base,4,1.0,11,60,48.0
local,distilroberta-base,distilroberta-base,4,1.0,11,61,48.0
local,distilroberta-base,distilroberta-base,4,1.0,11,62,48.0
local,distilroberta-base,distilroberta-base,4,1.0,11,63,48.0
local,distilroberta-base,distilroberta-base,4,1.0,11,64,48.0
local,distilroberta-base,distilroberta-base,4,1.0,11,65,48.0
local,distilroberta-base,distilroberta-base,4,1.0,11,66,48.0
local,distilroberta-base,distilroberta-base,4,1.0,11,67,48.0
local,distilroberta-base,distilroberta-base,4,1.0,11,68,48.0
local,distilroberta-base,distilroberta-base,4,1.0,11,69,48.0
local,distilroberta-base,distilroberta-base,4,1.0,11,70,48.0
local,distilroberta-base,distilroberta-base,4,1.0,11,71,48.0
local,distilroberta-base,distilroberta-base,4,1.0,11,72,48.0
local,distilroberta-base,distilroberta-base,4,1.0,11,73,48.0
local,distilroberta-base,distilroberta-base,4,1.0,11,74,48.0
local,distilroberta-base,distilroberta-base,4,1.0,11,75,48.0
local,distilroberta-base,distilroberta-base,4,1.0,11,76,48.0
local,distilroberta-base,distilroberta-base,4,1.0,11,77,48.0
local,distilroberta-base,distilroberta-base,4,1.0,11,78,48.0
local,distilroberta-base,distilroberta-base,4,1.0,11,79,48.0
local,distilroberta-base,distilroberta-base,4,1.0,11,80,48.0
local,distilroberta-base,distilroberta-base,4,1.0,11,81,48.0
local,distilroberta-base,distilroberta-base,4,1.0,11,82,48.0
local,distilroberta-base,distilroberta-base,4,1.0,11,83,48.0
local,distilroberta-base,distilroberta-base,4,1.0,11,84,48.0
local,distilroberta-base,distilroberta-base,4,1.0,11,85,48.0
local,distilroberta-base,distilroberta-base,4,1.0,11,86,48.0
local,distilroberta-base,distilroberta-base,4,1.0,11,87,48.0
local,distilroberta-base,distilroberta-base,4,1.0,11,88,48.0
local,distilroberta-base,distilroberta-base,4,1.0,11,89,48.0
local,distilroberta-base,distilroberta-base,4,1.0,11,90,48.0
local,distilroberta-base,distilroberta-base,4,1.0,11,91,48.0
local,distilroberta-base,distilroberta-base,4,1.0,11,92,48.0
local,distilroberta-base,distilroberta-base,4,1.0,11,93,48.0
local,distilroberta-base,distilroberta-base,4,1.0,11,94,48.0
local,distilroberta-base,distilroberta-base,4,1.0,11,95,48.0
local,distilroberta-base,distilroberta-base,4,1.0,11,96,48.0
local,distilroberta-base,distilroberta-base,4,1.0,11,97,48.0
local,distilroberta-base,distilroberta-base,4,1.0,11,98,48.0
local,distilroberta-base,distilroberta-base,4,1.0,11,99,48.0
local,distilroberta-base,distilroberta-base,4,1.0,11,100,48.0
local,distilroberta-base,distilroberta-base,4,1.0,11,101,48.0
local,distilroberta-base,distilroberta-base,4,1.0,11,102,48.0
local,distilroberta-base,distilroberta-base,4,1.0,11,103,48.0
local,distilroberta-base,distilroberta-base,4,1.0,11,104,48.0
local,distilroberta-base,distilroberta-base,4,1.0,11,105,48.0
local,distilroberta-base,distilroberta-base,4,1.0,11,106,48.0
local,distilroberta-base,distilroberta-base,4,1.0,11,107,48.0
local,distilroberta-base,distilroberta-base,4,1.0,11,108,48.0
local,distilroberta-base,distilroberta-base,4,1.0,11,109,48.0
local,distilroberta-base,distilroberta-base,4,1.0,11,110,48.0
local,distilroberta-base,distilroberta-base,4,1.0,11,111,48.0
local,distilroberta-base,distilroberta-base,4,1.0,11,112,48.0
local,distilroberta-base,distilroberta-base,4,1.0,11,113,48.0
local,distilroberta-base,distilroberta-base,4,1.0,11,114,48.0
local,distilroberta-base,distilroberta-base,4,1.0,11,115,48.0
local,distilroberta-base,distilroberta-base,4,1.0,11,116,48.0
local,distilroberta-base,distilroberta-base,4,1.0,11,117,48.0
local,distilroberta-base,distilroberta-base,4,1.0,11,118,48.0
local,distilroberta-base,distilroberta-base,4,1.0,11,119,48.0
local,distilroberta-base,distilroberta-base,4,1.0,11,120,48.0
local,distilroberta-base,distilroberta-base,4,1.0,12,0,1.0
local,distilroberta-base,distilroberta-base,4,1.0,12,1,8.0
local,distilroberta-base,distilroberta-base,4,1.0,12,2,12.0
local,distilroberta-base,distilroberta-base,4,1.0,12,3,16.0
local,distilroberta-base,distilroberta-base,4,1.0,12,4,21.0
local,distilroberta-base,distilroberta-base,4,1.0,12,5,28.0
local,distilroberta-base,distilroberta-base,4,1.0,12,6,32.0
local,distilroberta-base,distilroberta-base,4,1.0,12,7,37.0
local,distilroberta-base,distilroberta-base,4,1.0,12,8,40.0
local,distilroberta-base,distilroberta-base,4,1.0,12,9,42.0
local,distilroberta-base,distilroberta-base,4,1.0,12,10,46.0
local,distilroberta-base,distilroberta-base,4,1.0,12,11,47.0
local,distilroberta-base,distilroberta-base,4,1.0,12,12,47.0
local,distilroberta-base,distilroberta-base,4,1.0,12,13,46.0
local,distilroberta-base,distilroberta-base,4,1.0,12,14,48.0
local,distilroberta-base,distilroberta-base,4,1.0,12,15,48.0
local,distilroberta-base,distilroberta-base,4,1.0,12,16,48.0
local,distilroberta-base,distilroberta-base,4,1.0,12,17,47.0
local,distilroberta-base,distilroberta-base,4,1.0,12,18,47.0
local,distilroberta-base,distilroberta-base,4,1.0,12,19,48.0
local,distilroberta-base,distilroberta-base,4,1.0,12,20,47.0
local,distilroberta-base,distilroberta-base,4,1.0,12,21,48.0
local,distilroberta-base,distilroberta-base,4,1.0,12,22,48.0
local,distilroberta-base,distilroberta-base,4,1.0,12,23,48.0
local,distilroberta-base,distilroberta-base,4,1.0,12,24,48.0
local,distilroberta-base,distilroberta-base,4,1.0,12,25,48.0
local,distilroberta-base,distilroberta-base,4,1.0,12,26,48.0
local,distilroberta-base,distilroberta-base,4,1.0,12,27,48.0
local,distilroberta-base,distilroberta-base,4,1.0,12,28,47.0
local,distilroberta-base,distilroberta-base,4,1.0,12,29,48.0
local,distilroberta-base,distilroberta-base,4,1.0,12,30,48.0
local,distilroberta-base,distilroberta-base,4,1.0,12,31,48.0
local,distilroberta-base,distilroberta-base,4,1.0,12,32,48.0
local,distilroberta-base,distilroberta-base,4,1.0,12,33,48.0
local,distilroberta-base,distilroberta-base,4,1.0,12,34,48.0
local,distilroberta-base,distilroberta-base,4,1.0,12,35,48.0
local,distilroberta-base,distilroberta-base,4,1.0,12,36,48.0
local,distilroberta-base,distilroberta-base,4,1.0,12,37,48.0
local,distilroberta-base,distilroberta-base,4,1.0,12,38,48.0
local,distilroberta-base,distilroberta-base,4,1.0,12,39,48.0
local,distilroberta-base,distilroberta-base,4,1.0,12,40,47.0
local,distilroberta-base,distilroberta-base,4,1.0,12,41,48.0
local,distilroberta-base,distilroberta-base,4,1.0,12,42,48.0
local,distilroberta-base,distilroberta-base,4,1.0,12,43,48.0
local,distilroberta-base,distilroberta-base,4,1.0,12,44,47.0
local,distilroberta-base,distilroberta-base,4,1.0,12,45,48.0
local,distilroberta-base,distilroberta-base,4,1.0,12,46,48.0
local,distilroberta-base,distilroberta-base,4,1.0,12,47,48.0
local,distilroberta-base,distilroberta-base,4,1.0,12,48,47.0
local,distilroberta-base,distilroberta-base,4,1.0,12,49,48.0
local,distilroberta-base,distilroberta-base,4,1.0,12,50,48.0
local,distilroberta-base,distilroberta-base,4,1.0,12,51,48.0
local,distilroberta-base,distilroberta-base,4,1.0,12,52,48.0
local,distilroberta-base,distilroberta-base,4,1.0,12,53,48.0
local,distilroberta-base,distilroberta-base,4,1.0,12,54,48.0
local,distilroberta-base,distilroberta-base,4,1.0,12,55,47.0
local,distilroberta-base,distilroberta-base,4,1.0,12,56,48.0
local,distilroberta-base,distilroberta-base,4,1.0,12,57,47.0
local,distilroberta-base,distilroberta-base,4,1.0,12,58,48.0
local,distilroberta-base,distilroberta-base,4,1.0,12,59,47.0
local,distilroberta-base,distilroberta-base,4,1.0,12,60,48.0
local,distilroberta-base,distilroberta-base,4,1.0,12,61,46.0
local,distilroberta-base,distilroberta-base,4,1.0,12,62,48.0
local,distilroberta-base,distilroberta-base,4,1.0,12,63,48.0
local,distilroberta-base,distilroberta-base,4,1.0,12,64,48.0
local,distilroberta-base,distilroberta-base,4,1.0,12,65,47.0
local,distilroberta-base,distilroberta-base,4,1.0,12,66,48.0
local,distilroberta-base,distilroberta-base,4,1.0,12,67,47.0
local,distilroberta-base,distilroberta-base,4,1.0,12,68,48.0
local,distilroberta-base,distilroberta-base,4,1.0,12,69,48.0
local,distilroberta-base,distilroberta-base,4,1.0,12,70,48.0
local,distilroberta-base,distilroberta-base,4,1.0,12,71,47.0
local,distilroberta-base,distilroberta-base,4,1.0,12,72,48.0
local,distilroberta-base,distilroberta-base,4,1.0,12,73,48.0
local,distilroberta-base,distilroberta-base,4,1.0,12,74,48.0
local,distilroberta-base,distilroberta-base,4,1.0,12,75,48.0
local,distilroberta-base,distilroberta-base,4,1.0,12,76,48.0
local,distilroberta-base,distilroberta-base,4,1.0,12,77,48.0
local,distilroberta-base,distilroberta-base,4,1.0,12,78,48.0
local,distilroberta-base,distilroberta-base,4,1.0,12,79,48.0
local,distilroberta-base,distilroberta-base,4,1.0,12,80,48.0
local,distilroberta-base,distilroberta-base,4,1.0,12,81,48.0
local,distilroberta-base,distilroberta-base,4,1.0,12,82,48.0
local,distilroberta-base,distilroberta-base,4,1.0,12,83,48.0
local,distilroberta-base,distilroberta-base,4,1.0,12,84,48.0
local,distilroberta-base,distilroberta-base,4,1.0,12,85,48.0
local,distilroberta-base,distilroberta-base,4,1.0,12,86,48.0
local,distilroberta-base,distilroberta-base,4,1.0,12,87,48.0
local,distilroberta-base,distilroberta-base,4,1.0,12,88,48.0
local,distilroberta-base,distilroberta-base,4,1.0,12,89,48.0
local,distilroberta-base,distilroberta-base,4,1.0,12,90,48.0
local,distilroberta-base,distilroberta-base,4,1.0,12,91,48.0
local,distilroberta-base,distilroberta-base,4,1.0,12,92,48.0
local,distilroberta-base,distilroberta-base,4,1.0,12,93,47.0
local,distilroberta-base,distilroberta-base,4,1.0,12,94,48.0
local,distilroberta-base,distilroberta-base,4,1.0,12,95,48.0
local,distilroberta-base,distilroberta-base,4,1.0,12,96,48.0
local,distilroberta-base,distilroberta-base,4,1.0,12,97,48.0
local,distilroberta-base,distilroberta-base,4,1.0,12,98,48.0
local,distilroberta-base,distilroberta-base,4,1.0,12,99,48.0
local,distilroberta-base,distilroberta-base,4,1.0,12,100,48.0
local,distilroberta-base,distilroberta-base,4,1.0,12,101,48.0
local,distilroberta-base,distilroberta-base,4,1.0,12,102,48.0
local,distilroberta-base,distilroberta-base,4,1.0,12,103,48.0
local,distilroberta-base,distilroberta-base,4,1.0,12,104,48.0
local,distilroberta-base,distilroberta-base,4,1.0,12,105,48.0
local,distilroberta-base,distilroberta-base,4,1.0,12,106,48.0
local,distilroberta-base,distilroberta-base,4,1.0,12,107,48.0
local,distilroberta-base,distilroberta-base,4,1.0,12,108,48.0
local,distilroberta-base,distilroberta-base,4,1.0,12,109,48.0
local,distilroberta-base,distilroberta-base,4,1.0,12,110,48.0
local,distilroberta-base,distilroberta-base,4,1.0,12,111,48.0
local,distilroberta-base,distilroberta-base,4,1.0,12,112,48.0
local,distilroberta-base,distilroberta-base,4,1.0,12,113,48.0
local,distilroberta-base,distilroberta-base,4,1.0,12,114,47.0
local,distilroberta-base,distilroberta-base,4,1.0,12,115,47.0
local,distilroberta-base,distilroberta-base,4,1.0,12,116,48.0
local,distilroberta-base,distilroberta-base,4,1.0,12,117,48.0
local,distilroberta-base,distilroberta-base,4,1.0,12,118,48.0
local,distilroberta-base,distilroberta-base,4,1.0,12,119,48.0
local,distilroberta-base,distilroberta-base,4,1.0,12,120,48.0
local,distilroberta-base,distilroberta-base,4,1.0,13,0,1.0
local,distilroberta-base,distilroberta-base,4,1.0,13,1,2.0
local,distilroberta-base,distilroberta-base,4,1.0,13,2,6.0
local,distilroberta-base,distilroberta-base,4,1.0,13,3,8.0
local,distilroberta-base,distilroberta-base,4,1.0,13,4,13.0
local,distilroberta-base,distilroberta-base,4,1.0,13,5,16.0
local,distilroberta-base,distilroberta-base,4,1.0,13,6,19.0
local,distilroberta-base,distilroberta-base,4,1.0,13,7,25.0
local,distilroberta-base,distilroberta-base,4,1.0,13,8,28.0
local,distilroberta-base,distilroberta-base,4,1.0,13,9,32.0
local,distilroberta-base,distilroberta-base,4,1.0,13,10,33.0
local,distilroberta-base,distilroberta-base,4,1.0,13,11,39.0
local,distilroberta-base,distilroberta-base,4,1.0,13,12,43.0
local,distilroberta-base,distilroberta-base,4,1.0,13,13,45.0
local,distilroberta-base,distilroberta-base,4,1.0,13,14,44.0
local,distilroberta-base,distilroberta-base,4,1.0,13,15,44.0
local,distilroberta-base,distilroberta-base,4,1.0,13,16,43.0
local,distilroberta-base,distilroberta-base,4,1.0,13,17,43.0
local,distilroberta-base,distilroberta-base,4,1.0,13,18,47.0
local,distilroberta-base,distilroberta-base,4,1.0,13,19,48.0
local,distilroberta-base,distilroberta-base,4,1.0,13,20,44.0
local,distilroberta-base,distilroberta-base,4,1.0,13,21,46.0
local,distilroberta-base,distilroberta-base,4,1.0,13,22,47.0
local,distilroberta-base,distilroberta-base,4,1.0,13,23,47.0
local,distilroberta-base,distilroberta-base,4,1.0,13,24,46.0
local,distilroberta-base,distilroberta-base,4,1.0,13,25,45.0
local,distilroberta-base,distilroberta-base,4,1.0,13,26,48.0
local,distilroberta-base,distilroberta-base,4,1.0,13,27,47.0
local,distilroberta-base,distilroberta-base,4,1.0,13,28,48.0
local,distilroberta-base,distilroberta-base,4,1.0,13,29,47.0
local,distilroberta-base,distilroberta-base,4,1.0,13,30,46.0
local,distilroberta-base,distilroberta-base,4,1.0,13,31,45.0
local,distilroberta-base,distilroberta-base,4,1.0,13,32,47.0
local,distilroberta-base,distilroberta-base,4,1.0,13,33,46.0
local,distilroberta-base,distilroberta-base,4,1.0,13,34,47.0
local,distilroberta-base,distilroberta-base,4,1.0,13,35,48.0
local,distilroberta-base,distilroberta-base,4,1.0,13,36,48.0
local,distilroberta-base,distilroberta-base,4,1.0,13,37,48.0
local,distilroberta-base,distilroberta-base,4,1.0,13,38,48.0
local,distilroberta-base,distilroberta-base,4,1.0,13,39,48.0
local,distilroberta-base,distilroberta-base,4,1.0,13,40,47.0
local,distilroberta-base,distilroberta-base,4,1.0,13,41,48.0
local,distilroberta-base,distilroberta-base,4,1.0,13,42,47.0
local,distilroberta-base,distilroberta-base,4,1.0,13,43,48.0
local,distilroberta-base,distilroberta-base,4,1.0,13,44,48.0
local,distilroberta-base,distilroberta-base,4,1.0,13,45,47.0
local,distilroberta-base,distilroberta-base,4,1.0,13,46,47.0
local,distilroberta-base,distilroberta-base,4,1.0,13,47,48.0
local,distilroberta-base,distilroberta-base,4,1.0,13,48,48.0
local,distilroberta-base,distilroberta-base,4,1.0,13,49,48.0
local,distilroberta-base,distilroberta-base,4,1.0,13,50,48.0
local,distilroberta-base,distilroberta-base,4,1.0,13,51,48.0
local,distilroberta-base,distilroberta-base,4,1.0,13,52,48.0
local,distilroberta-base,distilroberta-base,4,1.0,13,53,48.0
local,distilroberta-base,distilroberta-base,4,1.0,13,54,48.0
local,distilroberta-base,distilroberta-base,4,1.0,13,55,48.0
local,distilroberta-base,distilroberta-base,4,1.0,13,56,48.0
local,distilroberta-base,distilroberta-base,4,1.0,13,57,48.0
local,distilroberta-base,distilroberta-base,4,1.0,13,58,48.0
local,distilroberta-base,distilroberta-base,4,1.0,13,59,47.0
local,distilroberta-base,distilroberta-base,4,1.0,13,60,48.0
local,distilroberta-base,distilroberta-base,4,1.0,13,61,47.0
local,distilroberta-base,distilroberta-base,4,1.0,13,62,48.0
local,distilroberta-base,distilroberta-base,4,1.0,13,63,48.0
local,distilroberta-base,distilroberta-base,4,1.0,13,64,48.0
local,distilroberta-base,distilroberta-base,4,1.0,13,65,48.0
local,distilroberta-base,distilroberta-base,4,1.0,13,66,48.0
local,distilroberta-base,distilroberta-base,4,1.0,13,67,48.0
local,distilroberta-base,distilroberta-base,4,1.0,13,68,48.0
local,distilroberta-base,distilroberta-base,4,1.0,13,69,48.0
local,distilroberta-base,distilroberta-base,4,1.0,13,70,48.0
local,distilroberta-base,distilroberta-base,4,1.0,13,71,48.0
local,distilroberta-base,distilroberta-base,4,1.0,13,72,48.0
local,distilroberta-base,distilroberta-base,4,1.0,13,73,48.0
local,distilroberta-base,distilroberta-base,4,1.0,13,74,48.0
local,distilroberta-base,distilroberta-base,4,1.0,13,75,48.0
local,distilroberta-base,distilroberta-base,4,1.0,13,76,48.0
local,distilroberta-base,distilroberta-base,4,1.0,13,77,47.0
local,distilroberta-base,distilroberta-base,4,1.0,13,78,47.0
local,distilroberta-base,distilroberta-base,4,1.0,13,79,48.0
local,distilroberta-base,distilroberta-base,4,1.0,13,80,48.0
local,distilroberta-base,distilroberta-base,4,1.0,13,81,48.0
local,distilroberta-base,distilroberta-base,4,1.0,13,82,48.0
local,distilroberta-base,distilroberta-base,4,1.0,13,83,48.0
local,distilroberta-base,distilroberta-base,4,1.0,13,84,48.0
local,distilroberta-base,distilroberta-base,4,1.0,13,85,48.0
local,distilroberta-base,distilroberta-base,4,1.0,13,86,48.0
local,distilroberta-base,distilroberta-base,4,1.0,13,87,48.0
local,distilroberta-base,distilroberta-base,4,1.0,13,88,48.0
local,distilroberta-base,distilroberta-base,4,1.0,13,89,48.0
local,distilroberta-base,distilroberta-base,4,1.0,13,90,48.0
local,distilroberta-base,distilroberta-base,4,1.0,13,91,48.0
local,distilroberta-base,distilroberta-base,4,1.0,13,92,48.0
local,distilroberta-base,distilroberta-base,4,1.0,13,93,48.0
local,distilroberta-base,distilroberta-base,4,1.0,13,94,48.0
local,distilroberta-base,distilroberta-base,4,1.0,13,95,48.0
local,distilroberta-base,distilroberta-base,4,1.0,13,96,48.0
local,distilroberta-base,distilroberta-base,4,1.0,13,97,48.0
local,distilroberta-base,distilroberta-base,4,1.0,13,98,48.0
local,distilroberta-base,distilroberta-base,4,1.0,13,99,48.0
local,distilroberta-base,distilroberta-base,4,1.0,13,100,48.0
local,distilroberta-base,distilroberta-base,4,1.0,13,101,48.0
local,distilroberta-base,distilroberta-base,4,1.0,13,102,48.0
local,distilroberta-base,distilroberta-base,4,1.0,13,103,48.0
local,distilroberta-base,distilroberta-base,4,1.0,13,104,48.0
local,distilroberta-base,distilroberta-base,4,1.0,13,105,48.0
local,distilroberta-base,distilroberta-base,4,1.0,13,106,48.0
local,distilroberta-base,distilroberta-base,4,1.0,13,107,48.0
local,distilroberta-base,distilroberta-base,4,1.0,13,108,48.0
local,distilroberta-base,distilroberta-base,4,1.0,13,109,48.0
local,distilroberta-base,distilroberta-base,4,1.0,13,110,48.0
local,distilroberta-base,distilroberta-base,4,1.0,13,111,48.0
local,distilroberta-base,distilroberta-base,4,1.0,13,112,48.0
local,distilroberta-base,distilroberta-base,4,1.0,13,113,48.0
local,distilroberta-base,distilroberta-base,4,1.0,13,114,48.0
local,distilroberta-base,distilroberta-base,4,1.0,13,115,48.0
local,distilroberta-base,distilroberta-base,4,1.0,13,116,48.0
local,distilroberta-base,distilroberta-base,4,1.0,13,117,48.0
local,distilroberta-base,distilroberta-base,4,1.0,13,118,48.0
local,distilroberta-base,distilroberta-base,4,1.0,13,119,48.0
local,distilroberta-base,distilroberta-base,4,1.0,13,120,48.0
local,distilroberta-base,distilroberta-base,4,1.0,14,0,1.0
local,distilroberta-base,distilroberta-base,4,1.0,14,1,3.0
local,distilroberta-base,distilroberta-base,4,1.0,14,2,3.0
local,distilroberta-base,distilroberta-base,4,1.0,14,3,7.0
local,distilroberta-base,distilroberta-base,4,1.0,14,4,15.0
local,distilroberta-base,distilroberta-base,4,1.0,14,5,15.0
local,distilroberta-base,distilroberta-base,4,1.0,14,6,19.0
local,distilroberta-base,distilroberta-base,4,1.0,14,7,22.0
local,distilroberta-base,distilroberta-base,4,1.0,14,8,27.0
local,distilroberta-base,distilroberta-base,4,1.0,14,9,33.0
local,distilroberta-base,distilroberta-base,4,1.0,14,10,39.0
local,distilroberta-base,distilroberta-base,4,1.0,14,11,43.0
local,distilroberta-base,distilroberta-base,4,1.0,14,12,41.0
local,distilroberta-base,distilroberta-base,4,1.0,14,13,44.0
local,distilroberta-base,distilroberta-base,4,1.0,14,14,43.0
local,distilroberta-base,distilroberta-base,4,1.0,14,15,45.0
local,distilroberta-base,distilroberta-base,4,1.0,14,16,42.0
local,distilroberta-base,distilroberta-base,4,1.0,14,17,45.0
local,distilroberta-base,distilroberta-base,4,1.0,14,18,47.0
local,distilroberta-base,distilroberta-base,4,1.0,14,19,45.0
local,distilroberta-base,distilroberta-base,4,1.0,14,20,44.0
local,distilroberta-base,distilroberta-base,4,1.0,14,21,43.0
local,distilroberta-base,distilroberta-base,4,1.0,14,22,47.0
local,distilroberta-base,distilroberta-base,4,1.0,14,23,47.0
local,distilroberta-base,distilroberta-base,4,1.0,14,24,43.0
local,distilroberta-base,distilroberta-base,4,1.0,14,25,43.0
local,distilroberta-base,distilroberta-base,4,1.0,14,26,46.0
local,distilroberta-base,distilroberta-base,4,1.0,14,27,47.0
local,distilroberta-base,distilroberta-base,4,1.0,14,28,45.0
local,distilroberta-base,distilroberta-base,4,1.0,14,29,46.0
local,distilroberta-base,distilroberta-base,4,1.0,14,30,47.0
local,distilroberta-base,distilroberta-base,4,1.0,14,31,48.0
local,distilroberta-base,distilroberta-base,4,1.0,14,32,47.0
local,distilroberta-base,distilroberta-base,4,1.0,14,33,48.0
local,distilroberta-base,distilroberta-base,4,1.0,14,34,48.0
local,distilroberta-base,distilroberta-base,4,1.0,14,35,48.0
local,distilroberta-base,distilroberta-base,4,1.0,14,36,48.0
local,distilroberta-base,distilroberta-base,4,1.0,14,37,48.0
local,distilroberta-base,distilroberta-base,4,1.0,14,38,48.0
local,distilroberta-base,distilroberta-base,4,1.0,14,39,47.0
local,distilroberta-base,distilroberta-base,4,1.0,14,40,48.0
local,distilroberta-base,distilroberta-base,4,1.0,14,41,48.0
local,distilroberta-base,distilroberta-base,4,1.0,14,42,47.0
local,distilroberta-base,distilroberta-base,4,1.0,14,43,47.0
local,distilroberta-base,distilroberta-base,4,1.0,14,44,48.0
local,distilroberta-base,distilroberta-base,4,1.0,14,45,47.0
local,distilroberta-base,distilroberta-base,4,1.0,14,46,48.0
local,distilroberta-base,distilroberta-base,4,1.0,14,47,48.0
local,distilroberta-base,distilroberta-base,4,1.0,14,48,47.0
local,distilroberta-base,distilroberta-base,4,1.0,14,49,47.0
local,distilroberta-base,distilroberta-base,4,1.0,14,50,48.0
local,distilroberta-base,distilroberta-base,4,1.0,14,51,46.0
local,distilroberta-base,distilroberta-base,4,1.0,14,52,48.0
local,distilroberta-base,distilroberta-base,4,1.0,14,53,48.0
local,distilroberta-base,distilroberta-base,4,1.0,14,54,48.0
local,distilroberta-base,distilroberta-base,4,1.0,14,55,47.0
local,distilroberta-base,distilroberta-base,4,1.0,14,56,47.0
local,distilroberta-base,distilroberta-base,4,1.0,14,57,48.0
local,distilroberta-base,distilroberta-base,4,1.0,14,58,47.0
local,distilroberta-base,distilroberta-base,4,1.0,14,59,48.0
local,distilroberta-base,distilroberta-base,4,1.0,14,60,47.0
local,distilroberta-base,distilroberta-base,4,1.0,14,61,47.0
local,distilroberta-base,distilroberta-base,4,1.0,14,62,48.0
local,distilroberta-base,distilroberta-base,4,1.0,14,63,47.0
local,distilroberta-base,distilroberta-base,4,1.0,14,64,48.0
local,distilroberta-base,distilroberta-base,4,1.0,14,65,48.0
local,distilroberta-base,distilroberta-base,4,1.0,14,66,47.0
local,distilroberta-base,distilroberta-base,4,1.0,14,67,47.0
local,distilroberta-base,distilroberta-base,4,1.0,14,68,47.0
local,distilroberta-base,distilroberta-base,4,1.0,14,69,48.0
local,distilroberta-base,distilroberta-base,4,1.0,14,70,48.0
local,distilroberta-base,distilroberta-base,4,1.0,14,71,48.0
local,distilroberta-base,distilroberta-base,4,1.0,14,72,47.0
local,distilroberta-base,distilroberta-base,4,1.0,14,73,48.0
local,distilroberta-base,distilroberta-base,4,1.0,14,74,48.0
local,distilroberta-base,distilroberta-base,4,1.0,14,75,48.0
local,distilroberta-base,distilroberta-base,4,1.0,14,76,48.0
local,distilroberta-base,distilroberta-base,4,1.0,14,77,48.0
local,distilroberta-base,distilroberta-base,4,1.0,14,78,48.0
local,distilroberta-base,distilroberta-base,4,1.0,14,79,48.0
local,distilroberta-base,distilroberta-base,4,1.0,14,80,48.0
local,distilroberta-base,distilroberta-base,4,1.0,14,81,48.0
local,distilroberta-base,distilroberta-base,4,1.0,14,82,48.0
local,distilroberta-base,distilroberta-base,4,1.0,14,83,48.0
local,distilroberta-base,distilroberta-base,4,1.0,14,84,48.0
local,distilroberta-base,distilroberta-base,4,1.0,14,85,48.0
local,distilroberta-base,distilroberta-base,4,1.0,14,86,48.0
local,distilroberta-base,distilroberta-base,4,1.0,14,87,48.0
local,distilroberta-base,distilroberta-base,4,1.0,14,88,48.0
local,distilroberta-base,distilroberta-base,4,1.0,14,89,48.0
local,distilroberta-base,distilroberta-base,4,1.0,14,90,48.0
local,distilroberta-base,distilroberta-base,4,1.0,14,91,48.0
local,distilroberta-base,distilroberta-base,4,1.0,14,92,48.0
local,distilroberta-base,distilroberta-base,4,1.0,14,93,48.0
local,distilroberta-base,distilroberta-base,4,1.0,14,94,48.0
local,distilroberta-base,distilroberta-base,4,1.0,14,95,48.0
local,distilroberta-base,distilroberta-base,4,1.0,14,96,48.0
local,distilroberta-base,distilroberta-base,4,1.0,14,97,48.0
local,distilroberta-base,distilroberta-base,4,1.0,14,98,48.0
local,distilroberta-base,distilroberta-base,4,1.0,14,99,48.0
local,distilroberta-base,distilroberta-base,4,1.0,14,100,48.0
local,distilroberta-base,distilroberta-base,4,1.0,14,101,48.0
local,distilroberta-base,distilroberta-base,4,1.0,14,102,48.0
local,distilroberta-base,distilroberta-base,4,1.0,14,103,48.0
local,distilroberta-base,distilroberta-base,4,1.0,14,104,48.0
local,distilroberta-base,distilroberta-base,4,1.0,14,105,48.0
local,distilroberta-base,distilroberta-base,4,1.0,14,106,48.0
local,distilroberta-base,distilroberta-base,4,1.0,14,107,48.0
local,distilroberta-base,distilroberta-base,4,1.0,14,108,48.0
local,distilroberta-base,distilroberta-base,4,1.0,14,109,48.0
local,distilroberta-base,distilroberta-base,4,1.0,14,110,48.0
local,distilroberta-base,distilroberta-base,4,1.0,14,111,48.0
local,distilroberta-base,distilroberta-base,4,1.0,14,112,48.0
local,distilroberta-base,distilroberta-base,4,1.0,14,113,48.0
local,distilroberta-base,distilroberta-base,4,1.0,14,114,48.0
local,distilroberta-base,distilroberta-base,4,1.0,14,115,48.0
local,distilroberta-base,distilroberta-base,4,1.0,14,116,48.0
local,distilroberta-base,distilroberta-base,4,1.0,14,117,47.0
local,distilroberta-base,distilroberta-base,4,1.0,14,118,48.0
local,distilroberta-base,distilroberta-base,4,1.0,14,119,48.0
local,distilroberta-base,distilroberta-base,4,1.0,14,120,47.0
local,distilroberta-base,distilroberta-base,4,1.0,15,0,1.0
local,distilroberta-base,distilroberta-base,4,1.0,15,1,1.0
local,distilroberta-base,distilroberta-base,4,1.0,15,2,2.0
local,distilroberta-base,distilroberta-base,4,1.0,15,3,3.0
local,distilroberta-base,distilroberta-base,4,1.0,15,4,7.0
local,distilroberta-base,distilroberta-base,4,1.0,15,5,11.0
local,distilroberta-base,distilroberta-base,4,1.0,15,6,18.0
local,distilroberta-base,distilroberta-base,4,1.0,15,7,21.0
local,distilroberta-base,distilroberta-base,4,1.0,15,8,29.0
local,distilroberta-base,distilroberta-base,4,1.0,15,9,29.0
local,distilroberta-base,distilroberta-base,4,1.0,15,10,27.0
local,distilroberta-base,distilroberta-base,4,1.0,15,11,33.0
local,distilroberta-base,distilroberta-base,4,1.0,15,12,35.0
local,distilroberta-base,distilroberta-base,4,1.0,15,13,41.0
local,distilroberta-base,distilroberta-base,4,1.0,15,14,43.0
local,distilroberta-base,distilroberta-base,4,1.0,15,15,43.0
local,distilroberta-base,distilroberta-base,4,1.0,15,16,44.0
local,distilroberta-base,distilroberta-base,4,1.0,15,17,46.0
local,distilroberta-base,distilroberta-base,4,1.0,15,18,46.0
local,distilroberta-base,distilroberta-base,4,1.0,15,19,44.0
local,distilroberta-base,distilroberta-base,4,1.0,15,20,43.0
local,distilroberta-base,distilroberta-base,4,1.0,15,21,46.0
local,distilroberta-base,distilroberta-base,4,1.0,15,22,47.0
local,distilroberta-base,distilroberta-base,4,1.0,15,23,47.0
local,distilroberta-base,distilroberta-base,4,1.0,15,24,47.0
local,distilroberta-base,distilroberta-base,4,1.0,15,25,47.0
local,distilroberta-base,distilroberta-base,4,1.0,15,26,46.0
local,distilroberta-base,distilroberta-base,4,1.0,15,27,47.0
local,distilroberta-base,distilroberta-base,4,1.0,15,28,47.0
local,distilroberta-base,distilroberta-base,4,1.0,15,29,48.0
local,distilroberta-base,distilroberta-base,4,1.0,15,30,47.0
local,distilroberta-base,distilroberta-base,4,1.0,15,31,46.0
local,distilroberta-base,distilroberta-base,4,1.0,15,32,48.0
local,distilroberta-base,distilroberta-base,4,1.0,15,33,46.0
local,distilroberta-base,distilroberta-base,4,1.0,15,34,46.0
local,distilroberta-base,distilroberta-base,4,1.0,15,35,48.0
local,distilroberta-base,distilroberta-base,4,1.0,15,36,47.0
local,distilroberta-base,distilroberta-base,4,1.0,15,37,48.0
local,distilroberta-base,distilroberta-base,4,1.0,15,38,48.0
local,distilroberta-base,distilroberta-base,4,1.0,15,39,48.0
local,distilroberta-base,distilroberta-base,4,1.0,15,40,48.0
local,distilroberta-base,distilroberta-base,4,1.0,15,41,48.0
local,distilroberta-base,distilroberta-base,4,1.0,15,42,48.0
local,distilroberta-base,distilroberta-base,4,1.0,15,43,48.0
local,distilroberta-base,distilroberta-base,4,1.0,15,44,48.0
local,distilroberta-base,distilroberta-base,4,1.0,15,45,48.0
local,distilroberta-base,distilroberta-base,4,1.0,15,46,48.0
local,distilroberta-base,distilroberta-base,4,1.0,15,47,48.0
local,distilroberta-base,distilroberta-base,4,1.0,15,48,47.0
local,distilroberta-base,distilroberta-base,4,1.0,15,49,46.0
local,distilroberta-base,distilroberta-base,4,1.0,15,50,47.0
local,distilroberta-base,distilroberta-base,4,1.0,15,51,48.0
local,distilroberta-base,distilroberta-base,4,1.0,15,52,48.0
local,distilroberta-base,distilroberta-base,4,1.0,15,53,47.0
local,distilroberta-base,distilroberta-base,4,1.0,15,54,48.0
local,distilroberta-base,distilroberta-base,4,1.0,15,55,48.0
local,distilroberta-base,distilroberta-base,4,1.0,15,56,48.0
local,distilroberta-base,distilroberta-base,4,1.0,15,57,48.0
local,distilroberta-base,distilroberta-base,4,1.0,15,58,48.0
local,distilroberta-base,distilroberta-base,4,1.0,15,59,48.0
local,distilroberta-base,distilroberta-base,4,1.0,15,60,48.0
local,distilroberta-base,distilroberta-base,4,1.0,15,61,48.0
local,distilroberta-base,distilroberta-base,4,1.0,15,62,48.0
local,distilroberta-base,distilroberta-base,4,1.0,15,63,48.0
local,distilroberta-base,distilroberta-base,4,1.0,15,64,48.0
local,distilroberta-base,distilroberta-base,4,1.0,15,65,48.0
local,distilroberta-base,distilroberta-base,4,1.0,15,66,48.0
local,distilroberta-base,distilroberta-base,4,1.0,15,67,48.0
local,distilroberta-base,distilroberta-base,4,1.0,15,68,48.0
local,distilroberta-base,distilroberta-base,4,1.0,15,69,48.0
local,distilroberta-base,distilroberta-base,4,1.0,15,70,48.0
local,distilroberta-base,distilroberta-base,4,1.0,15,71,48.0
local,distilroberta-base,distilroberta-base,4,1.0,15,72,48.0
local,distilroberta-base,distilroberta-base,4,1.0,15,73,48.0
local,distilroberta-base,distilroberta-base,4,1.0,15,74,48.0
local,distilroberta-base,distilroberta-base,4,1.0,15,75,48.0
local,distilroberta-base,distilroberta-base,4,1.0,15,76,48.0
local,distilroberta-base,distilroberta-base,4,1.0,15,77,48.0
local,distilroberta-base,distilroberta-base,4,1.0,15,78,48.0
local,distilroberta-base,distilroberta-base,4,1.0,15,79,48.0
local,distilroberta-base,distilroberta-base,4,1.0,15,80,48.0
local,distilroberta-base,distilroberta-base,4,1.0,15,81,48.0
local,distilroberta-base,distilroberta-base,4,1.0,15,82,48.0
local,distilroberta-base,distilroberta-base,4,1.0,15,83,48.0
local,distilroberta-base,distilroberta-base,4,1.0,15,84,47.0
local,distilroberta-base,distilroberta-base,4,1.0,15,85,48.0
local,distilroberta-base,distilroberta-base,4,1.0,15,86,48.0
local,distilroberta-base,distilroberta-base,4,1.0,15,87,48.0
local,distilroberta-base,distilroberta-base,4,1.0,15,88,48.0
local,distilroberta-base,distilroberta-base,4,1.0,15,89,48.0
local,distilroberta-base,distilroberta-base,4,1.0,15,90,48.0
local,distilroberta-base,distilroberta-base,4,1.0,15,91,48.0
local,distilroberta-base,distilroberta-base,4,1.0,15,92,48.0
local,distilroberta-base,distilroberta-base,4,1.0,15,93,48.0
local,distilroberta-base,distilroberta-base,4,1.0,15,94,48.0
local,distilroberta-base,distilroberta-base,4,1.0,15,95,48.0
local,distilroberta-base,distilroberta-base,4,1.0,15,96,48.0
local,distilroberta-base,distilroberta-base,4,1.0,15,97,48.0
local,distilroberta-base,distilroberta-base,4,1.0,15,98,48.0
local,distilroberta-base,distilroberta-base,4,1.0,15,99,48.0
local,distilroberta-base,distilroberta-base,4,1.0,15,100,48.0
local,distilroberta-base,distilroberta-base,4,1.0,15,101,48.0
local,distilroberta-base,distilroberta-base,4,1.0,15,102,48.0
local,distilroberta-base,distilroberta-base,4,1.0,15,103,48.0
local,distilroberta-base,distilroberta-base,4,1.0,15,104,48.0
local,distilroberta-base,distilroberta-base,4,1.0,15,105,48.0
local,distilroberta-base,distilroberta-base,4,1.0,15,106,48.0
local,distilroberta-base,distilroberta-base,4,1.0,15,107,48.0
local,distilroberta-base,distilroberta-base,4,1.0,15,108,48.0
local,distilroberta-base,distilroberta-base,4,1.0,15,109,48.0
local,distilroberta-base,distilroberta-base,4,1.0,15,110,48.0
local,distilroberta-base,distilroberta-base,4,1.0,15,111,48.0
local,distilroberta-base,distilroberta-base,4,1.0,15,112,48.0
local,distilroberta-base,distilroberta-base,4,1.0,15,113,48.0
local,distilroberta-base,distilroberta-base,4,1.0,15,114,48.0
local,distilroberta-base,distilroberta-base,4,1.0,15,115,48.0
local,distilroberta-base,distilroberta-base,4,1.0,15,116,48.0
local,distilroberta-base,distilroberta-base,4,1.0,15,117,48.0
local,distilroberta-base,distilroberta-base,4,1.0,15,118,48.0
local,distilroberta-base,distilroberta-base,4,1.0,15,119,48.0
local,distilroberta-base,distilroberta-base,4,1.0,15,120,48.0
